/*
 Navicat Premium Data Transfer

 Source Server         : 本地
 Source Server Type    : MySQL
 Source Server Version : 80030 (8.0.30)
 Source Host           : localhost:3306
 Source Schema         : auto_test_platform_db

 Target Server Type    : MySQL
 Target Server Version : 80030 (8.0.30)
 File Encoding         : 65001

 Date: 31/01/2024 15:11:40
*/

SET NAMES utf8mb4;
SET FOREIGN_KEY_CHECKS = 0;

-- ----------------------------
-- Table structure for caseinfo
-- ----------------------------
DROP TABLE IF EXISTS `caseinfo`;
CREATE TABLE `caseinfo`  (
  `caseId` int NOT NULL AUTO_INCREMENT COMMENT '用例ID',
  `caseName` varchar(255) CHARACTER SET utf8mb4 COLLATE utf8mb4_0900_ai_ci NULL DEFAULT NULL COMMENT '用例名称',
  `header` json NULL COMMENT '请求头',
  `param` json NULL COMMENT '请求参数',
  `interId` int NULL DEFAULT NULL COMMENT '接口id',
  `caseDesc` varchar(255) CHARACTER SET utf8mb4 COLLATE utf8mb4_0900_ai_ci NULL DEFAULT NULL COMMENT '描述',
  `user_id` int NULL DEFAULT NULL COMMENT '用户id',
  PRIMARY KEY (`caseId`) USING BTREE
) ENGINE = InnoDB AUTO_INCREMENT = 35 CHARACTER SET = utf8mb4 COLLATE = utf8mb4_0900_ai_ci ROW_FORMAT = Dynamic;

-- ----------------------------
-- Records of caseinfo
-- ----------------------------
INSERT INTO `caseinfo` VALUES (5, 'cc', '[{\"value\": \"f\", \"paramName\": \"d\"}]', '[{\"value\": \"f\", \"paramName\": \"d\"}]', 10, NULL, 1);
INSERT INTO `caseinfo` VALUES (12, 'er', '[{\"value\": \"fsa\", \"paramName\": \"dfd\"}]', '[{\"value\": \"ftgg\", \"paramName\": \"defe\"}, {\"value\": \"hgn\", \"paramName\": \"cvv\"}]', 10, NULL, 1);
INSERT INTO `caseinfo` VALUES (17, 'fg', '[]', '[{\"value\": \"w5\", \"paramName\": \"f\"}]', 10, NULL, 1);
INSERT INTO `caseinfo` VALUES (18, 'fg', '[]', '[{\"value\": \"w5\", \"paramName\": \"f\"}]', 10, NULL, 1);
INSERT INTO `caseinfo` VALUES (19, 'fg', '[]', '[{\"value\": \"w5\", \"paramName\": \"f\"}]', 10, NULL, 1);
INSERT INTO `caseinfo` VALUES (20, 'fg', '[]', '[{\"value\": \"w5\", \"paramName\": \"f\"}]', 10, NULL, 1);
INSERT INTO `caseinfo` VALUES (21, 'fg', '[]', '[{\"value\": \"w5\", \"paramName\": \"f\"}]', 10, NULL, 1);
INSERT INTO `caseinfo` VALUES (22, 'fg', '[]', '[{\"value\": \"w5\", \"paramName\": \"f\"}]', 10, NULL, 1);
INSERT INTO `caseinfo` VALUES (23, 'fg', '[]', '[{\"value\": \"w5\", \"paramName\": \"f\"}]', 10, NULL, 1);
INSERT INTO `caseinfo` VALUES (25, 'fg', '[]', '[{\"value\": \"w5\", \"paramName\": \"f\"}]', 10, NULL, 1);
INSERT INTO `caseinfo` VALUES (26, 'fg', '[]', '[{\"value\": \"w5\", \"paramName\": \"f\"}]', 10, NULL, 1);
INSERT INTO `caseinfo` VALUES (27, 'fg', '[]', '[{\"value\": \"w5\", \"paramName\": \"f\"}]', 10, NULL, 1);
INSERT INTO `caseinfo` VALUES (28, 'fg', '[]', '[{\"value\": \"w5\", \"paramName\": \"f\"}]', 10, NULL, 1);
INSERT INTO `caseinfo` VALUES (29, '测试用户登录', '[]', '[{\"value\": \"admin\", \"paramName\": \"username\"}, {\"value\": \"123456\", \"paramName\": \"password\"}]', 13, '管理员登录', 1);
INSERT INTO `caseinfo` VALUES (31, '测试查询用户列表', '[{\"value\": \"eyJhbGciOiJIUzI1NiJ9.eyJlbXBJZCI6MSwiZXhwIjoxNzA2NjgwNDAwfQ.kTIlqNTNevVdIHiKJtu8Le9B_jpCmPPjMGcCKMgHEuY\", \"paramName\": \"token\"}]', '[{\"value\": \"1\", \"paramName\": \"page\"}, {\"value\": \"1\", \"paramName\": \"pageSize\"}]', 21, NULL, 1);
INSERT INTO `caseinfo` VALUES (32, '测试新增地址', '[{\"value\": \"eyJhbGciOiJIUzI1NiJ9.eyJlbXBJZCI6MSwiZXhwIjoxNzA2NjgwNDAwfQ.kTIlqNTNevVdIHiKJtu8Le9B_jpCmPPjMGcCKMgHEuY\", \"paramName\": \"token\"}]', '[{\"value\": \"江西\", \"paramName\": \"detail\"}, {\"value\": \"1234\", \"paramName\": \"phone\"}, {\"value\": \"男\", \"paramName\": \"sex\"}, {\"value\": \"1\", \"paramName\": \"userId\"}]', 22, NULL, 1);
INSERT INTO `caseinfo` VALUES (33, '测试修改地址', '[]', '[{\"value\": \"湖南\", \"paramName\": \"detail\"}, {\"value\": \"7\", \"paramName\": \"id\"}, {\"value\": \"5678\", \"paramName\": \"phone\"}, {\"value\": \"女\", \"paramName\": \"sex\"}]', 23, NULL, 1);
INSERT INTO `caseinfo` VALUES (34, '测试删除地址', '[]', '[{\"value\": \"7\", \"paramName\": \"id\"}]', 24, NULL, 1);

-- ----------------------------
-- Table structure for environment
-- ----------------------------
DROP TABLE IF EXISTS `environment`;
CREATE TABLE `environment`  (
  `envirId` int NOT NULL AUTO_INCREMENT COMMENT '环境ID',
  `envirName` varchar(50) CHARACTER SET utf8mb4 COLLATE utf8mb4_0900_ai_ci NULL DEFAULT NULL COMMENT '环境名称',
  `envirUrl` varchar(255) CHARACTER SET utf8mb4 COLLATE utf8mb4_0900_ai_ci NULL DEFAULT NULL COMMENT '前置地址',
  `user_id` int NULL DEFAULT NULL COMMENT '用户id',
  PRIMARY KEY (`envirId`) USING BTREE
) ENGINE = InnoDB AUTO_INCREMENT = 18 CHARACTER SET = utf8mb4 COLLATE = utf8mb4_0900_ai_ci ROW_FORMAT = Dynamic;

-- ----------------------------
-- Records of environment
-- ----------------------------
INSERT INTO `environment` VALUES (1, NULL, NULL, NULL);
INSERT INTO `environment` VALUES (3, '苍穹外卖', 'test2', 1);
INSERT INTO `environment` VALUES (6, '12', '3', 1);
INSERT INTO `environment` VALUES (8, 'q', NULL, 1);
INSERT INTO `environment` VALUES (9, 'e', NULL, 1);
INSERT INTO `environment` VALUES (10, 'a', NULL, 1);
INSERT INTO `environment` VALUES (11, 'c', NULL, 1);
INSERT INTO `environment` VALUES (12, 'c', NULL, 1);
INSERT INTO `environment` VALUES (13, 'j', NULL, 1);
INSERT INTO `environment` VALUES (14, 'hh', NULL, 1);
INSERT INTO `environment` VALUES (17, '苍穹外卖', 'http://localhost:8088', 1);

-- ----------------------------
-- Table structure for gen_table
-- ----------------------------
DROP TABLE IF EXISTS `gen_table`;
CREATE TABLE `gen_table`  (
  `table_id` bigint NOT NULL AUTO_INCREMENT COMMENT '编号',
  `table_name` varchar(200) CHARACTER SET utf8mb4 COLLATE utf8mb4_0900_ai_ci NULL DEFAULT '' COMMENT '表名称',
  `table_comment` varchar(500) CHARACTER SET utf8mb4 COLLATE utf8mb4_0900_ai_ci NULL DEFAULT '' COMMENT '表描述',
  `sub_table_name` varchar(64) CHARACTER SET utf8mb4 COLLATE utf8mb4_0900_ai_ci NULL DEFAULT NULL COMMENT '关联子表的表名',
  `sub_table_fk_name` varchar(64) CHARACTER SET utf8mb4 COLLATE utf8mb4_0900_ai_ci NULL DEFAULT NULL COMMENT '子表关联的外键名',
  `class_name` varchar(100) CHARACTER SET utf8mb4 COLLATE utf8mb4_0900_ai_ci NULL DEFAULT '' COMMENT '实体类名称',
  `tpl_category` varchar(200) CHARACTER SET utf8mb4 COLLATE utf8mb4_0900_ai_ci NULL DEFAULT 'crud' COMMENT '使用的模板（crud单表操作 tree树表操作）',
  `tpl_web_type` varchar(30) CHARACTER SET utf8mb4 COLLATE utf8mb4_0900_ai_ci NULL DEFAULT '' COMMENT '前端模板类型（element-ui模版 element-plus模版）',
  `package_name` varchar(100) CHARACTER SET utf8mb4 COLLATE utf8mb4_0900_ai_ci NULL DEFAULT NULL COMMENT '生成包路径',
  `module_name` varchar(30) CHARACTER SET utf8mb4 COLLATE utf8mb4_0900_ai_ci NULL DEFAULT NULL COMMENT '生成模块名',
  `business_name` varchar(30) CHARACTER SET utf8mb4 COLLATE utf8mb4_0900_ai_ci NULL DEFAULT NULL COMMENT '生成业务名',
  `function_name` varchar(50) CHARACTER SET utf8mb4 COLLATE utf8mb4_0900_ai_ci NULL DEFAULT NULL COMMENT '生成功能名',
  `function_author` varchar(50) CHARACTER SET utf8mb4 COLLATE utf8mb4_0900_ai_ci NULL DEFAULT NULL COMMENT '生成功能作者',
  `gen_type` char(1) CHARACTER SET utf8mb4 COLLATE utf8mb4_0900_ai_ci NULL DEFAULT '0' COMMENT '生成代码方式（0zip压缩包 1自定义路径）',
  `gen_path` varchar(200) CHARACTER SET utf8mb4 COLLATE utf8mb4_0900_ai_ci NULL DEFAULT '/' COMMENT '生成路径（不填默认项目路径）',
  `options` varchar(1000) CHARACTER SET utf8mb4 COLLATE utf8mb4_0900_ai_ci NULL DEFAULT NULL COMMENT '其它生成选项',
  `create_by` varchar(64) CHARACTER SET utf8mb4 COLLATE utf8mb4_0900_ai_ci NULL DEFAULT '' COMMENT '创建者',
  `create_time` datetime NULL DEFAULT NULL COMMENT '创建时间',
  `update_by` varchar(64) CHARACTER SET utf8mb4 COLLATE utf8mb4_0900_ai_ci NULL DEFAULT '' COMMENT '更新者',
  `update_time` datetime NULL DEFAULT NULL COMMENT '更新时间',
  `remark` varchar(500) CHARACTER SET utf8mb4 COLLATE utf8mb4_0900_ai_ci NULL DEFAULT NULL COMMENT '备注',
  PRIMARY KEY (`table_id`) USING BTREE
) ENGINE = InnoDB AUTO_INCREMENT = 5 CHARACTER SET = utf8mb4 COLLATE = utf8mb4_0900_ai_ci COMMENT = '代码生成业务表' ROW_FORMAT = Dynamic;

-- ----------------------------
-- Records of gen_table
-- ----------------------------
INSERT INTO `gen_table` VALUES (1, 'environment', '环境', 'interinfo', 'envirId', 'Environment', 'sub', 'element-ui', 'com.zou.system', 'system', 'environment', '环境管理', 'zou', '0', 'D:\\2023下学期\\论文\\代码生成', '{}', 'admin', '2024-01-28 09:50:44', '', '2024-01-28 14:48:20', NULL);
INSERT INTO `gen_table` VALUES (2, 'interinfo', '接口', 'caseinfo', 'interId', 'Interinfo', 'sub', 'element-ui', 'com.zou.system', 'system', 'interinfo', '接口管理', 'zou', '0', '/', '{}', 'admin', '2024-01-28 09:53:34', '', '2024-01-28 11:22:48', NULL);
INSERT INTO `gen_table` VALUES (3, 'caseinfo', '用例', NULL, NULL, 'Caseinfo', 'crud', 'element-ui', 'com.zou.system', 'system', 'case', '用例管理', 'zou', '0', '/', '{}', 'admin', '2024-01-28 10:45:49', '', '2024-01-28 14:35:11', NULL);
INSERT INTO `gen_table` VALUES (4, 'testresult', '测试结果', NULL, NULL, 'Testresult', 'crud', 'element-ui', 'com.zou.system', 'system', 'testresult', '测试结果', 'zou', '0', '/', '{}', 'admin', '2024-01-28 11:15:13', '', '2024-01-30 09:13:02', NULL);

-- ----------------------------
-- Table structure for gen_table_column
-- ----------------------------
DROP TABLE IF EXISTS `gen_table_column`;
CREATE TABLE `gen_table_column`  (
  `column_id` bigint NOT NULL AUTO_INCREMENT COMMENT '编号',
  `table_id` bigint NULL DEFAULT NULL COMMENT '归属表编号',
  `column_name` varchar(200) CHARACTER SET utf8mb4 COLLATE utf8mb4_0900_ai_ci NULL DEFAULT NULL COMMENT '列名称',
  `column_comment` varchar(500) CHARACTER SET utf8mb4 COLLATE utf8mb4_0900_ai_ci NULL DEFAULT NULL COMMENT '列描述',
  `column_type` varchar(100) CHARACTER SET utf8mb4 COLLATE utf8mb4_0900_ai_ci NULL DEFAULT NULL COMMENT '列类型',
  `java_type` varchar(500) CHARACTER SET utf8mb4 COLLATE utf8mb4_0900_ai_ci NULL DEFAULT NULL COMMENT 'JAVA类型',
  `java_field` varchar(200) CHARACTER SET utf8mb4 COLLATE utf8mb4_0900_ai_ci NULL DEFAULT NULL COMMENT 'JAVA字段名',
  `is_pk` char(1) CHARACTER SET utf8mb4 COLLATE utf8mb4_0900_ai_ci NULL DEFAULT NULL COMMENT '是否主键（1是）',
  `is_increment` char(1) CHARACTER SET utf8mb4 COLLATE utf8mb4_0900_ai_ci NULL DEFAULT NULL COMMENT '是否自增（1是）',
  `is_required` char(1) CHARACTER SET utf8mb4 COLLATE utf8mb4_0900_ai_ci NULL DEFAULT NULL COMMENT '是否必填（1是）',
  `is_insert` char(1) CHARACTER SET utf8mb4 COLLATE utf8mb4_0900_ai_ci NULL DEFAULT NULL COMMENT '是否为插入字段（1是）',
  `is_edit` char(1) CHARACTER SET utf8mb4 COLLATE utf8mb4_0900_ai_ci NULL DEFAULT NULL COMMENT '是否编辑字段（1是）',
  `is_list` char(1) CHARACTER SET utf8mb4 COLLATE utf8mb4_0900_ai_ci NULL DEFAULT NULL COMMENT '是否列表字段（1是）',
  `is_query` char(1) CHARACTER SET utf8mb4 COLLATE utf8mb4_0900_ai_ci NULL DEFAULT NULL COMMENT '是否查询字段（1是）',
  `query_type` varchar(200) CHARACTER SET utf8mb4 COLLATE utf8mb4_0900_ai_ci NULL DEFAULT 'EQ' COMMENT '查询方式（等于、不等于、大于、小于、范围）',
  `html_type` varchar(200) CHARACTER SET utf8mb4 COLLATE utf8mb4_0900_ai_ci NULL DEFAULT NULL COMMENT '显示类型（文本框、文本域、下拉框、复选框、单选框、日期控件）',
  `dict_type` varchar(200) CHARACTER SET utf8mb4 COLLATE utf8mb4_0900_ai_ci NULL DEFAULT '' COMMENT '字典类型',
  `sort` int NULL DEFAULT NULL COMMENT '排序',
  `create_by` varchar(64) CHARACTER SET utf8mb4 COLLATE utf8mb4_0900_ai_ci NULL DEFAULT '' COMMENT '创建者',
  `create_time` datetime NULL DEFAULT NULL COMMENT '创建时间',
  `update_by` varchar(64) CHARACTER SET utf8mb4 COLLATE utf8mb4_0900_ai_ci NULL DEFAULT '' COMMENT '更新者',
  `update_time` datetime NULL DEFAULT NULL COMMENT '更新时间',
  PRIMARY KEY (`column_id`) USING BTREE
) ENGINE = InnoDB AUTO_INCREMENT = 34 CHARACTER SET = utf8mb4 COLLATE = utf8mb4_0900_ai_ci COMMENT = '代码生成业务表字段' ROW_FORMAT = Dynamic;

-- ----------------------------
-- Records of gen_table_column
-- ----------------------------
INSERT INTO `gen_table_column` VALUES (1, 1, 'envirId', '环境ID', 'int', 'Long', 'envirId', '1', '1', '0', '1', NULL, NULL, NULL, 'EQ', 'input', '', 1, 'admin', '2024-01-28 09:50:44', '', '2024-01-28 14:48:20');
INSERT INTO `gen_table_column` VALUES (2, 1, 'envirName', '环境名称', 'varchar(50)', 'String', 'envirName', '0', '0', '0', '1', '1', '1', '1', 'LIKE', 'input', '', 2, 'admin', '2024-01-28 09:50:44', '', '2024-01-28 14:48:20');
INSERT INTO `gen_table_column` VALUES (3, 1, 'envirUrl', '前置地址', 'varchar(255)', 'String', 'envirUrl', '0', '0', '0', '1', '1', '1', '1', 'LIKE', 'input', '', 3, 'admin', '2024-01-28 09:50:44', '', '2024-01-28 14:48:20');
INSERT INTO `gen_table_column` VALUES (4, 1, 'user_id', '用户id', 'int', 'Long', 'userId', '0', '0', '0', '1', '0', '0', '0', 'EQ', 'input', '', 4, 'admin', '2024-01-28 09:50:44', '', '2024-01-28 14:48:20');
INSERT INTO `gen_table_column` VALUES (5, 2, 'interId', '接口ID', 'int', 'Long', 'interId', '1', '1', '0', '1', NULL, NULL, NULL, 'EQ', 'input', '', 1, 'admin', '2024-01-28 09:53:34', '', '2024-01-28 11:22:49');
INSERT INTO `gen_table_column` VALUES (6, 2, 'interName', '接口名称', 'varchar(255)', 'String', 'interName', '0', '0', '0', '1', '1', '1', '1', 'LIKE', 'input', '', 2, 'admin', '2024-01-28 09:53:34', '', '2024-01-28 11:22:49');
INSERT INTO `gen_table_column` VALUES (7, 2, 'interUrl', '接口地址', 'varchar(255)', 'String', 'interUrl', '0', '0', '0', '1', '1', '1', '1', 'LIKE', 'input', '', 3, 'admin', '2024-01-28 09:53:34', '', '2024-01-28 11:22:49');
INSERT INTO `gen_table_column` VALUES (8, 2, 'method', '请求方式', 'varchar(255)', 'String', 'method', '0', '0', '0', '1', '1', '1', '1', 'EQ', 'input', '', 4, 'admin', '2024-01-28 09:53:34', '', '2024-01-28 11:22:49');
INSERT INTO `gen_table_column` VALUES (9, 2, 'paramType', '参数类型', 'varchar(255)', 'String', 'paramType', '0', '0', '0', '1', '1', '1', '1', 'EQ', 'select', '', 5, 'admin', '2024-01-28 09:53:34', '', '2024-01-28 11:22:49');
INSERT INTO `gen_table_column` VALUES (10, 2, 'envirId', '环境id', 'int', 'Long', 'envirId', '0', '0', '0', '1', '1', '1', '0', 'EQ', 'input', '', 6, 'admin', '2024-01-28 09:53:34', '', '2024-01-28 11:22:49');
INSERT INTO `gen_table_column` VALUES (11, 2, 'interComment', '备注', 'varchar(300)', 'String', 'interComment', '0', '0', '0', '1', '1', '1', '1', 'LIKE', 'textarea', '', 7, 'admin', '2024-01-28 09:53:34', '', '2024-01-28 11:22:49');
INSERT INTO `gen_table_column` VALUES (12, 2, 'user_id', '用户id', 'int', 'Long', 'userId', '0', '0', '0', '1', '0', '0', '0', 'EQ', 'input', '', 8, 'admin', '2024-01-28 09:53:34', '', '2024-01-28 11:22:49');
INSERT INTO `gen_table_column` VALUES (13, 3, 'caseId', '用例ID', 'int', 'Long', 'caseId', '1', '1', '0', '1', NULL, NULL, NULL, 'EQ', 'input', '', 1, 'admin', '2024-01-28 10:45:49', '', '2024-01-28 14:35:11');
INSERT INTO `gen_table_column` VALUES (14, 3, 'caseName', '用例名称', 'varchar(255)', 'String', 'caseName', '0', '0', '1', '1', '1', '1', '1', 'LIKE', 'input', '', 2, 'admin', '2024-01-28 10:45:49', '', '2024-01-28 14:35:11');
INSERT INTO `gen_table_column` VALUES (15, 3, 'header', '请求头', 'json', 'String', 'header', '0', '0', '0', '1', '1', '1', '0', 'EQ', 'textarea', '', 3, 'admin', '2024-01-28 10:45:49', '', '2024-01-28 14:35:11');
INSERT INTO `gen_table_column` VALUES (16, 3, 'param', '请求参数', 'json', 'String', 'param', '0', '0', '0', '1', '1', '1', '0', 'EQ', 'textarea', '', 4, 'admin', '2024-01-28 10:45:49', '', '2024-01-28 14:35:11');
INSERT INTO `gen_table_column` VALUES (17, 3, 'interId', '接口id', 'int', 'Long', 'interId', '0', '0', '0', '1', '1', '0', '0', 'EQ', 'input', '', 5, 'admin', '2024-01-28 10:45:49', '', '2024-01-28 14:35:11');
INSERT INTO `gen_table_column` VALUES (18, 3, 'caseDesc', '描述', 'varchar(255)', 'String', 'caseDesc', '0', '0', '0', '1', '1', '1', '0', 'LIKE', 'textarea', '', 6, 'admin', '2024-01-28 10:45:49', '', '2024-01-28 14:35:11');
INSERT INTO `gen_table_column` VALUES (19, 3, 'user_id', '用户id', 'int', 'Long', 'userId', '0', '0', '0', '1', '0', '0', '0', 'EQ', 'input', '', 7, 'admin', '2024-01-28 10:45:49', '', '2024-01-28 14:35:11');
INSERT INTO `gen_table_column` VALUES (20, 4, 'resultId', '结果ID', 'int', 'Long', 'resultId', '1', '1', '0', '1', NULL, NULL, NULL, 'EQ', 'input', '', 1, 'admin', '2024-01-28 11:15:13', '', '2024-01-30 09:13:02');
INSERT INTO `gen_table_column` VALUES (21, 4, 'interName', '接口名称', 'varchar(255)', 'String', 'interName', '0', '0', '0', '1', '1', '1', '1', 'LIKE', 'input', '', 3, 'admin', '2024-01-28 11:15:13', '', '2024-01-30 09:13:02');
INSERT INTO `gen_table_column` VALUES (22, 4, 'fullUrl', '请求地址', 'varchar(300)', 'String', 'fullUrl', '0', '0', '0', '1', '1', '1', '1', 'LIKE', 'input', '', 4, 'admin', '2024-01-28 11:15:13', '', '2024-01-30 09:13:02');
INSERT INTO `gen_table_column` VALUES (23, 4, 'method', '请求方式', 'varchar(255)', 'String', 'method', '0', '0', '0', '1', '1', '1', '1', 'EQ', 'input', '', 5, 'admin', '2024-01-28 11:15:13', '', '2024-01-30 09:13:02');
INSERT INTO `gen_table_column` VALUES (24, 4, 'paramType', '参数类型', 'varchar(255)', 'String', 'paramType', '0', '0', '0', '1', '1', '1', '1', 'EQ', 'select', '', 6, 'admin', '2024-01-28 11:15:13', '', '2024-01-30 09:13:02');
INSERT INTO `gen_table_column` VALUES (25, 4, 'envirName', '环境名称', 'varchar(255)', 'String', 'envirName', '0', '0', '0', '1', '1', '1', '1', 'LIKE', 'input', '', 7, 'admin', '2024-01-28 11:15:13', '', '2024-01-30 09:13:02');
INSERT INTO `gen_table_column` VALUES (26, 4, 'testComment', '备注', 'varchar(300)', 'String', 'testComment', '0', '0', '0', '1', '1', '1', '1', 'EQ', 'input', '', 8, 'admin', '2024-01-28 11:15:13', '', '2024-01-30 09:13:02');
INSERT INTO `gen_table_column` VALUES (27, 4, 'header', '请求头信息', 'json', 'String', 'header', '0', '0', '0', '1', '1', '1', '1', 'EQ', 'textarea', '', 9, 'admin', '2024-01-28 11:15:13', '', '2024-01-30 09:13:02');
INSERT INTO `gen_table_column` VALUES (28, 4, 'param', '请求参数信息', 'json', 'String', 'param', '0', '0', '0', '1', '1', '1', '1', 'EQ', 'textarea', '', 10, 'admin', '2024-01-28 11:15:13', '', '2024-01-30 09:13:02');
INSERT INTO `gen_table_column` VALUES (29, 4, 'resCode', '响应码', 'int', 'Long', 'resCode', '0', '0', '0', '1', '1', '1', '1', 'EQ', 'input', '', 11, 'admin', '2024-01-28 11:15:13', '', '2024-01-30 09:13:02');
INSERT INTO `gen_table_column` VALUES (30, 4, 'resBody', '响应内容', 'varchar(1000)', 'String', 'resBody', '0', '0', '0', '1', '1', '1', '1', 'EQ', 'textarea', '', 12, 'admin', '2024-01-28 11:15:13', '', '2024-01-30 09:13:02');
INSERT INTO `gen_table_column` VALUES (31, 4, 'testTime', '测试时间', 'timestamp', 'Date', 'testTime', '0', '0', '0', '1', '1', '1', '1', 'EQ', 'datetime', '', 13, 'admin', '2024-01-28 11:15:13', '', '2024-01-30 09:13:02');
INSERT INTO `gen_table_column` VALUES (32, 4, 'user_id', '用户id', 'int', 'Long', 'userId', '0', '0', '0', '1', '1', '1', '1', 'EQ', 'input', '', 14, 'admin', '2024-01-28 11:15:13', '', '2024-01-30 09:13:02');
INSERT INTO `gen_table_column` VALUES (33, 4, 'caseName', '用例名称', 'varchar(255)', 'String', 'caseName', '0', '0', '0', '1', '1', '1', '1', 'LIKE', 'input', '', 2, '', '2024-01-30 09:12:41', '', '2024-01-30 09:13:02');

-- ----------------------------
-- Table structure for interinfo
-- ----------------------------
DROP TABLE IF EXISTS `interinfo`;
CREATE TABLE `interinfo`  (
  `interId` int NOT NULL AUTO_INCREMENT COMMENT '接口ID',
  `interName` varchar(255) CHARACTER SET utf8mb4 COLLATE utf8mb4_0900_ai_ci NULL DEFAULT NULL COMMENT '接口名称',
  `interUrl` varchar(255) CHARACTER SET utf8mb4 COLLATE utf8mb4_0900_ai_ci NULL DEFAULT NULL COMMENT '接口地址',
  `method` varchar(255) CHARACTER SET utf8mb4 COLLATE utf8mb4_0900_ai_ci NULL DEFAULT NULL COMMENT '请求方式',
  `paramType` varchar(255) CHARACTER SET utf8mb4 COLLATE utf8mb4_0900_ai_ci NULL DEFAULT NULL COMMENT '参数类型',
  `envirId` int NULL DEFAULT NULL COMMENT '环境id',
  `interComment` varchar(300) CHARACTER SET utf8mb4 COLLATE utf8mb4_0900_ai_ci NULL DEFAULT NULL COMMENT '备注',
  `user_id` int NULL DEFAULT NULL COMMENT '用户id',
  PRIMARY KEY (`interId`) USING BTREE
) ENGINE = InnoDB AUTO_INCREMENT = 25 CHARACTER SET = utf8mb4 COLLATE = utf8mb4_0900_ai_ci ROW_FORMAT = Dynamic;

-- ----------------------------
-- Records of interinfo
-- ----------------------------
INSERT INTO `interinfo` VALUES (2, '123', NULL, NULL, NULL, NULL, '3', NULL);
INSERT INTO `interinfo` VALUES (3, '12', NULL, NULL, NULL, 2, NULL, NULL);
INSERT INTO `interinfo` VALUES (7, 'test1', 'qwe', 'POST', 'JSON', 9, NULL, 1);
INSERT INTO `interinfo` VALUES (10, '123', '123', 'POST', 'URL', 3, NULL, 1);
INSERT INTO `interinfo` VALUES (11, 'test4', 'asd', 'POST', 'FORM', 3, NULL, 1);
INSERT INTO `interinfo` VALUES (12, 'we', 'wdsf', 'DELETE', 'URL', 11, NULL, 1);
INSERT INTO `interinfo` VALUES (13, '用户登录', '/admin/employee/login', 'POST', 'JSON', 17, '会返回token', 1);
INSERT INTO `interinfo` VALUES (21, '查询用户列表', '/admin/employee/page', 'GET', 'URL', 17, '需要token', 1);
INSERT INTO `interinfo` VALUES (22, '新增地址', '/user/addressBook', 'POST', 'JSON', 17, NULL, 1);
INSERT INTO `interinfo` VALUES (23, '根据id修改地址', '/user/addressBook', 'PUT', 'JSON', 17, NULL, 1);
INSERT INTO `interinfo` VALUES (24, '根据id删除地址', '/user/addressBook', 'DELETE', 'URL', 17, NULL, 1);

-- ----------------------------
-- Table structure for sys_config
-- ----------------------------
DROP TABLE IF EXISTS `sys_config`;
CREATE TABLE `sys_config`  (
  `config_id` int NOT NULL AUTO_INCREMENT COMMENT '参数主键',
  `config_name` varchar(100) CHARACTER SET utf8mb4 COLLATE utf8mb4_0900_ai_ci NULL DEFAULT '' COMMENT '参数名称',
  `config_key` varchar(100) CHARACTER SET utf8mb4 COLLATE utf8mb4_0900_ai_ci NULL DEFAULT '' COMMENT '参数键名',
  `config_value` varchar(500) CHARACTER SET utf8mb4 COLLATE utf8mb4_0900_ai_ci NULL DEFAULT '' COMMENT '参数键值',
  `config_type` char(1) CHARACTER SET utf8mb4 COLLATE utf8mb4_0900_ai_ci NULL DEFAULT 'N' COMMENT '系统内置（Y是 N否）',
  `create_by` varchar(64) CHARACTER SET utf8mb4 COLLATE utf8mb4_0900_ai_ci NULL DEFAULT '' COMMENT '创建者',
  `create_time` datetime NULL DEFAULT NULL COMMENT '创建时间',
  `update_by` varchar(64) CHARACTER SET utf8mb4 COLLATE utf8mb4_0900_ai_ci NULL DEFAULT '' COMMENT '更新者',
  `update_time` datetime NULL DEFAULT NULL COMMENT '更新时间',
  `remark` varchar(500) CHARACTER SET utf8mb4 COLLATE utf8mb4_0900_ai_ci NULL DEFAULT NULL COMMENT '备注',
  PRIMARY KEY (`config_id`) USING BTREE
) ENGINE = InnoDB AUTO_INCREMENT = 100 CHARACTER SET = utf8mb4 COLLATE = utf8mb4_0900_ai_ci COMMENT = '参数配置表' ROW_FORMAT = Dynamic;

-- ----------------------------
-- Records of sys_config
-- ----------------------------
INSERT INTO `sys_config` VALUES (1, '主框架页-默认皮肤样式名称', 'sys.index.skinName', 'skin-blue', 'Y', 'admin', '2024-01-26 12:58:43', '', NULL, '蓝色 skin-blue、绿色 skin-green、紫色 skin-purple、红色 skin-red、黄色 skin-yellow');
INSERT INTO `sys_config` VALUES (2, '用户管理-账号初始密码', 'sys.user.initPassword', '123456', 'Y', 'admin', '2024-01-26 12:58:43', '', NULL, '初始化密码 123456');
INSERT INTO `sys_config` VALUES (3, '主框架页-侧边栏主题', 'sys.index.sideTheme', 'theme-dark', 'Y', 'admin', '2024-01-26 12:58:43', '', NULL, '深色主题theme-dark，浅色主题theme-light');
INSERT INTO `sys_config` VALUES (4, '账号自助-验证码开关', 'sys.account.captchaEnabled', 'false', 'Y', 'admin', '2024-01-26 12:58:43', '', NULL, '是否开启验证码功能（true开启，false关闭）');
INSERT INTO `sys_config` VALUES (5, '账号自助-是否开启用户注册功能', 'sys.account.registerUser', 'false', 'Y', 'admin', '2024-01-26 12:58:43', '', NULL, '是否开启注册用户功能（true开启，false关闭）');
INSERT INTO `sys_config` VALUES (6, '用户登录-黑名单列表', 'sys.login.blackIPList', '', 'Y', 'admin', '2024-01-26 12:58:43', '', NULL, '设置登录IP黑名单限制，多个匹配项以;分隔，支持匹配（*通配、网段）');

-- ----------------------------
-- Table structure for sys_dept
-- ----------------------------
DROP TABLE IF EXISTS `sys_dept`;
CREATE TABLE `sys_dept`  (
  `dept_id` bigint NOT NULL AUTO_INCREMENT COMMENT '部门id',
  `parent_id` bigint NULL DEFAULT 0 COMMENT '父部门id',
  `ancestors` varchar(50) CHARACTER SET utf8mb4 COLLATE utf8mb4_0900_ai_ci NULL DEFAULT '' COMMENT '祖级列表',
  `dept_name` varchar(30) CHARACTER SET utf8mb4 COLLATE utf8mb4_0900_ai_ci NULL DEFAULT '' COMMENT '部门名称',
  `order_num` int NULL DEFAULT 0 COMMENT '显示顺序',
  `leader` varchar(20) CHARACTER SET utf8mb4 COLLATE utf8mb4_0900_ai_ci NULL DEFAULT NULL COMMENT '负责人',
  `phone` varchar(11) CHARACTER SET utf8mb4 COLLATE utf8mb4_0900_ai_ci NULL DEFAULT NULL COMMENT '联系电话',
  `email` varchar(50) CHARACTER SET utf8mb4 COLLATE utf8mb4_0900_ai_ci NULL DEFAULT NULL COMMENT '邮箱',
  `status` char(1) CHARACTER SET utf8mb4 COLLATE utf8mb4_0900_ai_ci NULL DEFAULT '0' COMMENT '部门状态（0正常 1停用）',
  `del_flag` char(1) CHARACTER SET utf8mb4 COLLATE utf8mb4_0900_ai_ci NULL DEFAULT '0' COMMENT '删除标志（0代表存在 2代表删除）',
  `create_by` varchar(64) CHARACTER SET utf8mb4 COLLATE utf8mb4_0900_ai_ci NULL DEFAULT '' COMMENT '创建者',
  `create_time` datetime NULL DEFAULT NULL COMMENT '创建时间',
  `update_by` varchar(64) CHARACTER SET utf8mb4 COLLATE utf8mb4_0900_ai_ci NULL DEFAULT '' COMMENT '更新者',
  `update_time` datetime NULL DEFAULT NULL COMMENT '更新时间',
  PRIMARY KEY (`dept_id`) USING BTREE
) ENGINE = InnoDB AUTO_INCREMENT = 200 CHARACTER SET = utf8mb4 COLLATE = utf8mb4_0900_ai_ci COMMENT = '部门表' ROW_FORMAT = Dynamic;

-- ----------------------------
-- Records of sys_dept
-- ----------------------------
INSERT INTO `sys_dept` VALUES (100, 0, '0', '若依科技', 0, '若依', '15888888888', 'ry@qq.com', '0', '0', 'admin', '2024-01-26 12:58:43', '', NULL);
INSERT INTO `sys_dept` VALUES (101, 100, '0,100', '深圳总公司', 1, '若依', '15888888888', 'ry@qq.com', '0', '0', 'admin', '2024-01-26 12:58:43', '', NULL);
INSERT INTO `sys_dept` VALUES (102, 100, '0,100', '长沙分公司', 2, '若依', '15888888888', 'ry@qq.com', '0', '0', 'admin', '2024-01-26 12:58:43', '', NULL);
INSERT INTO `sys_dept` VALUES (103, 101, '0,100,101', '研发部门', 1, '若依', '15888888888', 'ry@qq.com', '0', '0', 'admin', '2024-01-26 12:58:43', '', NULL);
INSERT INTO `sys_dept` VALUES (104, 101, '0,100,101', '市场部门', 2, '若依', '15888888888', 'ry@qq.com', '0', '0', 'admin', '2024-01-26 12:58:43', '', NULL);
INSERT INTO `sys_dept` VALUES (105, 101, '0,100,101', '测试部门', 3, '若依', '15888888888', 'ry@qq.com', '0', '0', 'admin', '2024-01-26 12:58:43', '', NULL);
INSERT INTO `sys_dept` VALUES (106, 101, '0,100,101', '财务部门', 4, '若依', '15888888888', 'ry@qq.com', '0', '0', 'admin', '2024-01-26 12:58:43', '', NULL);
INSERT INTO `sys_dept` VALUES (107, 101, '0,100,101', '运维部门', 5, '若依', '15888888888', 'ry@qq.com', '0', '0', 'admin', '2024-01-26 12:58:43', '', NULL);
INSERT INTO `sys_dept` VALUES (108, 102, '0,100,102', '市场部门', 1, '若依', '15888888888', 'ry@qq.com', '0', '0', 'admin', '2024-01-26 12:58:43', '', NULL);
INSERT INTO `sys_dept` VALUES (109, 102, '0,100,102', '财务部门', 2, '若依', '15888888888', 'ry@qq.com', '0', '0', 'admin', '2024-01-26 12:58:43', '', NULL);

-- ----------------------------
-- Table structure for sys_dict_data
-- ----------------------------
DROP TABLE IF EXISTS `sys_dict_data`;
CREATE TABLE `sys_dict_data`  (
  `dict_code` bigint NOT NULL AUTO_INCREMENT COMMENT '字典编码',
  `dict_sort` int NULL DEFAULT 0 COMMENT '字典排序',
  `dict_label` varchar(100) CHARACTER SET utf8mb4 COLLATE utf8mb4_0900_ai_ci NULL DEFAULT '' COMMENT '字典标签',
  `dict_value` varchar(100) CHARACTER SET utf8mb4 COLLATE utf8mb4_0900_ai_ci NULL DEFAULT '' COMMENT '字典键值',
  `dict_type` varchar(100) CHARACTER SET utf8mb4 COLLATE utf8mb4_0900_ai_ci NULL DEFAULT '' COMMENT '字典类型',
  `css_class` varchar(100) CHARACTER SET utf8mb4 COLLATE utf8mb4_0900_ai_ci NULL DEFAULT NULL COMMENT '样式属性（其他样式扩展）',
  `list_class` varchar(100) CHARACTER SET utf8mb4 COLLATE utf8mb4_0900_ai_ci NULL DEFAULT NULL COMMENT '表格回显样式',
  `is_default` char(1) CHARACTER SET utf8mb4 COLLATE utf8mb4_0900_ai_ci NULL DEFAULT 'N' COMMENT '是否默认（Y是 N否）',
  `status` char(1) CHARACTER SET utf8mb4 COLLATE utf8mb4_0900_ai_ci NULL DEFAULT '0' COMMENT '状态（0正常 1停用）',
  `create_by` varchar(64) CHARACTER SET utf8mb4 COLLATE utf8mb4_0900_ai_ci NULL DEFAULT '' COMMENT '创建者',
  `create_time` datetime NULL DEFAULT NULL COMMENT '创建时间',
  `update_by` varchar(64) CHARACTER SET utf8mb4 COLLATE utf8mb4_0900_ai_ci NULL DEFAULT '' COMMENT '更新者',
  `update_time` datetime NULL DEFAULT NULL COMMENT '更新时间',
  `remark` varchar(500) CHARACTER SET utf8mb4 COLLATE utf8mb4_0900_ai_ci NULL DEFAULT NULL COMMENT '备注',
  PRIMARY KEY (`dict_code`) USING BTREE
) ENGINE = InnoDB AUTO_INCREMENT = 100 CHARACTER SET = utf8mb4 COLLATE = utf8mb4_0900_ai_ci COMMENT = '字典数据表' ROW_FORMAT = Dynamic;

-- ----------------------------
-- Records of sys_dict_data
-- ----------------------------
INSERT INTO `sys_dict_data` VALUES (1, 1, '男', '0', 'sys_user_sex', '', '', 'Y', '0', 'admin', '2024-01-26 12:58:43', '', NULL, '性别男');
INSERT INTO `sys_dict_data` VALUES (2, 2, '女', '1', 'sys_user_sex', '', '', 'N', '0', 'admin', '2024-01-26 12:58:43', '', NULL, '性别女');
INSERT INTO `sys_dict_data` VALUES (3, 3, '未知', '2', 'sys_user_sex', '', '', 'N', '0', 'admin', '2024-01-26 12:58:43', '', NULL, '性别未知');
INSERT INTO `sys_dict_data` VALUES (4, 1, '显示', '0', 'sys_show_hide', '', 'primary', 'Y', '0', 'admin', '2024-01-26 12:58:43', '', NULL, '显示菜单');
INSERT INTO `sys_dict_data` VALUES (5, 2, '隐藏', '1', 'sys_show_hide', '', 'danger', 'N', '0', 'admin', '2024-01-26 12:58:43', '', NULL, '隐藏菜单');
INSERT INTO `sys_dict_data` VALUES (6, 1, '正常', '0', 'sys_normal_disable', '', 'primary', 'Y', '0', 'admin', '2024-01-26 12:58:43', '', NULL, '正常状态');
INSERT INTO `sys_dict_data` VALUES (7, 2, '停用', '1', 'sys_normal_disable', '', 'danger', 'N', '0', 'admin', '2024-01-26 12:58:43', '', NULL, '停用状态');
INSERT INTO `sys_dict_data` VALUES (8, 1, '正常', '0', 'sys_job_status', '', 'primary', 'Y', '0', 'admin', '2024-01-26 12:58:43', '', NULL, '正常状态');
INSERT INTO `sys_dict_data` VALUES (9, 2, '暂停', '1', 'sys_job_status', '', 'danger', 'N', '0', 'admin', '2024-01-26 12:58:43', '', NULL, '停用状态');
INSERT INTO `sys_dict_data` VALUES (10, 1, '默认', 'DEFAULT', 'sys_job_group', '', '', 'Y', '0', 'admin', '2024-01-26 12:58:43', '', NULL, '默认分组');
INSERT INTO `sys_dict_data` VALUES (11, 2, '系统', 'SYSTEM', 'sys_job_group', '', '', 'N', '0', 'admin', '2024-01-26 12:58:43', '', NULL, '系统分组');
INSERT INTO `sys_dict_data` VALUES (12, 1, '是', 'Y', 'sys_yes_no', '', 'primary', 'Y', '0', 'admin', '2024-01-26 12:58:43', '', NULL, '系统默认是');
INSERT INTO `sys_dict_data` VALUES (13, 2, '否', 'N', 'sys_yes_no', '', 'danger', 'N', '0', 'admin', '2024-01-26 12:58:43', '', NULL, '系统默认否');
INSERT INTO `sys_dict_data` VALUES (14, 1, '通知', '1', 'sys_notice_type', '', 'warning', 'Y', '0', 'admin', '2024-01-26 12:58:43', '', NULL, '通知');
INSERT INTO `sys_dict_data` VALUES (15, 2, '公告', '2', 'sys_notice_type', '', 'success', 'N', '0', 'admin', '2024-01-26 12:58:43', '', NULL, '公告');
INSERT INTO `sys_dict_data` VALUES (16, 1, '正常', '0', 'sys_notice_status', '', 'primary', 'Y', '0', 'admin', '2024-01-26 12:58:43', '', NULL, '正常状态');
INSERT INTO `sys_dict_data` VALUES (17, 2, '关闭', '1', 'sys_notice_status', '', 'danger', 'N', '0', 'admin', '2024-01-26 12:58:43', '', NULL, '关闭状态');
INSERT INTO `sys_dict_data` VALUES (18, 99, '其他', '0', 'sys_oper_type', '', 'info', 'N', '0', 'admin', '2024-01-26 12:58:43', '', NULL, '其他操作');
INSERT INTO `sys_dict_data` VALUES (19, 1, '新增', '1', 'sys_oper_type', '', 'info', 'N', '0', 'admin', '2024-01-26 12:58:43', '', NULL, '新增操作');
INSERT INTO `sys_dict_data` VALUES (20, 2, '修改', '2', 'sys_oper_type', '', 'info', 'N', '0', 'admin', '2024-01-26 12:58:43', '', NULL, '修改操作');
INSERT INTO `sys_dict_data` VALUES (21, 3, '删除', '3', 'sys_oper_type', '', 'danger', 'N', '0', 'admin', '2024-01-26 12:58:43', '', NULL, '删除操作');
INSERT INTO `sys_dict_data` VALUES (22, 4, '授权', '4', 'sys_oper_type', '', 'primary', 'N', '0', 'admin', '2024-01-26 12:58:43', '', NULL, '授权操作');
INSERT INTO `sys_dict_data` VALUES (23, 5, '导出', '5', 'sys_oper_type', '', 'warning', 'N', '0', 'admin', '2024-01-26 12:58:43', '', NULL, '导出操作');
INSERT INTO `sys_dict_data` VALUES (24, 6, '导入', '6', 'sys_oper_type', '', 'warning', 'N', '0', 'admin', '2024-01-26 12:58:43', '', NULL, '导入操作');
INSERT INTO `sys_dict_data` VALUES (25, 7, '强退', '7', 'sys_oper_type', '', 'danger', 'N', '0', 'admin', '2024-01-26 12:58:43', '', NULL, '强退操作');
INSERT INTO `sys_dict_data` VALUES (26, 8, '生成代码', '8', 'sys_oper_type', '', 'warning', 'N', '0', 'admin', '2024-01-26 12:58:43', '', NULL, '生成操作');
INSERT INTO `sys_dict_data` VALUES (27, 9, '清空数据', '9', 'sys_oper_type', '', 'danger', 'N', '0', 'admin', '2024-01-26 12:58:43', '', NULL, '清空操作');
INSERT INTO `sys_dict_data` VALUES (28, 1, '成功', '0', 'sys_common_status', '', 'primary', 'N', '0', 'admin', '2024-01-26 12:58:43', '', NULL, '正常状态');
INSERT INTO `sys_dict_data` VALUES (29, 2, '失败', '1', 'sys_common_status', '', 'danger', 'N', '0', 'admin', '2024-01-26 12:58:43', '', NULL, '停用状态');

-- ----------------------------
-- Table structure for sys_dict_type
-- ----------------------------
DROP TABLE IF EXISTS `sys_dict_type`;
CREATE TABLE `sys_dict_type`  (
  `dict_id` bigint NOT NULL AUTO_INCREMENT COMMENT '字典主键',
  `dict_name` varchar(100) CHARACTER SET utf8mb4 COLLATE utf8mb4_0900_ai_ci NULL DEFAULT '' COMMENT '字典名称',
  `dict_type` varchar(100) CHARACTER SET utf8mb4 COLLATE utf8mb4_0900_ai_ci NULL DEFAULT '' COMMENT '字典类型',
  `status` char(1) CHARACTER SET utf8mb4 COLLATE utf8mb4_0900_ai_ci NULL DEFAULT '0' COMMENT '状态（0正常 1停用）',
  `create_by` varchar(64) CHARACTER SET utf8mb4 COLLATE utf8mb4_0900_ai_ci NULL DEFAULT '' COMMENT '创建者',
  `create_time` datetime NULL DEFAULT NULL COMMENT '创建时间',
  `update_by` varchar(64) CHARACTER SET utf8mb4 COLLATE utf8mb4_0900_ai_ci NULL DEFAULT '' COMMENT '更新者',
  `update_time` datetime NULL DEFAULT NULL COMMENT '更新时间',
  `remark` varchar(500) CHARACTER SET utf8mb4 COLLATE utf8mb4_0900_ai_ci NULL DEFAULT NULL COMMENT '备注',
  PRIMARY KEY (`dict_id`) USING BTREE,
  UNIQUE INDEX `dict_type`(`dict_type` ASC) USING BTREE
) ENGINE = InnoDB AUTO_INCREMENT = 100 CHARACTER SET = utf8mb4 COLLATE = utf8mb4_0900_ai_ci COMMENT = '字典类型表' ROW_FORMAT = Dynamic;

-- ----------------------------
-- Records of sys_dict_type
-- ----------------------------
INSERT INTO `sys_dict_type` VALUES (1, '用户性别', 'sys_user_sex', '0', 'admin', '2024-01-26 12:58:43', '', NULL, '用户性别列表');
INSERT INTO `sys_dict_type` VALUES (2, '菜单状态', 'sys_show_hide', '0', 'admin', '2024-01-26 12:58:43', '', NULL, '菜单状态列表');
INSERT INTO `sys_dict_type` VALUES (3, '系统开关', 'sys_normal_disable', '0', 'admin', '2024-01-26 12:58:43', '', NULL, '系统开关列表');
INSERT INTO `sys_dict_type` VALUES (4, '任务状态', 'sys_job_status', '0', 'admin', '2024-01-26 12:58:43', '', NULL, '任务状态列表');
INSERT INTO `sys_dict_type` VALUES (5, '任务分组', 'sys_job_group', '0', 'admin', '2024-01-26 12:58:43', '', NULL, '任务分组列表');
INSERT INTO `sys_dict_type` VALUES (6, '系统是否', 'sys_yes_no', '0', 'admin', '2024-01-26 12:58:43', '', NULL, '系统是否列表');
INSERT INTO `sys_dict_type` VALUES (7, '通知类型', 'sys_notice_type', '0', 'admin', '2024-01-26 12:58:43', '', NULL, '通知类型列表');
INSERT INTO `sys_dict_type` VALUES (8, '通知状态', 'sys_notice_status', '0', 'admin', '2024-01-26 12:58:43', '', NULL, '通知状态列表');
INSERT INTO `sys_dict_type` VALUES (9, '操作类型', 'sys_oper_type', '0', 'admin', '2024-01-26 12:58:43', '', NULL, '操作类型列表');
INSERT INTO `sys_dict_type` VALUES (10, '系统状态', 'sys_common_status', '0', 'admin', '2024-01-26 12:58:43', '', NULL, '登录状态列表');

-- ----------------------------
-- Table structure for sys_job
-- ----------------------------
DROP TABLE IF EXISTS `sys_job`;
CREATE TABLE `sys_job`  (
  `job_id` bigint NOT NULL AUTO_INCREMENT COMMENT '任务ID',
  `job_name` varchar(64) CHARACTER SET utf8mb4 COLLATE utf8mb4_0900_ai_ci NOT NULL DEFAULT '' COMMENT '任务名称',
  `job_group` varchar(64) CHARACTER SET utf8mb4 COLLATE utf8mb4_0900_ai_ci NOT NULL DEFAULT 'DEFAULT' COMMENT '任务组名',
  `invoke_target` varchar(500) CHARACTER SET utf8mb4 COLLATE utf8mb4_0900_ai_ci NOT NULL COMMENT '调用目标字符串',
  `cron_expression` varchar(255) CHARACTER SET utf8mb4 COLLATE utf8mb4_0900_ai_ci NULL DEFAULT '' COMMENT 'cron执行表达式',
  `misfire_policy` varchar(20) CHARACTER SET utf8mb4 COLLATE utf8mb4_0900_ai_ci NULL DEFAULT '3' COMMENT '计划执行错误策略（1立即执行 2执行一次 3放弃执行）',
  `concurrent` char(1) CHARACTER SET utf8mb4 COLLATE utf8mb4_0900_ai_ci NULL DEFAULT '1' COMMENT '是否并发执行（0允许 1禁止）',
  `status` char(1) CHARACTER SET utf8mb4 COLLATE utf8mb4_0900_ai_ci NULL DEFAULT '0' COMMENT '状态（0正常 1暂停）',
  `create_by` varchar(64) CHARACTER SET utf8mb4 COLLATE utf8mb4_0900_ai_ci NULL DEFAULT '' COMMENT '创建者',
  `create_time` datetime NULL DEFAULT NULL COMMENT '创建时间',
  `update_by` varchar(64) CHARACTER SET utf8mb4 COLLATE utf8mb4_0900_ai_ci NULL DEFAULT '' COMMENT '更新者',
  `update_time` datetime NULL DEFAULT NULL COMMENT '更新时间',
  `remark` varchar(500) CHARACTER SET utf8mb4 COLLATE utf8mb4_0900_ai_ci NULL DEFAULT '' COMMENT '备注信息',
  PRIMARY KEY (`job_id`, `job_name`, `job_group`) USING BTREE
) ENGINE = InnoDB AUTO_INCREMENT = 100 CHARACTER SET = utf8mb4 COLLATE = utf8mb4_0900_ai_ci COMMENT = '定时任务调度表' ROW_FORMAT = Dynamic;

-- ----------------------------
-- Records of sys_job
-- ----------------------------
INSERT INTO `sys_job` VALUES (1, '系统默认（无参）', 'DEFAULT', 'ryTask.ryNoParams', '0/10 * * * * ?', '3', '1', '1', 'admin', '2024-01-26 12:58:43', '', NULL, '');
INSERT INTO `sys_job` VALUES (2, '系统默认（有参）', 'DEFAULT', 'ryTask.ryParams(\'ry\')', '0/15 * * * * ?', '3', '1', '1', 'admin', '2024-01-26 12:58:43', '', NULL, '');
INSERT INTO `sys_job` VALUES (3, '系统默认（多参）', 'DEFAULT', 'ryTask.ryMultipleParams(\'ry\', true, 2000L, 316.50D, 100)', '0/20 * * * * ?', '3', '1', '1', 'admin', '2024-01-26 12:58:43', '', NULL, '');

-- ----------------------------
-- Table structure for sys_job_log
-- ----------------------------
DROP TABLE IF EXISTS `sys_job_log`;
CREATE TABLE `sys_job_log`  (
  `job_log_id` bigint NOT NULL AUTO_INCREMENT COMMENT '任务日志ID',
  `job_name` varchar(64) CHARACTER SET utf8mb4 COLLATE utf8mb4_0900_ai_ci NOT NULL COMMENT '任务名称',
  `job_group` varchar(64) CHARACTER SET utf8mb4 COLLATE utf8mb4_0900_ai_ci NOT NULL COMMENT '任务组名',
  `invoke_target` varchar(500) CHARACTER SET utf8mb4 COLLATE utf8mb4_0900_ai_ci NOT NULL COMMENT '调用目标字符串',
  `job_message` varchar(500) CHARACTER SET utf8mb4 COLLATE utf8mb4_0900_ai_ci NULL DEFAULT NULL COMMENT '日志信息',
  `status` char(1) CHARACTER SET utf8mb4 COLLATE utf8mb4_0900_ai_ci NULL DEFAULT '0' COMMENT '执行状态（0正常 1失败）',
  `exception_info` varchar(2000) CHARACTER SET utf8mb4 COLLATE utf8mb4_0900_ai_ci NULL DEFAULT '' COMMENT '异常信息',
  `create_time` datetime NULL DEFAULT NULL COMMENT '创建时间',
  PRIMARY KEY (`job_log_id`) USING BTREE
) ENGINE = InnoDB CHARACTER SET = utf8mb4 COLLATE = utf8mb4_0900_ai_ci COMMENT = '定时任务调度日志表' ROW_FORMAT = Dynamic;

-- ----------------------------
-- Records of sys_job_log
-- ----------------------------

-- ----------------------------
-- Table structure for sys_logininfor
-- ----------------------------
DROP TABLE IF EXISTS `sys_logininfor`;
CREATE TABLE `sys_logininfor`  (
  `info_id` bigint NOT NULL AUTO_INCREMENT COMMENT '访问ID',
  `user_name` varchar(50) CHARACTER SET utf8mb4 COLLATE utf8mb4_0900_ai_ci NULL DEFAULT '' COMMENT '用户账号',
  `ipaddr` varchar(128) CHARACTER SET utf8mb4 COLLATE utf8mb4_0900_ai_ci NULL DEFAULT '' COMMENT '登录IP地址',
  `login_location` varchar(255) CHARACTER SET utf8mb4 COLLATE utf8mb4_0900_ai_ci NULL DEFAULT '' COMMENT '登录地点',
  `browser` varchar(50) CHARACTER SET utf8mb4 COLLATE utf8mb4_0900_ai_ci NULL DEFAULT '' COMMENT '浏览器类型',
  `os` varchar(50) CHARACTER SET utf8mb4 COLLATE utf8mb4_0900_ai_ci NULL DEFAULT '' COMMENT '操作系统',
  `status` char(1) CHARACTER SET utf8mb4 COLLATE utf8mb4_0900_ai_ci NULL DEFAULT '0' COMMENT '登录状态（0成功 1失败）',
  `msg` varchar(255) CHARACTER SET utf8mb4 COLLATE utf8mb4_0900_ai_ci NULL DEFAULT '' COMMENT '提示消息',
  `login_time` datetime NULL DEFAULT NULL COMMENT '访问时间',
  PRIMARY KEY (`info_id`) USING BTREE,
  INDEX `idx_sys_logininfor_s`(`status` ASC) USING BTREE,
  INDEX `idx_sys_logininfor_lt`(`login_time` ASC) USING BTREE
) ENGINE = InnoDB AUTO_INCREMENT = 160 CHARACTER SET = utf8mb4 COLLATE = utf8mb4_0900_ai_ci COMMENT = '系统访问记录' ROW_FORMAT = Dynamic;

-- ----------------------------
-- Records of sys_logininfor
-- ----------------------------
INSERT INTO `sys_logininfor` VALUES (100, 'admin', '127.0.0.1', '内网IP', 'Chrome 12', 'Windows 10', '0', '登录成功', '2024-01-26 13:07:03');
INSERT INTO `sys_logininfor` VALUES (101, 'admin', '127.0.0.1', '内网IP', 'Chrome 12', 'Windows 10', '0', '退出成功', '2024-01-26 13:08:21');
INSERT INTO `sys_logininfor` VALUES (102, 'admin', '127.0.0.1', '内网IP', 'Chrome 12', 'Windows 10', '0', '登录成功', '2024-01-26 13:09:09');
INSERT INTO `sys_logininfor` VALUES (103, 'admin', '127.0.0.1', '内网IP', 'Chrome 12', 'Windows 10', '0', '登录成功', '2024-01-26 14:05:55');
INSERT INTO `sys_logininfor` VALUES (104, 'admin', '127.0.0.1', '内网IP', 'Chrome 12', 'Windows 10', '0', '登录成功', '2024-01-26 15:16:19');
INSERT INTO `sys_logininfor` VALUES (105, 'admin', '127.0.0.1', '内网IP', 'Chrome 12', 'Windows 10', '0', '退出成功', '2024-01-26 15:16:49');
INSERT INTO `sys_logininfor` VALUES (106, 'admin', '127.0.0.1', '内网IP', 'Chrome 12', 'Windows 10', '0', '登录成功', '2024-01-26 15:16:57');
INSERT INTO `sys_logininfor` VALUES (107, 'admin', '127.0.0.1', '内网IP', 'Chrome 12', 'Windows 10', '0', '退出成功', '2024-01-26 15:21:11');
INSERT INTO `sys_logininfor` VALUES (108, 'admin', '127.0.0.1', '内网IP', 'Chrome 12', 'Windows 10', '0', '登录成功', '2024-01-26 15:23:10');
INSERT INTO `sys_logininfor` VALUES (109, 'admin', '127.0.0.1', '内网IP', 'Chrome 12', 'Windows 10', '0', '退出成功', '2024-01-26 15:23:14');
INSERT INTO `sys_logininfor` VALUES (110, 'admin', '127.0.0.1', '内网IP', 'Chrome 12', 'Windows 10', '0', '登录成功', '2024-01-26 15:37:58');
INSERT INTO `sys_logininfor` VALUES (111, 'admin', '127.0.0.1', '内网IP', 'Chrome 12', 'Windows 10', '0', '退出成功', '2024-01-26 15:38:03');
INSERT INTO `sys_logininfor` VALUES (112, 'admin', '127.0.0.1', '内网IP', 'Chrome 12', 'Windows 10', '0', '登录成功', '2024-01-26 15:38:45');
INSERT INTO `sys_logininfor` VALUES (113, 'admin', '127.0.0.1', '内网IP', 'Chrome 12', 'Windows 10', '0', '登录成功', '2024-01-26 16:20:36');
INSERT INTO `sys_logininfor` VALUES (114, 'admin', '127.0.0.1', '内网IP', 'Chrome 12', 'Windows 10', '0', '登录成功', '2024-01-26 16:20:51');
INSERT INTO `sys_logininfor` VALUES (115, 'admin', '127.0.0.1', '内网IP', 'Chrome 12', 'Windows 10', '0', '登录成功', '2024-01-26 16:21:48');
INSERT INTO `sys_logininfor` VALUES (116, 'admin', '127.0.0.1', '内网IP', 'Chrome 12', 'Windows 10', '0', '登录成功', '2024-01-26 16:24:30');
INSERT INTO `sys_logininfor` VALUES (117, 'admin', '127.0.0.1', '内网IP', 'Chrome 12', 'Windows 10', '0', '退出成功', '2024-01-26 16:25:27');
INSERT INTO `sys_logininfor` VALUES (118, 'ry', '127.0.0.1', '内网IP', 'Chrome 12', 'Windows 10', '1', '用户不存在/密码错误', '2024-01-26 16:25:36');
INSERT INTO `sys_logininfor` VALUES (119, 'ry', '127.0.0.1', '内网IP', 'Chrome 12', 'Windows 10', '1', '密码输入错误1次', '2024-01-26 16:25:36');
INSERT INTO `sys_logininfor` VALUES (120, 'ry', '127.0.0.1', '内网IP', 'Chrome 12', 'Windows 10', '1', '用户不存在/密码错误', '2024-01-26 16:25:41');
INSERT INTO `sys_logininfor` VALUES (121, 'ry', '127.0.0.1', '内网IP', 'Chrome 12', 'Windows 10', '1', '密码输入错误2次', '2024-01-26 16:25:41');
INSERT INTO `sys_logininfor` VALUES (122, 'ry', '127.0.0.1', '内网IP', 'Chrome 12', 'Windows 10', '0', '登录成功', '2024-01-26 16:26:09');
INSERT INTO `sys_logininfor` VALUES (123, 'ry', '127.0.0.1', '内网IP', 'Chrome 12', 'Windows 10', '0', '退出成功', '2024-01-26 16:26:51');
INSERT INTO `sys_logininfor` VALUES (124, 'test1', '127.0.0.1', '内网IP', 'Chrome 12', 'Windows 10', '0', '登录成功', '2024-01-26 16:26:57');
INSERT INTO `sys_logininfor` VALUES (125, 'test1', '127.0.0.1', '内网IP', 'Chrome 12', 'Windows 10', '0', '退出成功', '2024-01-26 16:27:16');
INSERT INTO `sys_logininfor` VALUES (126, 'test1', '127.0.0.1', '内网IP', 'Chrome 12', 'Windows 10', '0', '登录成功', '2024-01-26 16:27:20');
INSERT INTO `sys_logininfor` VALUES (127, 'test1', '127.0.0.1', '内网IP', 'Chrome 12', 'Windows 10', '0', '退出成功', '2024-01-26 16:27:28');
INSERT INTO `sys_logininfor` VALUES (128, 'admin', '127.0.0.1', '内网IP', 'Chrome 12', 'Windows 10', '0', '登录成功', '2024-01-26 16:27:36');
INSERT INTO `sys_logininfor` VALUES (129, 'admin', '127.0.0.1', '内网IP', 'Chrome 12', 'Windows 10', '0', '登录成功', '2024-01-27 10:11:12');
INSERT INTO `sys_logininfor` VALUES (130, 'admin', '127.0.0.1', '内网IP', 'Chrome 12', 'Windows 10', '0', '登录成功', '2024-01-28 09:49:19');
INSERT INTO `sys_logininfor` VALUES (131, 'admin', '127.0.0.1', '内网IP', 'Chrome 12', 'Windows 10', '0', '退出成功', '2024-01-28 10:39:59');
INSERT INTO `sys_logininfor` VALUES (132, 'admin', '127.0.0.1', '内网IP', 'Chrome 12', 'Windows 10', '0', '登录成功', '2024-01-28 10:40:02');
INSERT INTO `sys_logininfor` VALUES (133, 'admin', '127.0.0.1', '内网IP', 'Chrome 12', 'Windows 10', '0', '登录成功', '2024-01-28 11:06:30');
INSERT INTO `sys_logininfor` VALUES (134, 'admin', '127.0.0.1', '内网IP', 'Chrome 12', 'Windows 10', '0', '退出成功', '2024-01-28 11:06:38');
INSERT INTO `sys_logininfor` VALUES (135, 'admin', '127.0.0.1', '内网IP', 'Chrome 12', 'Windows 10', '0', '登录成功', '2024-01-28 11:06:40');
INSERT INTO `sys_logininfor` VALUES (136, 'admin', '127.0.0.1', '内网IP', 'Chrome 12', 'Windows 10', '0', '登录成功', '2024-01-28 14:16:54');
INSERT INTO `sys_logininfor` VALUES (137, 'admin', '127.0.0.1', '内网IP', 'Chrome 12', 'Windows 10', '0', '退出成功', '2024-01-28 14:32:04');
INSERT INTO `sys_logininfor` VALUES (138, 'test1', '127.0.0.1', '内网IP', 'Chrome 12', 'Windows 10', '0', '登录成功', '2024-01-28 14:32:14');
INSERT INTO `sys_logininfor` VALUES (139, 'test1', '127.0.0.1', '内网IP', 'Chrome 12', 'Windows 10', '0', '退出成功', '2024-01-28 14:32:21');
INSERT INTO `sys_logininfor` VALUES (140, 'admin', '127.0.0.1', '内网IP', 'Chrome 12', 'Windows 10', '0', '登录成功', '2024-01-28 14:32:25');
INSERT INTO `sys_logininfor` VALUES (141, 'admin', '127.0.0.1', '内网IP', 'Chrome 12', 'Windows 10', '0', '退出成功', '2024-01-28 14:34:20');
INSERT INTO `sys_logininfor` VALUES (142, 'test1', '127.0.0.1', '内网IP', 'Chrome 12', 'Windows 10', '0', '登录成功', '2024-01-28 14:34:28');
INSERT INTO `sys_logininfor` VALUES (143, 'test1', '127.0.0.1', '内网IP', 'Chrome 12', 'Windows 10', '0', '退出成功', '2024-01-28 14:34:43');
INSERT INTO `sys_logininfor` VALUES (144, 'admin', '127.0.0.1', '内网IP', 'Chrome 12', 'Windows 10', '0', '登录成功', '2024-01-28 14:34:47');
INSERT INTO `sys_logininfor` VALUES (145, 'admin', '127.0.0.1', '内网IP', 'Chrome 12', 'Windows 10', '0', '退出成功', '2024-01-28 15:23:51');
INSERT INTO `sys_logininfor` VALUES (146, 'admin', '127.0.0.1', '内网IP', 'Chrome 12', 'Windows 10', '0', '登录成功', '2024-01-28 15:23:53');
INSERT INTO `sys_logininfor` VALUES (147, 'admin', '127.0.0.1', '内网IP', 'Chrome 12', 'Windows 10', '0', '退出成功', '2024-01-28 15:24:44');
INSERT INTO `sys_logininfor` VALUES (148, 'test1', '127.0.0.1', '内网IP', 'Chrome 12', 'Windows 10', '0', '登录成功', '2024-01-28 15:24:51');
INSERT INTO `sys_logininfor` VALUES (149, 'test1', '127.0.0.1', '内网IP', 'Chrome 12', 'Windows 10', '0', '退出成功', '2024-01-28 15:24:58');
INSERT INTO `sys_logininfor` VALUES (150, 'admin', '127.0.0.1', '内网IP', 'Chrome 12', 'Windows 10', '0', '登录成功', '2024-01-28 15:25:02');
INSERT INTO `sys_logininfor` VALUES (151, 'admin', '127.0.0.1', '内网IP', 'Chrome 12', 'Windows 10', '0', '登录成功', '2024-01-29 09:54:01');
INSERT INTO `sys_logininfor` VALUES (152, 'admin', '127.0.0.1', '内网IP', 'Chrome 12', 'Windows 10', '0', '登录成功', '2024-01-29 14:32:58');
INSERT INTO `sys_logininfor` VALUES (153, 'admin', '127.0.0.1', '内网IP', 'Chrome 12', 'Windows 10', '0', '登录成功', '2024-01-30 09:07:10');
INSERT INTO `sys_logininfor` VALUES (154, 'admin', '127.0.0.1', '内网IP', 'Chrome 12', 'Windows 10', '0', '登录成功', '2024-01-30 11:36:38');
INSERT INTO `sys_logininfor` VALUES (155, 'admin', '127.0.0.1', '内网IP', 'Chrome 12', 'Windows 10', '0', '登录成功', '2024-01-30 15:22:01');
INSERT INTO `sys_logininfor` VALUES (156, 'admin', '127.0.0.1', '内网IP', 'Chrome 12', 'Windows 10', '0', '登录成功', '2024-01-31 09:19:35');
INSERT INTO `sys_logininfor` VALUES (157, 'admin', '127.0.0.1', '内网IP', 'Chrome 12', 'Windows 10', '0', '登录成功', '2024-01-31 09:38:58');
INSERT INTO `sys_logininfor` VALUES (158, 'admin', '127.0.0.1', '内网IP', 'Chrome 12', 'Windows 10', '0', '登录成功', '2024-01-31 11:51:26');
INSERT INTO `sys_logininfor` VALUES (159, 'admin', '127.0.0.1', '内网IP', 'Chrome 12', 'Windows 10', '0', '登录成功', '2024-01-31 13:57:58');

-- ----------------------------
-- Table structure for sys_menu
-- ----------------------------
DROP TABLE IF EXISTS `sys_menu`;
CREATE TABLE `sys_menu`  (
  `menu_id` bigint NOT NULL AUTO_INCREMENT COMMENT '菜单ID',
  `menu_name` varchar(50) CHARACTER SET utf8mb4 COLLATE utf8mb4_0900_ai_ci NOT NULL COMMENT '菜单名称',
  `parent_id` bigint NULL DEFAULT 0 COMMENT '父菜单ID',
  `order_num` int NULL DEFAULT 0 COMMENT '显示顺序',
  `path` varchar(200) CHARACTER SET utf8mb4 COLLATE utf8mb4_0900_ai_ci NULL DEFAULT '' COMMENT '路由地址',
  `component` varchar(255) CHARACTER SET utf8mb4 COLLATE utf8mb4_0900_ai_ci NULL DEFAULT NULL COMMENT '组件路径',
  `query` varchar(255) CHARACTER SET utf8mb4 COLLATE utf8mb4_0900_ai_ci NULL DEFAULT NULL COMMENT '路由参数',
  `is_frame` int NULL DEFAULT 1 COMMENT '是否为外链（0是 1否）',
  `is_cache` int NULL DEFAULT 0 COMMENT '是否缓存（0缓存 1不缓存）',
  `menu_type` char(1) CHARACTER SET utf8mb4 COLLATE utf8mb4_0900_ai_ci NULL DEFAULT '' COMMENT '菜单类型（M目录 C菜单 F按钮）',
  `visible` char(1) CHARACTER SET utf8mb4 COLLATE utf8mb4_0900_ai_ci NULL DEFAULT '0' COMMENT '菜单状态（0显示 1隐藏）',
  `status` char(1) CHARACTER SET utf8mb4 COLLATE utf8mb4_0900_ai_ci NULL DEFAULT '0' COMMENT '菜单状态（0正常 1停用）',
  `perms` varchar(100) CHARACTER SET utf8mb4 COLLATE utf8mb4_0900_ai_ci NULL DEFAULT NULL COMMENT '权限标识',
  `icon` varchar(100) CHARACTER SET utf8mb4 COLLATE utf8mb4_0900_ai_ci NULL DEFAULT '#' COMMENT '菜单图标',
  `create_by` varchar(64) CHARACTER SET utf8mb4 COLLATE utf8mb4_0900_ai_ci NULL DEFAULT '' COMMENT '创建者',
  `create_time` datetime NULL DEFAULT NULL COMMENT '创建时间',
  `update_by` varchar(64) CHARACTER SET utf8mb4 COLLATE utf8mb4_0900_ai_ci NULL DEFAULT '' COMMENT '更新者',
  `update_time` datetime NULL DEFAULT NULL COMMENT '更新时间',
  `remark` varchar(500) CHARACTER SET utf8mb4 COLLATE utf8mb4_0900_ai_ci NULL DEFAULT '' COMMENT '备注',
  PRIMARY KEY (`menu_id`) USING BTREE
) ENGINE = InnoDB AUTO_INCREMENT = 2043 CHARACTER SET = utf8mb4 COLLATE = utf8mb4_0900_ai_ci COMMENT = '菜单权限表' ROW_FORMAT = Dynamic;

-- ----------------------------
-- Records of sys_menu
-- ----------------------------
INSERT INTO `sys_menu` VALUES (1, '系统管理', 0, 5, 'system', NULL, '', 1, 0, 'M', '0', '0', '', 'system', 'admin', '2024-01-26 12:58:43', 'admin', '2024-01-28 14:55:43', '系统管理目录');
INSERT INTO `sys_menu` VALUES (2, '系统监控', 0, 5, 'monitor', NULL, '', 1, 0, 'M', '0', '1', '', 'monitor', 'admin', '2024-01-26 12:58:43', 'admin', '2024-01-28 14:55:52', '系统监控目录');
INSERT INTO `sys_menu` VALUES (3, '系统工具', 0, 5, 'tool', NULL, '', 1, 0, 'M', '0', '0', '', 'tool', 'admin', '2024-01-26 12:58:43', 'admin', '2024-01-28 14:56:06', '系统工具目录');
INSERT INTO `sys_menu` VALUES (4, '官网', 0, 4, 'http://baidu.com', NULL, '', 0, 0, 'M', '1', '1', '', 'guide', 'admin', '2024-01-26 12:58:43', 'admin', '2024-01-28 14:33:28', '若依官网地址');
INSERT INTO `sys_menu` VALUES (100, '用户管理', 1, 1, 'user', 'system/user/index', '', 1, 0, 'C', '0', '0', 'system:user:list', 'user', 'admin', '2024-01-26 12:58:43', '', NULL, '用户管理菜单');
INSERT INTO `sys_menu` VALUES (101, '角色管理', 1, 2, 'role', 'system/role/index', '', 1, 0, 'C', '0', '0', 'system:role:list', 'peoples', 'admin', '2024-01-26 12:58:43', '', NULL, '角色管理菜单');
INSERT INTO `sys_menu` VALUES (102, '菜单管理', 1, 3, 'menu', 'system/menu/index', '', 1, 0, 'C', '0', '0', 'system:menu:list', 'tree-table', 'admin', '2024-01-26 12:58:43', '', NULL, '菜单管理菜单');
INSERT INTO `sys_menu` VALUES (103, '部门管理', 1, 4, 'dept', 'system/dept/index', '', 1, 0, 'C', '0', '0', 'system:dept:list', 'tree', 'admin', '2024-01-26 12:58:43', '', NULL, '部门管理菜单');
INSERT INTO `sys_menu` VALUES (104, '岗位管理', 1, 5, 'post', 'system/post/index', '', 1, 0, 'C', '0', '0', 'system:post:list', 'post', 'admin', '2024-01-26 12:58:43', '', NULL, '岗位管理菜单');
INSERT INTO `sys_menu` VALUES (105, '字典管理', 1, 6, 'dict', 'system/dict/index', '', 1, 0, 'C', '0', '0', 'system:dict:list', 'dict', 'admin', '2024-01-26 12:58:43', '', NULL, '字典管理菜单');
INSERT INTO `sys_menu` VALUES (106, '参数设置', 1, 7, 'config', 'system/config/index', '', 1, 0, 'C', '0', '0', 'system:config:list', 'edit', 'admin', '2024-01-26 12:58:43', '', NULL, '参数设置菜单');
INSERT INTO `sys_menu` VALUES (107, '通知公告', 1, 8, 'notice', 'system/notice/index', '', 1, 0, 'C', '0', '0', 'system:notice:list', 'message', 'admin', '2024-01-26 12:58:43', '', NULL, '通知公告菜单');
INSERT INTO `sys_menu` VALUES (108, '日志管理', 1, 9, 'log', '', '', 1, 0, 'M', '0', '0', '', 'log', 'admin', '2024-01-26 12:58:43', '', NULL, '日志管理菜单');
INSERT INTO `sys_menu` VALUES (109, '在线用户', 2, 1, 'online', 'monitor/online/index', '', 1, 0, 'C', '0', '0', 'monitor:online:list', 'online', 'admin', '2024-01-26 12:58:43', '', NULL, '在线用户菜单');
INSERT INTO `sys_menu` VALUES (110, '定时任务', 2, 2, 'job', 'monitor/job/index', '', 1, 0, 'C', '0', '0', 'monitor:job:list', 'job', 'admin', '2024-01-26 12:58:43', '', NULL, '定时任务菜单');
INSERT INTO `sys_menu` VALUES (111, '数据监控', 2, 3, 'druid', 'monitor/druid/index', '', 1, 0, 'C', '0', '0', 'monitor:druid:list', 'druid', 'admin', '2024-01-26 12:58:43', '', NULL, '数据监控菜单');
INSERT INTO `sys_menu` VALUES (112, '服务监控', 2, 4, 'server', 'monitor/server/index', '', 1, 0, 'C', '0', '0', 'monitor:server:list', 'server', 'admin', '2024-01-26 12:58:43', '', NULL, '服务监控菜单');
INSERT INTO `sys_menu` VALUES (113, '缓存监控', 2, 5, 'cache', 'monitor/cache/index', '', 1, 0, 'C', '0', '0', 'monitor:cache:list', 'redis', 'admin', '2024-01-26 12:58:43', '', NULL, '缓存监控菜单');
INSERT INTO `sys_menu` VALUES (114, '缓存列表', 2, 6, 'cacheList', 'monitor/cache/list', '', 1, 0, 'C', '0', '0', 'monitor:cache:list', 'redis-list', 'admin', '2024-01-26 12:58:43', '', NULL, '缓存列表菜单');
INSERT INTO `sys_menu` VALUES (115, '表单构建', 3, 1, 'build', 'tool/build/index', '', 1, 0, 'C', '0', '0', 'tool:build:list', 'build', 'admin', '2024-01-26 12:58:43', '', NULL, '表单构建菜单');
INSERT INTO `sys_menu` VALUES (116, '代码生成', 3, 2, 'gen', 'tool/gen/index', '', 1, 0, 'C', '0', '0', 'tool:gen:list', 'code', 'admin', '2024-01-26 12:58:43', '', NULL, '代码生成菜单');
INSERT INTO `sys_menu` VALUES (117, '系统接口', 3, 3, 'swagger', 'tool/swagger/index', '', 1, 0, 'C', '0', '0', 'tool:swagger:list', 'swagger', 'admin', '2024-01-26 12:58:43', '', NULL, '系统接口菜单');
INSERT INTO `sys_menu` VALUES (500, '操作日志', 108, 1, 'operlog', 'monitor/operlog/index', '', 1, 0, 'C', '0', '0', 'monitor:operlog:list', 'form', 'admin', '2024-01-26 12:58:43', '', NULL, '操作日志菜单');
INSERT INTO `sys_menu` VALUES (501, '登录日志', 108, 2, 'logininfor', 'monitor/logininfor/index', '', 1, 0, 'C', '0', '0', 'monitor:logininfor:list', 'logininfor', 'admin', '2024-01-26 12:58:43', '', NULL, '登录日志菜单');
INSERT INTO `sys_menu` VALUES (1000, '用户查询', 100, 1, '', '', '', 1, 0, 'F', '0', '0', 'system:user:query', '#', 'admin', '2024-01-26 12:58:43', '', NULL, '');
INSERT INTO `sys_menu` VALUES (1001, '用户新增', 100, 2, '', '', '', 1, 0, 'F', '0', '0', 'system:user:add', '#', 'admin', '2024-01-26 12:58:43', '', NULL, '');
INSERT INTO `sys_menu` VALUES (1002, '用户修改', 100, 3, '', '', '', 1, 0, 'F', '0', '0', 'system:user:edit', '#', 'admin', '2024-01-26 12:58:43', '', NULL, '');
INSERT INTO `sys_menu` VALUES (1003, '用户删除', 100, 4, '', '', '', 1, 0, 'F', '0', '0', 'system:user:remove', '#', 'admin', '2024-01-26 12:58:43', '', NULL, '');
INSERT INTO `sys_menu` VALUES (1004, '用户导出', 100, 5, '', '', '', 1, 0, 'F', '0', '0', 'system:user:export', '#', 'admin', '2024-01-26 12:58:43', '', NULL, '');
INSERT INTO `sys_menu` VALUES (1005, '用户导入', 100, 6, '', '', '', 1, 0, 'F', '0', '0', 'system:user:import', '#', 'admin', '2024-01-26 12:58:43', '', NULL, '');
INSERT INTO `sys_menu` VALUES (1006, '重置密码', 100, 7, '', '', '', 1, 0, 'F', '0', '0', 'system:user:resetPwd', '#', 'admin', '2024-01-26 12:58:43', '', NULL, '');
INSERT INTO `sys_menu` VALUES (1007, '角色查询', 101, 1, '', '', '', 1, 0, 'F', '0', '0', 'system:role:query', '#', 'admin', '2024-01-26 12:58:43', '', NULL, '');
INSERT INTO `sys_menu` VALUES (1008, '角色新增', 101, 2, '', '', '', 1, 0, 'F', '0', '0', 'system:role:add', '#', 'admin', '2024-01-26 12:58:43', '', NULL, '');
INSERT INTO `sys_menu` VALUES (1009, '角色修改', 101, 3, '', '', '', 1, 0, 'F', '0', '0', 'system:role:edit', '#', 'admin', '2024-01-26 12:58:43', '', NULL, '');
INSERT INTO `sys_menu` VALUES (1010, '角色删除', 101, 4, '', '', '', 1, 0, 'F', '0', '0', 'system:role:remove', '#', 'admin', '2024-01-26 12:58:43', '', NULL, '');
INSERT INTO `sys_menu` VALUES (1011, '角色导出', 101, 5, '', '', '', 1, 0, 'F', '0', '0', 'system:role:export', '#', 'admin', '2024-01-26 12:58:43', '', NULL, '');
INSERT INTO `sys_menu` VALUES (1012, '菜单查询', 102, 1, '', '', '', 1, 0, 'F', '0', '0', 'system:menu:query', '#', 'admin', '2024-01-26 12:58:43', '', NULL, '');
INSERT INTO `sys_menu` VALUES (1013, '菜单新增', 102, 2, '', '', '', 1, 0, 'F', '0', '0', 'system:menu:add', '#', 'admin', '2024-01-26 12:58:43', '', NULL, '');
INSERT INTO `sys_menu` VALUES (1014, '菜单修改', 102, 3, '', '', '', 1, 0, 'F', '0', '0', 'system:menu:edit', '#', 'admin', '2024-01-26 12:58:43', '', NULL, '');
INSERT INTO `sys_menu` VALUES (1015, '菜单删除', 102, 4, '', '', '', 1, 0, 'F', '0', '0', 'system:menu:remove', '#', 'admin', '2024-01-26 12:58:43', '', NULL, '');
INSERT INTO `sys_menu` VALUES (1016, '部门查询', 103, 1, '', '', '', 1, 0, 'F', '0', '0', 'system:dept:query', '#', 'admin', '2024-01-26 12:58:43', '', NULL, '');
INSERT INTO `sys_menu` VALUES (1017, '部门新增', 103, 2, '', '', '', 1, 0, 'F', '0', '0', 'system:dept:add', '#', 'admin', '2024-01-26 12:58:43', '', NULL, '');
INSERT INTO `sys_menu` VALUES (1018, '部门修改', 103, 3, '', '', '', 1, 0, 'F', '0', '0', 'system:dept:edit', '#', 'admin', '2024-01-26 12:58:43', '', NULL, '');
INSERT INTO `sys_menu` VALUES (1019, '部门删除', 103, 4, '', '', '', 1, 0, 'F', '0', '0', 'system:dept:remove', '#', 'admin', '2024-01-26 12:58:43', '', NULL, '');
INSERT INTO `sys_menu` VALUES (1020, '岗位查询', 104, 1, '', '', '', 1, 0, 'F', '0', '0', 'system:post:query', '#', 'admin', '2024-01-26 12:58:43', '', NULL, '');
INSERT INTO `sys_menu` VALUES (1021, '岗位新增', 104, 2, '', '', '', 1, 0, 'F', '0', '0', 'system:post:add', '#', 'admin', '2024-01-26 12:58:43', '', NULL, '');
INSERT INTO `sys_menu` VALUES (1022, '岗位修改', 104, 3, '', '', '', 1, 0, 'F', '0', '0', 'system:post:edit', '#', 'admin', '2024-01-26 12:58:43', '', NULL, '');
INSERT INTO `sys_menu` VALUES (1023, '岗位删除', 104, 4, '', '', '', 1, 0, 'F', '0', '0', 'system:post:remove', '#', 'admin', '2024-01-26 12:58:43', '', NULL, '');
INSERT INTO `sys_menu` VALUES (1024, '岗位导出', 104, 5, '', '', '', 1, 0, 'F', '0', '0', 'system:post:export', '#', 'admin', '2024-01-26 12:58:43', '', NULL, '');
INSERT INTO `sys_menu` VALUES (1025, '字典查询', 105, 1, '#', '', '', 1, 0, 'F', '0', '0', 'system:dict:query', '#', 'admin', '2024-01-26 12:58:43', '', NULL, '');
INSERT INTO `sys_menu` VALUES (1026, '字典新增', 105, 2, '#', '', '', 1, 0, 'F', '0', '0', 'system:dict:add', '#', 'admin', '2024-01-26 12:58:43', '', NULL, '');
INSERT INTO `sys_menu` VALUES (1027, '字典修改', 105, 3, '#', '', '', 1, 0, 'F', '0', '0', 'system:dict:edit', '#', 'admin', '2024-01-26 12:58:43', '', NULL, '');
INSERT INTO `sys_menu` VALUES (1028, '字典删除', 105, 4, '#', '', '', 1, 0, 'F', '0', '0', 'system:dict:remove', '#', 'admin', '2024-01-26 12:58:43', '', NULL, '');
INSERT INTO `sys_menu` VALUES (1029, '字典导出', 105, 5, '#', '', '', 1, 0, 'F', '0', '0', 'system:dict:export', '#', 'admin', '2024-01-26 12:58:43', '', NULL, '');
INSERT INTO `sys_menu` VALUES (1030, '参数查询', 106, 1, '#', '', '', 1, 0, 'F', '0', '0', 'system:config:query', '#', 'admin', '2024-01-26 12:58:43', '', NULL, '');
INSERT INTO `sys_menu` VALUES (1031, '参数新增', 106, 2, '#', '', '', 1, 0, 'F', '0', '0', 'system:config:add', '#', 'admin', '2024-01-26 12:58:43', '', NULL, '');
INSERT INTO `sys_menu` VALUES (1032, '参数修改', 106, 3, '#', '', '', 1, 0, 'F', '0', '0', 'system:config:edit', '#', 'admin', '2024-01-26 12:58:43', '', NULL, '');
INSERT INTO `sys_menu` VALUES (1033, '参数删除', 106, 4, '#', '', '', 1, 0, 'F', '0', '0', 'system:config:remove', '#', 'admin', '2024-01-26 12:58:43', '', NULL, '');
INSERT INTO `sys_menu` VALUES (1034, '参数导出', 106, 5, '#', '', '', 1, 0, 'F', '0', '0', 'system:config:export', '#', 'admin', '2024-01-26 12:58:43', '', NULL, '');
INSERT INTO `sys_menu` VALUES (1035, '公告查询', 107, 1, '#', '', '', 1, 0, 'F', '0', '0', 'system:notice:query', '#', 'admin', '2024-01-26 12:58:43', '', NULL, '');
INSERT INTO `sys_menu` VALUES (1036, '公告新增', 107, 2, '#', '', '', 1, 0, 'F', '0', '0', 'system:notice:add', '#', 'admin', '2024-01-26 12:58:43', '', NULL, '');
INSERT INTO `sys_menu` VALUES (1037, '公告修改', 107, 3, '#', '', '', 1, 0, 'F', '0', '0', 'system:notice:edit', '#', 'admin', '2024-01-26 12:58:43', '', NULL, '');
INSERT INTO `sys_menu` VALUES (1038, '公告删除', 107, 4, '#', '', '', 1, 0, 'F', '0', '0', 'system:notice:remove', '#', 'admin', '2024-01-26 12:58:43', '', NULL, '');
INSERT INTO `sys_menu` VALUES (1039, '操作查询', 500, 1, '#', '', '', 1, 0, 'F', '0', '0', 'monitor:operlog:query', '#', 'admin', '2024-01-26 12:58:43', '', NULL, '');
INSERT INTO `sys_menu` VALUES (1040, '操作删除', 500, 2, '#', '', '', 1, 0, 'F', '0', '0', 'monitor:operlog:remove', '#', 'admin', '2024-01-26 12:58:43', '', NULL, '');
INSERT INTO `sys_menu` VALUES (1041, '日志导出', 500, 3, '#', '', '', 1, 0, 'F', '0', '0', 'monitor:operlog:export', '#', 'admin', '2024-01-26 12:58:43', '', NULL, '');
INSERT INTO `sys_menu` VALUES (1042, '登录查询', 501, 1, '#', '', '', 1, 0, 'F', '0', '0', 'monitor:logininfor:query', '#', 'admin', '2024-01-26 12:58:43', '', NULL, '');
INSERT INTO `sys_menu` VALUES (1043, '登录删除', 501, 2, '#', '', '', 1, 0, 'F', '0', '0', 'monitor:logininfor:remove', '#', 'admin', '2024-01-26 12:58:43', '', NULL, '');
INSERT INTO `sys_menu` VALUES (1044, '日志导出', 501, 3, '#', '', '', 1, 0, 'F', '0', '0', 'monitor:logininfor:export', '#', 'admin', '2024-01-26 12:58:43', '', NULL, '');
INSERT INTO `sys_menu` VALUES (1045, '账户解锁', 501, 4, '#', '', '', 1, 0, 'F', '0', '0', 'monitor:logininfor:unlock', '#', 'admin', '2024-01-26 12:58:43', '', NULL, '');
INSERT INTO `sys_menu` VALUES (1046, '在线查询', 109, 1, '#', '', '', 1, 0, 'F', '0', '0', 'monitor:online:query', '#', 'admin', '2024-01-26 12:58:43', '', NULL, '');
INSERT INTO `sys_menu` VALUES (1047, '批量强退', 109, 2, '#', '', '', 1, 0, 'F', '0', '0', 'monitor:online:batchLogout', '#', 'admin', '2024-01-26 12:58:43', '', NULL, '');
INSERT INTO `sys_menu` VALUES (1048, '单条强退', 109, 3, '#', '', '', 1, 0, 'F', '0', '0', 'monitor:online:forceLogout', '#', 'admin', '2024-01-26 12:58:43', '', NULL, '');
INSERT INTO `sys_menu` VALUES (1049, '任务查询', 110, 1, '#', '', '', 1, 0, 'F', '0', '0', 'monitor:job:query', '#', 'admin', '2024-01-26 12:58:43', '', NULL, '');
INSERT INTO `sys_menu` VALUES (1050, '任务新增', 110, 2, '#', '', '', 1, 0, 'F', '0', '0', 'monitor:job:add', '#', 'admin', '2024-01-26 12:58:43', '', NULL, '');
INSERT INTO `sys_menu` VALUES (1051, '任务修改', 110, 3, '#', '', '', 1, 0, 'F', '0', '0', 'monitor:job:edit', '#', 'admin', '2024-01-26 12:58:43', '', NULL, '');
INSERT INTO `sys_menu` VALUES (1052, '任务删除', 110, 4, '#', '', '', 1, 0, 'F', '0', '0', 'monitor:job:remove', '#', 'admin', '2024-01-26 12:58:43', '', NULL, '');
INSERT INTO `sys_menu` VALUES (1053, '状态修改', 110, 5, '#', '', '', 1, 0, 'F', '0', '0', 'monitor:job:changeStatus', '#', 'admin', '2024-01-26 12:58:43', '', NULL, '');
INSERT INTO `sys_menu` VALUES (1054, '任务导出', 110, 6, '#', '', '', 1, 0, 'F', '0', '0', 'monitor:job:export', '#', 'admin', '2024-01-26 12:58:43', '', NULL, '');
INSERT INTO `sys_menu` VALUES (1055, '生成查询', 116, 1, '#', '', '', 1, 0, 'F', '0', '0', 'tool:gen:query', '#', 'admin', '2024-01-26 12:58:43', '', NULL, '');
INSERT INTO `sys_menu` VALUES (1056, '生成修改', 116, 2, '#', '', '', 1, 0, 'F', '0', '0', 'tool:gen:edit', '#', 'admin', '2024-01-26 12:58:43', '', NULL, '');
INSERT INTO `sys_menu` VALUES (1057, '生成删除', 116, 3, '#', '', '', 1, 0, 'F', '0', '0', 'tool:gen:remove', '#', 'admin', '2024-01-26 12:58:43', '', NULL, '');
INSERT INTO `sys_menu` VALUES (1058, '导入代码', 116, 4, '#', '', '', 1, 0, 'F', '0', '0', 'tool:gen:import', '#', 'admin', '2024-01-26 12:58:43', '', NULL, '');
INSERT INTO `sys_menu` VALUES (1059, '预览代码', 116, 5, '#', '', '', 1, 0, 'F', '0', '0', 'tool:gen:preview', '#', 'admin', '2024-01-26 12:58:43', '', NULL, '');
INSERT INTO `sys_menu` VALUES (1060, '生成代码', 116, 6, '#', '', '', 1, 0, 'F', '0', '0', 'tool:gen:code', '#', 'admin', '2024-01-26 12:58:43', '', NULL, '');
INSERT INTO `sys_menu` VALUES (2019, '测试结果', 0, 4, 'testresult', 'system/testresult/index', NULL, 1, 1, 'C', '0', '0', 'system:testresult:list', 'table', 'admin', '2024-01-28 11:24:01', 'admin', '2024-01-28 15:51:54', '测试结果菜单');
INSERT INTO `sys_menu` VALUES (2020, '测试结果查询', 2019, 1, '#', '', NULL, 1, 0, 'F', '0', '0', 'system:testresult:query', '#', 'admin', '2024-01-28 11:24:01', '', NULL, '');
INSERT INTO `sys_menu` VALUES (2021, '测试结果新增', 2019, 2, '#', '', NULL, 1, 0, 'F', '0', '0', 'system:testresult:add', '#', 'admin', '2024-01-28 11:24:01', '', NULL, '');
INSERT INTO `sys_menu` VALUES (2022, '测试结果修改', 2019, 3, '#', '', NULL, 1, 0, 'F', '0', '0', 'system:testresult:edit', '#', 'admin', '2024-01-28 11:24:01', '', NULL, '');
INSERT INTO `sys_menu` VALUES (2023, '测试结果删除', 2019, 4, '#', '', NULL, 1, 0, 'F', '0', '0', 'system:testresult:remove', '#', 'admin', '2024-01-28 11:24:01', '', NULL, '');
INSERT INTO `sys_menu` VALUES (2024, '测试结果导出', 2019, 5, '#', '', NULL, 1, 0, 'F', '0', '1', 'system:testresult:export', '#', 'admin', '2024-01-28 11:24:01', 'admin', '2024-01-31 12:26:23', '');
INSERT INTO `sys_menu` VALUES (2025, '用例管理', 0, 3, 'case', 'system/case/index', NULL, 1, 1, 'C', '0', '0', 'system:case:list', 'code', 'admin', '2024-01-28 14:36:49', 'admin', '2024-01-28 15:51:47', '用例管理菜单');
INSERT INTO `sys_menu` VALUES (2026, '用例管理查询', 2025, 1, '#', '', NULL, 1, 0, 'F', '0', '0', 'system:case:query', '#', 'admin', '2024-01-28 14:36:49', '', NULL, '');
INSERT INTO `sys_menu` VALUES (2027, '用例管理新增', 2025, 2, '#', '', NULL, 1, 0, 'F', '0', '0', 'system:case:add', '#', 'admin', '2024-01-28 14:36:49', '', NULL, '');
INSERT INTO `sys_menu` VALUES (2028, '用例管理修改', 2025, 3, '#', '', NULL, 1, 0, 'F', '0', '0', 'system:case:edit', '#', 'admin', '2024-01-28 14:36:49', '', NULL, '');
INSERT INTO `sys_menu` VALUES (2029, '用例管理删除', 2025, 4, '#', '', NULL, 1, 0, 'F', '0', '0', 'system:case:remove', '#', 'admin', '2024-01-28 14:36:49', '', NULL, '');
INSERT INTO `sys_menu` VALUES (2030, '用例管理导出', 2025, 5, '#', '', NULL, 1, 0, 'F', '0', '1', 'system:case:export', '#', 'admin', '2024-01-28 14:36:49', 'admin', '2024-01-28 17:41:38', '');
INSERT INTO `sys_menu` VALUES (2031, '接口管理', 0, 2, 'interinfo', 'system/interinfo/index', NULL, 1, 1, 'C', '0', '0', 'system:interinfo:list', 'cascader', 'admin', '2024-01-28 14:41:06', 'admin', '2024-01-28 15:51:44', '接口管理菜单');
INSERT INTO `sys_menu` VALUES (2032, '接口管理查询', 2031, 1, '#', '', NULL, 1, 0, 'F', '0', '0', 'system:interinfo:query', '#', 'admin', '2024-01-28 14:41:06', '', NULL, '');
INSERT INTO `sys_menu` VALUES (2033, '接口管理新增', 2031, 2, '#', '', NULL, 1, 0, 'F', '0', '0', 'system:interinfo:add', '#', 'admin', '2024-01-28 14:41:06', '', NULL, '');
INSERT INTO `sys_menu` VALUES (2034, '接口管理修改', 2031, 3, '#', '', NULL, 1, 0, 'F', '0', '0', 'system:interinfo:edit', '#', 'admin', '2024-01-28 14:41:06', '', NULL, '');
INSERT INTO `sys_menu` VALUES (2035, '接口管理删除', 2031, 4, '#', '', NULL, 1, 0, 'F', '0', '0', 'system:interinfo:remove', '#', 'admin', '2024-01-28 14:41:06', '', NULL, '');
INSERT INTO `sys_menu` VALUES (2036, '接口管理导出', 2031, 5, '#', '', NULL, 1, 0, 'F', '0', '1', 'system:interinfo:export', '#', 'admin', '2024-01-28 14:41:06', 'admin', '2024-01-28 17:41:30', '');
INSERT INTO `sys_menu` VALUES (2037, '环境管理', 0, 1, 'environment', 'system/environment/index', NULL, 1, 1, 'C', '0', '0', 'system:environment:list', 'education', 'admin', '2024-01-28 14:43:42', 'admin', '2024-01-28 15:15:28', '环境菜单');
INSERT INTO `sys_menu` VALUES (2038, '环境查询', 2037, 1, '#', '', NULL, 1, 0, 'F', '0', '0', 'system:environment:query', '#', 'admin', '2024-01-28 14:43:42', '', NULL, '');
INSERT INTO `sys_menu` VALUES (2039, '环境新增', 2037, 2, '#', '', NULL, 1, 0, 'F', '0', '0', 'system:environment:add', '#', 'admin', '2024-01-28 14:43:42', '', NULL, '');
INSERT INTO `sys_menu` VALUES (2040, '环境修改', 2037, 3, '#', '', NULL, 1, 0, 'F', '0', '0', 'system:environment:edit', '#', 'admin', '2024-01-28 14:43:42', '', NULL, '');
INSERT INTO `sys_menu` VALUES (2041, '环境删除', 2037, 4, '#', '', NULL, 1, 0, 'F', '0', '0', 'system:environment:remove', '#', 'admin', '2024-01-28 14:43:42', '', NULL, '');
INSERT INTO `sys_menu` VALUES (2042, '环境导出', 2037, 5, '#', '', NULL, 1, 0, 'F', '0', '1', 'system:environment:export', '#', 'admin', '2024-01-28 14:43:42', 'admin', '2024-01-28 15:23:12', '');

-- ----------------------------
-- Table structure for sys_notice
-- ----------------------------
DROP TABLE IF EXISTS `sys_notice`;
CREATE TABLE `sys_notice`  (
  `notice_id` int NOT NULL AUTO_INCREMENT COMMENT '公告ID',
  `notice_title` varchar(50) CHARACTER SET utf8mb4 COLLATE utf8mb4_0900_ai_ci NOT NULL COMMENT '公告标题',
  `notice_type` char(1) CHARACTER SET utf8mb4 COLLATE utf8mb4_0900_ai_ci NOT NULL COMMENT '公告类型（1通知 2公告）',
  `notice_content` longblob NULL COMMENT '公告内容',
  `status` char(1) CHARACTER SET utf8mb4 COLLATE utf8mb4_0900_ai_ci NULL DEFAULT '0' COMMENT '公告状态（0正常 1关闭）',
  `create_by` varchar(64) CHARACTER SET utf8mb4 COLLATE utf8mb4_0900_ai_ci NULL DEFAULT '' COMMENT '创建者',
  `create_time` datetime NULL DEFAULT NULL COMMENT '创建时间',
  `update_by` varchar(64) CHARACTER SET utf8mb4 COLLATE utf8mb4_0900_ai_ci NULL DEFAULT '' COMMENT '更新者',
  `update_time` datetime NULL DEFAULT NULL COMMENT '更新时间',
  `remark` varchar(255) CHARACTER SET utf8mb4 COLLATE utf8mb4_0900_ai_ci NULL DEFAULT NULL COMMENT '备注',
  PRIMARY KEY (`notice_id`) USING BTREE
) ENGINE = InnoDB AUTO_INCREMENT = 10 CHARACTER SET = utf8mb4 COLLATE = utf8mb4_0900_ai_ci COMMENT = '通知公告表' ROW_FORMAT = Dynamic;

-- ----------------------------
-- Records of sys_notice
-- ----------------------------
INSERT INTO `sys_notice` VALUES (1, '温馨提醒：2018-07-01 若依新版本发布啦', '2', 0xE696B0E78988E69CACE58685E5AEB9, '0', 'admin', '2024-01-26 12:58:43', '', NULL, '管理员');
INSERT INTO `sys_notice` VALUES (2, '维护通知：2018-07-01 若依系统凌晨维护', '1', 0xE7BBB4E68AA4E58685E5AEB9, '0', 'admin', '2024-01-26 12:58:43', '', NULL, '管理员');

-- ----------------------------
-- Table structure for sys_oper_log
-- ----------------------------
DROP TABLE IF EXISTS `sys_oper_log`;
CREATE TABLE `sys_oper_log`  (
  `oper_id` bigint NOT NULL AUTO_INCREMENT COMMENT '日志主键',
  `title` varchar(50) CHARACTER SET utf8mb4 COLLATE utf8mb4_0900_ai_ci NULL DEFAULT '' COMMENT '模块标题',
  `business_type` int NULL DEFAULT 0 COMMENT '业务类型（0其它 1新增 2修改 3删除）',
  `method` varchar(100) CHARACTER SET utf8mb4 COLLATE utf8mb4_0900_ai_ci NULL DEFAULT '' COMMENT '方法名称',
  `request_method` varchar(10) CHARACTER SET utf8mb4 COLLATE utf8mb4_0900_ai_ci NULL DEFAULT '' COMMENT '请求方式',
  `operator_type` int NULL DEFAULT 0 COMMENT '操作类别（0其它 1后台用户 2手机端用户）',
  `oper_name` varchar(50) CHARACTER SET utf8mb4 COLLATE utf8mb4_0900_ai_ci NULL DEFAULT '' COMMENT '操作人员',
  `dept_name` varchar(50) CHARACTER SET utf8mb4 COLLATE utf8mb4_0900_ai_ci NULL DEFAULT '' COMMENT '部门名称',
  `oper_url` varchar(255) CHARACTER SET utf8mb4 COLLATE utf8mb4_0900_ai_ci NULL DEFAULT '' COMMENT '请求URL',
  `oper_ip` varchar(128) CHARACTER SET utf8mb4 COLLATE utf8mb4_0900_ai_ci NULL DEFAULT '' COMMENT '主机地址',
  `oper_location` varchar(255) CHARACTER SET utf8mb4 COLLATE utf8mb4_0900_ai_ci NULL DEFAULT '' COMMENT '操作地点',
  `oper_param` varchar(2000) CHARACTER SET utf8mb4 COLLATE utf8mb4_0900_ai_ci NULL DEFAULT '' COMMENT '请求参数',
  `json_result` varchar(2000) CHARACTER SET utf8mb4 COLLATE utf8mb4_0900_ai_ci NULL DEFAULT '' COMMENT '返回参数',
  `status` int NULL DEFAULT 0 COMMENT '操作状态（0正常 1异常）',
  `error_msg` varchar(2000) CHARACTER SET utf8mb4 COLLATE utf8mb4_0900_ai_ci NULL DEFAULT '' COMMENT '错误消息',
  `oper_time` datetime NULL DEFAULT NULL COMMENT '操作时间',
  `cost_time` bigint NULL DEFAULT 0 COMMENT '消耗时间',
  PRIMARY KEY (`oper_id`) USING BTREE,
  INDEX `idx_sys_oper_log_bt`(`business_type` ASC) USING BTREE,
  INDEX `idx_sys_oper_log_s`(`status` ASC) USING BTREE,
  INDEX `idx_sys_oper_log_ot`(`oper_time` ASC) USING BTREE
) ENGINE = InnoDB AUTO_INCREMENT = 396 CHARACTER SET = utf8mb4 COLLATE = utf8mb4_0900_ai_ci COMMENT = '操作日志记录' ROW_FORMAT = Dynamic;

-- ----------------------------
-- Records of sys_oper_log
-- ----------------------------
INSERT INTO `sys_oper_log` VALUES (100, '个人信息', 2, 'com.zou.web.controller.system.SysProfileController.updateProfile()', 'PUT', 1, 'admin', '研发部门', '/system/user/profile', '127.0.0.1', '内网IP', '{\"admin\":false,\"email\":\"123@113.com\",\"nickName\":\"管理员\",\"params\":{},\"phonenumber\":\"18899991111\",\"sex\":\"0\"}', '{\"msg\":\"操作成功\",\"code\":200}', 0, NULL, '2024-01-26 15:43:52', 92);
INSERT INTO `sys_oper_log` VALUES (101, '菜单管理', 2, 'com.zou.web.controller.system.SysMenuController.edit()', 'PUT', 1, 'admin', '研发部门', '/system/menu', '127.0.0.1', '内网IP', '{\"children\":[],\"createTime\":\"2024-01-26 12:58:43\",\"icon\":\"monitor\",\"isCache\":\"0\",\"isFrame\":\"1\",\"menuId\":2,\"menuName\":\"系统监控\",\"menuType\":\"M\",\"orderNum\":2,\"params\":{},\"parentId\":0,\"path\":\"monitor\",\"perms\":\"\",\"query\":\"\",\"status\":\"1\",\"updateBy\":\"admin\",\"visible\":\"0\"}', '{\"msg\":\"操作成功\",\"code\":200}', 0, NULL, '2024-01-26 15:47:40', 39);
INSERT INTO `sys_oper_log` VALUES (102, '菜单管理', 3, 'com.zou.web.controller.system.SysMenuController.remove()', 'DELETE', 1, 'admin', '研发部门', '/system/menu/4', '127.0.0.1', '内网IP', '{}', '{\"msg\":\"菜单已分配,不允许删除\",\"code\":601}', 0, NULL, '2024-01-26 15:47:50', 16);
INSERT INTO `sys_oper_log` VALUES (103, '菜单管理', 2, 'com.zou.web.controller.system.SysMenuController.edit()', 'PUT', 1, 'admin', '研发部门', '/system/menu', '127.0.0.1', '内网IP', '{\"children\":[],\"createTime\":\"2024-01-26 12:58:43\",\"icon\":\"guide\",\"isCache\":\"0\",\"isFrame\":\"0\",\"menuId\":4,\"menuName\":\"若依官网\",\"menuType\":\"M\",\"orderNum\":4,\"params\":{},\"parentId\":0,\"path\":\"http://ruoyi.vip\",\"perms\":\"\",\"query\":\"\",\"status\":\"1\",\"updateBy\":\"admin\",\"visible\":\"0\"}', '{\"msg\":\"操作成功\",\"code\":200}', 0, NULL, '2024-01-26 15:47:56', 9);
INSERT INTO `sys_oper_log` VALUES (104, '用户管理', 2, 'com.zou.web.controller.system.SysUserController.edit()', 'PUT', 1, 'admin', '研发部门', '/system/user', '127.0.0.1', '内网IP', '{\"admin\":false,\"avatar\":\"\",\"createBy\":\"admin\",\"createTime\":\"2024-01-26 12:58:43\",\"delFlag\":\"0\",\"dept\":{\"ancestors\":\"0,100,101\",\"children\":[],\"deptId\":105,\"deptName\":\"测试部门\",\"leader\":\"若依\",\"orderNum\":3,\"params\":{},\"parentId\":101,\"status\":\"0\"},\"deptId\":105,\"email\":\"test@test.com\",\"loginDate\":\"2024-01-26 12:58:43\",\"loginIp\":\"127.0.0.1\",\"nickName\":\"测试人员1\",\"params\":{},\"phonenumber\":\"15666666666\",\"postIds\":[2],\"remark\":\"测试员\",\"roleIds\":[2],\"roles\":[{\"admin\":false,\"dataScope\":\"2\",\"deptCheckStrictly\":false,\"flag\":false,\"menuCheckStrictly\":false,\"params\":{},\"roleId\":2,\"roleKey\":\"common\",\"roleName\":\"普通角色\",\"roleSort\":2,\"status\":\"0\"}],\"sex\":\"1\",\"status\":\"0\",\"updateBy\":\"admin\",\"userId\":2,\"userName\":\"ry\"}', '{\"msg\":\"操作成功\",\"code\":200}', 0, NULL, '2024-01-26 16:25:11', 54);
INSERT INTO `sys_oper_log` VALUES (105, '个人信息', 2, 'com.zou.web.controller.system.SysProfileController.updatePwd()', 'PUT', 1, 'ry', '测试部门', '/system/user/profile/updatePwd', '127.0.0.1', '内网IP', '{}', '{\"msg\":\"修改密码异常，请联系管理员\",\"code\":500}', 0, NULL, '2024-01-26 16:26:46', 254);
INSERT INTO `sys_oper_log` VALUES (106, '个人信息', 2, 'com.zou.web.controller.system.SysProfileController.updatePwd()', 'PUT', 1, 'test1', '测试部门', '/system/user/profile/updatePwd', '127.0.0.1', '内网IP', '{}', '{\"msg\":\"操作成功\",\"code\":200}', 0, NULL, '2024-01-26 16:27:12', 245);
INSERT INTO `sys_oper_log` VALUES (107, '代码生成', 6, 'com.zou.generator.controller.GenController.importTableSave()', 'POST', 1, 'admin', '研发部门', '/tool/gen/importTable', '127.0.0.1', '内网IP', '{\"tables\":\"environment\"}', '{\"msg\":\"操作成功\",\"code\":200}', 0, NULL, '2024-01-28 09:50:44', 146);
INSERT INTO `sys_oper_log` VALUES (108, '代码生成', 6, 'com.zou.generator.controller.GenController.importTableSave()', 'POST', 1, 'admin', '研发部门', '/tool/gen/importTable', '127.0.0.1', '内网IP', '{\"tables\":\"interinfo\"}', '{\"msg\":\"操作成功\",\"code\":200}', 0, NULL, '2024-01-28 09:53:34', 102);
INSERT INTO `sys_oper_log` VALUES (109, '菜单管理', 1, 'com.zou.web.controller.system.SysMenuController.add()', 'POST', 1, 'admin', '研发部门', '/system/menu', '127.0.0.1', '内网IP', '{\"children\":[],\"createBy\":\"admin\",\"icon\":\"education\",\"isCache\":\"0\",\"isFrame\":\"1\",\"menuName\":\"环境管理\",\"menuType\":\"C\",\"orderNum\":1,\"params\":{},\"parentId\":0,\"path\":\"envir\",\"status\":\"0\",\"visible\":\"0\"}', '{\"msg\":\"操作成功\",\"code\":200}', 0, NULL, '2024-01-28 10:06:45', 80);
INSERT INTO `sys_oper_log` VALUES (110, '代码生成', 2, 'com.zou.generator.controller.GenController.editSave()', 'PUT', 1, 'admin', '研发部门', '/tool/gen', '127.0.0.1', '内网IP', '{\"businessName\":\"environment\",\"className\":\"Environment\",\"columns\":[{\"capJavaField\":\"EnvirId\",\"columnComment\":\"环境ID\",\"columnId\":1,\"columnName\":\"envirId\",\"columnType\":\"int\",\"createBy\":\"admin\",\"createTime\":\"2024-01-28 09:50:44\",\"dictType\":\"\",\"edit\":false,\"htmlType\":\"input\",\"increment\":true,\"insert\":true,\"isIncrement\":\"1\",\"isInsert\":\"1\",\"isPk\":\"1\",\"isRequired\":\"0\",\"javaField\":\"envirId\",\"javaType\":\"Long\",\"list\":false,\"params\":{},\"pk\":true,\"query\":false,\"queryType\":\"EQ\",\"required\":false,\"sort\":1,\"superColumn\":false,\"tableId\":1,\"updateBy\":\"\",\"usableColumn\":false},{\"capJavaField\":\"EnvirName\",\"columnComment\":\"环境名称\",\"columnId\":2,\"columnName\":\"envirName\",\"columnType\":\"varchar(50)\",\"createBy\":\"admin\",\"createTime\":\"2024-01-28 09:50:44\",\"dictType\":\"\",\"edit\":true,\"htmlType\":\"input\",\"increment\":false,\"insert\":true,\"isEdit\":\"1\",\"isIncrement\":\"0\",\"isInsert\":\"1\",\"isList\":\"1\",\"isPk\":\"0\",\"isQuery\":\"1\",\"isRequired\":\"0\",\"javaField\":\"envirName\",\"javaType\":\"String\",\"list\":true,\"params\":{},\"pk\":false,\"query\":true,\"queryType\":\"LIKE\",\"required\":false,\"sort\":2,\"superColumn\":false,\"tableId\":1,\"updateBy\":\"\",\"usableColumn\":false},{\"capJavaField\":\"EnvirUrl\",\"columnComment\":\"前置地址\",\"columnId\":3,\"columnName\":\"envirUrl\",\"columnType\":\"varchar(255)\",\"createBy\":\"admin\",\"createTime\":\"2024-01-28 09:50:44\",\"dictType\":\"\",\"edit\":true,\"htmlType\":\"input\",\"increment\":false,\"insert\":true,\"isEdit\":\"1\",\"isIncrement\":\"0\",\"isInsert\":\"1\",\"isList\":\"1\",\"isPk\":\"0\",\"isQuery\":\"1\",\"isRequired\":\"0\",\"javaField\":\"envirUrl\",\"javaType\":\"String\",\"list\":true,\"params\":{},\"pk\":false,\"query\":true,\"queryType\":\"EQ\",\"required\":false,\"sort\":3,\"superColumn\":false,\"tableId\":1,\"updateBy\":\"\",\"usableColumn\":false},{\"capJavaField\":\"UserId\",\"columnComment\":\"用户id\",\"columnId\":4,\"columnName\":\"user_id\",\"columnType\":\"int\",\"createBy\":\"admin\",\"createTime\":\"2024-01-28 09:50:44\",\"dictType\":\"\",\"edit\":true,\"htmlType\":\"input\",\"increment\":false,\"insert\":true,\"isEdit\":\"1\",\"isIncrement\":\"0\",\"isInsert\":\"1\",\"isList\":\"1\",\"isPk\":\"0\",\"isQuery\":\"1\",\"isRequired\":\"0\",', '{\"msg\":\"操作成功\",\"code\":200}', 0, NULL, '2024-01-28 10:07:34', 53);
INSERT INTO `sys_oper_log` VALUES (111, '代码生成', 2, 'com.zou.generator.controller.GenController.editSave()', 'PUT', 1, 'admin', '研发部门', '/tool/gen', '127.0.0.1', '内网IP', '{\"businessName\":\"environment\",\"className\":\"Environment\",\"columns\":[{\"capJavaField\":\"EnvirId\",\"columnComment\":\"环境ID\",\"columnId\":1,\"columnName\":\"envirId\",\"columnType\":\"int\",\"createBy\":\"admin\",\"createTime\":\"2024-01-28 09:50:44\",\"dictType\":\"\",\"edit\":false,\"htmlType\":\"input\",\"increment\":true,\"insert\":true,\"isIncrement\":\"1\",\"isInsert\":\"1\",\"isPk\":\"1\",\"isRequired\":\"0\",\"javaField\":\"envirId\",\"javaType\":\"Long\",\"list\":false,\"params\":{},\"pk\":true,\"query\":false,\"queryType\":\"EQ\",\"required\":false,\"sort\":1,\"superColumn\":false,\"tableId\":1,\"updateBy\":\"\",\"updateTime\":\"2024-01-28 10:07:34\",\"usableColumn\":false},{\"capJavaField\":\"EnvirName\",\"columnComment\":\"环境名称\",\"columnId\":2,\"columnName\":\"envirName\",\"columnType\":\"varchar(50)\",\"createBy\":\"admin\",\"createTime\":\"2024-01-28 09:50:44\",\"dictType\":\"\",\"edit\":true,\"htmlType\":\"input\",\"increment\":false,\"insert\":true,\"isEdit\":\"1\",\"isIncrement\":\"0\",\"isInsert\":\"1\",\"isList\":\"1\",\"isPk\":\"0\",\"isQuery\":\"1\",\"isRequired\":\"0\",\"javaField\":\"envirName\",\"javaType\":\"String\",\"list\":true,\"params\":{},\"pk\":false,\"query\":true,\"queryType\":\"LIKE\",\"required\":false,\"sort\":2,\"superColumn\":false,\"tableId\":1,\"updateBy\":\"\",\"updateTime\":\"2024-01-28 10:07:34\",\"usableColumn\":false},{\"capJavaField\":\"EnvirUrl\",\"columnComment\":\"前置地址\",\"columnId\":3,\"columnName\":\"envirUrl\",\"columnType\":\"varchar(255)\",\"createBy\":\"admin\",\"createTime\":\"2024-01-28 09:50:44\",\"dictType\":\"\",\"edit\":true,\"htmlType\":\"input\",\"increment\":false,\"insert\":true,\"isEdit\":\"1\",\"isIncrement\":\"0\",\"isInsert\":\"1\",\"isList\":\"1\",\"isPk\":\"0\",\"isQuery\":\"1\",\"isRequired\":\"0\",\"javaField\":\"envirUrl\",\"javaType\":\"String\",\"list\":true,\"params\":{},\"pk\":false,\"query\":true,\"queryType\":\"EQ\",\"required\":false,\"sort\":3,\"superColumn\":false,\"tableId\":1,\"updateBy\":\"\",\"updateTime\":\"2024-01-28 10:07:34\",\"usableColumn\":false},{\"capJavaField\":\"UserId\",\"columnComment\":\"用户id\",\"columnId\":4,\"columnName\":\"user_id\",\"columnType\":\"int\",\"createBy\":\"admin\",\"createTime\":\"2024-01-28 09:50:44\",\"dictType\":\"\",\"edit\":true,\"htmlType\":\"input\",\"increment\":false,\"insert\":t', '{\"msg\":\"操作成功\",\"code\":200}', 0, NULL, '2024-01-28 10:08:41', 28);
INSERT INTO `sys_oper_log` VALUES (112, '代码生成', 2, 'com.zou.generator.controller.GenController.editSave()', 'PUT', 1, 'admin', '研发部门', '/tool/gen', '127.0.0.1', '内网IP', '{\"businessName\":\"environment\",\"className\":\"Environment\",\"columns\":[{\"capJavaField\":\"EnvirId\",\"columnComment\":\"环境ID\",\"columnId\":1,\"columnName\":\"envirId\",\"columnType\":\"int\",\"createBy\":\"admin\",\"createTime\":\"2024-01-28 09:50:44\",\"dictType\":\"\",\"edit\":false,\"htmlType\":\"input\",\"increment\":true,\"insert\":false,\"isIncrement\":\"1\",\"isInsert\":\"0\",\"isPk\":\"1\",\"isRequired\":\"0\",\"javaField\":\"envirId\",\"javaType\":\"Long\",\"list\":false,\"params\":{},\"pk\":true,\"query\":false,\"queryType\":\"EQ\",\"required\":false,\"sort\":1,\"superColumn\":false,\"tableId\":1,\"updateBy\":\"\",\"updateTime\":\"2024-01-28 10:08:41\",\"usableColumn\":false},{\"capJavaField\":\"EnvirName\",\"columnComment\":\"环境名称\",\"columnId\":2,\"columnName\":\"envirName\",\"columnType\":\"varchar(50)\",\"createBy\":\"admin\",\"createTime\":\"2024-01-28 09:50:44\",\"dictType\":\"\",\"edit\":true,\"htmlType\":\"input\",\"increment\":false,\"insert\":true,\"isEdit\":\"1\",\"isIncrement\":\"0\",\"isInsert\":\"1\",\"isList\":\"1\",\"isPk\":\"0\",\"isQuery\":\"1\",\"isRequired\":\"0\",\"javaField\":\"envirName\",\"javaType\":\"String\",\"list\":true,\"params\":{},\"pk\":false,\"query\":true,\"queryType\":\"LIKE\",\"required\":false,\"sort\":2,\"superColumn\":false,\"tableId\":1,\"updateBy\":\"\",\"updateTime\":\"2024-01-28 10:08:41\",\"usableColumn\":false},{\"capJavaField\":\"EnvirUrl\",\"columnComment\":\"前置地址\",\"columnId\":3,\"columnName\":\"envirUrl\",\"columnType\":\"varchar(255)\",\"createBy\":\"admin\",\"createTime\":\"2024-01-28 09:50:44\",\"dictType\":\"\",\"edit\":true,\"htmlType\":\"input\",\"increment\":false,\"insert\":true,\"isEdit\":\"1\",\"isIncrement\":\"0\",\"isInsert\":\"1\",\"isList\":\"1\",\"isPk\":\"0\",\"isQuery\":\"1\",\"isRequired\":\"0\",\"javaField\":\"envirUrl\",\"javaType\":\"String\",\"list\":true,\"params\":{},\"pk\":false,\"query\":true,\"queryType\":\"EQ\",\"required\":false,\"sort\":3,\"superColumn\":false,\"tableId\":1,\"updateBy\":\"\",\"updateTime\":\"2024-01-28 10:08:41\",\"usableColumn\":false},{\"capJavaField\":\"UserId\",\"columnComment\":\"用户id\",\"columnId\":4,\"columnName\":\"user_id\",\"columnType\":\"int\",\"createBy\":\"admin\",\"createTime\":\"2024-01-28 09:50:44\",\"dictType\":\"\",\"edit\":false,\"htmlType\":\"input\",\"increment\":false,\"insert\"', '{\"msg\":\"操作成功\",\"code\":200}', 0, NULL, '2024-01-28 10:10:19', 24);
INSERT INTO `sys_oper_log` VALUES (113, '代码生成', 8, 'com.zou.generator.controller.GenController.genCode()', 'GET', 1, 'admin', '研发部门', '/tool/gen/genCode/environment', '127.0.0.1', '内网IP', '{}', '{\"msg\":\"操作成功\",\"code\":200}', 0, NULL, '2024-01-28 10:10:23', 281);
INSERT INTO `sys_oper_log` VALUES (114, '代码生成', 8, 'com.zou.generator.controller.GenController.genCode()', 'GET', 1, 'admin', '研发部门', '/tool/gen/genCode/environment', '127.0.0.1', '内网IP', '{}', '{\"msg\":\"操作成功\",\"code\":200}', 0, NULL, '2024-01-28 10:28:44', 185);
INSERT INTO `sys_oper_log` VALUES (115, '代码生成', 2, 'com.zou.generator.controller.GenController.editSave()', 'PUT', 1, 'admin', '研发部门', '/tool/gen', '127.0.0.1', '内网IP', '{\"businessName\":\"environment\",\"className\":\"Environment\",\"columns\":[{\"capJavaField\":\"EnvirId\",\"columnComment\":\"环境ID\",\"columnId\":1,\"columnName\":\"envirId\",\"columnType\":\"int\",\"createBy\":\"admin\",\"createTime\":\"2024-01-28 09:50:44\",\"dictType\":\"\",\"edit\":false,\"htmlType\":\"input\",\"increment\":true,\"insert\":false,\"isIncrement\":\"1\",\"isInsert\":\"0\",\"isPk\":\"1\",\"isRequired\":\"0\",\"javaField\":\"envirId\",\"javaType\":\"Long\",\"list\":false,\"params\":{},\"pk\":true,\"query\":false,\"queryType\":\"EQ\",\"required\":false,\"sort\":1,\"superColumn\":false,\"tableId\":1,\"updateBy\":\"\",\"updateTime\":\"2024-01-28 10:10:19\",\"usableColumn\":false},{\"capJavaField\":\"EnvirName\",\"columnComment\":\"环境名称\",\"columnId\":2,\"columnName\":\"envirName\",\"columnType\":\"varchar(50)\",\"createBy\":\"admin\",\"createTime\":\"2024-01-28 09:50:44\",\"dictType\":\"\",\"edit\":true,\"htmlType\":\"input\",\"increment\":false,\"insert\":true,\"isEdit\":\"1\",\"isIncrement\":\"0\",\"isInsert\":\"1\",\"isList\":\"1\",\"isPk\":\"0\",\"isQuery\":\"1\",\"isRequired\":\"0\",\"javaField\":\"envirName\",\"javaType\":\"String\",\"list\":true,\"params\":{},\"pk\":false,\"query\":true,\"queryType\":\"LIKE\",\"required\":false,\"sort\":2,\"superColumn\":false,\"tableId\":1,\"updateBy\":\"\",\"updateTime\":\"2024-01-28 10:10:19\",\"usableColumn\":false},{\"capJavaField\":\"EnvirUrl\",\"columnComment\":\"前置地址\",\"columnId\":3,\"columnName\":\"envirUrl\",\"columnType\":\"varchar(255)\",\"createBy\":\"admin\",\"createTime\":\"2024-01-28 09:50:44\",\"dictType\":\"\",\"edit\":true,\"htmlType\":\"input\",\"increment\":false,\"insert\":true,\"isEdit\":\"1\",\"isIncrement\":\"0\",\"isInsert\":\"1\",\"isList\":\"1\",\"isPk\":\"0\",\"isQuery\":\"1\",\"isRequired\":\"0\",\"javaField\":\"envirUrl\",\"javaType\":\"String\",\"list\":true,\"params\":{},\"pk\":false,\"query\":true,\"queryType\":\"EQ\",\"required\":false,\"sort\":3,\"superColumn\":false,\"tableId\":1,\"updateBy\":\"\",\"updateTime\":\"2024-01-28 10:10:19\",\"usableColumn\":false},{\"capJavaField\":\"UserId\",\"columnComment\":\"用户id\",\"columnId\":4,\"columnName\":\"user_id\",\"columnType\":\"int\",\"createBy\":\"admin\",\"createTime\":\"2024-01-28 09:50:44\",\"dictType\":\"\",\"edit\":false,\"htmlType\":\"input\",\"increment\":false,\"insert\"', '{\"msg\":\"操作成功\",\"code\":200}', 0, NULL, '2024-01-28 10:29:16', 49);
INSERT INTO `sys_oper_log` VALUES (116, '代码生成', 8, 'com.zou.generator.controller.GenController.batchGenCode()', 'GET', 1, 'admin', '研发部门', '/tool/gen/batchGenCode', '127.0.0.1', '内网IP', '{\"tables\":\"environment\"}', NULL, 0, NULL, '2024-01-28 10:29:18', 60);
INSERT INTO `sys_oper_log` VALUES (117, '菜单管理', 2, 'com.zou.web.controller.system.SysMenuController.edit()', 'PUT', 1, 'admin', '研发部门', '/system/menu', '127.0.0.1', '内网IP', '{\"children\":[],\"createTime\":\"2024-01-28 10:06:45\",\"icon\":\"education\",\"isCache\":\"0\",\"isFrame\":\"1\",\"menuId\":2000,\"menuName\":\"环境管理\",\"menuType\":\"C\",\"orderNum\":1,\"params\":{},\"parentId\":0,\"path\":\"environment\",\"perms\":\"\",\"status\":\"0\",\"updateBy\":\"admin\",\"visible\":\"0\"}', '{\"msg\":\"操作成功\",\"code\":200}', 0, NULL, '2024-01-28 10:31:26', 17);
INSERT INTO `sys_oper_log` VALUES (118, '代码生成', 6, 'com.zou.generator.controller.GenController.importTableSave()', 'POST', 1, 'admin', '研发部门', '/tool/gen/importTable', '127.0.0.1', '内网IP', '{\"tables\":\"caseinfo\"}', '{\"msg\":\"操作成功\",\"code\":200}', 0, NULL, '2024-01-28 10:45:49', 141);
INSERT INTO `sys_oper_log` VALUES (119, '代码生成', 2, 'com.zou.generator.controller.GenController.editSave()', 'PUT', 1, 'admin', '研发部门', '/tool/gen', '127.0.0.1', '内网IP', '{\"businessName\":\"caseinfo\",\"className\":\"Caseinfo\",\"columns\":[{\"capJavaField\":\"CaseId\",\"columnId\":13,\"columnName\":\"caseId\",\"columnType\":\"int\",\"createBy\":\"admin\",\"createTime\":\"2024-01-28 10:45:49\",\"dictType\":\"\",\"edit\":false,\"htmlType\":\"input\",\"increment\":true,\"insert\":false,\"isIncrement\":\"1\",\"isInsert\":\"0\",\"isPk\":\"1\",\"isRequired\":\"0\",\"javaField\":\"caseId\",\"javaType\":\"Long\",\"list\":false,\"params\":{},\"pk\":true,\"query\":false,\"queryType\":\"EQ\",\"required\":false,\"sort\":1,\"superColumn\":false,\"tableId\":3,\"updateBy\":\"\",\"usableColumn\":false},{\"capJavaField\":\"CaseName\",\"columnId\":14,\"columnName\":\"caseName\",\"columnType\":\"varchar(255)\",\"createBy\":\"admin\",\"createTime\":\"2024-01-28 10:45:49\",\"dictType\":\"\",\"edit\":true,\"htmlType\":\"input\",\"increment\":false,\"insert\":true,\"isEdit\":\"1\",\"isIncrement\":\"0\",\"isInsert\":\"1\",\"isList\":\"1\",\"isPk\":\"0\",\"isQuery\":\"1\",\"isRequired\":\"0\",\"javaField\":\"caseName\",\"javaType\":\"String\",\"list\":true,\"params\":{},\"pk\":false,\"query\":true,\"queryType\":\"LIKE\",\"required\":false,\"sort\":2,\"superColumn\":false,\"tableId\":3,\"updateBy\":\"\",\"usableColumn\":false},{\"capJavaField\":\"Header\",\"columnId\":15,\"columnName\":\"header\",\"columnType\":\"json\",\"createBy\":\"admin\",\"createTime\":\"2024-01-28 10:45:49\",\"dictType\":\"\",\"edit\":true,\"increment\":false,\"insert\":true,\"isEdit\":\"1\",\"isIncrement\":\"0\",\"isInsert\":\"1\",\"isList\":\"1\",\"isPk\":\"0\",\"isQuery\":\"1\",\"isRequired\":\"0\",\"javaField\":\"header\",\"javaType\":\"String\",\"list\":true,\"params\":{},\"pk\":false,\"query\":true,\"queryType\":\"EQ\",\"required\":false,\"sort\":3,\"superColumn\":false,\"tableId\":3,\"updateBy\":\"\",\"usableColumn\":false},{\"capJavaField\":\"Param\",\"columnId\":16,\"columnName\":\"param\",\"columnType\":\"json\",\"createBy\":\"admin\",\"createTime\":\"2024-01-28 10:45:49\",\"dictType\":\"\",\"edit\":true,\"increment\":false,\"insert\":true,\"isEdit\":\"1\",\"isIncrement\":\"0\",\"isInsert\":\"1\",\"isList\":\"1\",\"isPk\":\"0\",\"isQuery\":\"1\",\"isRequired\":\"0\",\"javaField\":\"param\",\"javaType\":\"String\",\"list\":true,\"params\":{},\"pk\":false,\"query\":true,\"queryType\":\"EQ\",\"required\":false,\"sort\":4,\"superColumn\":false,\"', '{\"msg\":\"操作成功\",\"code\":200}', 0, NULL, '2024-01-28 10:48:51', 41);
INSERT INTO `sys_oper_log` VALUES (120, '代码生成', 2, 'com.zou.generator.controller.GenController.editSave()', 'PUT', 1, 'admin', '研发部门', '/tool/gen', '127.0.0.1', '内网IP', '{\"businessName\":\"environment\",\"className\":\"Environment\",\"columns\":[{\"capJavaField\":\"EnvirId\",\"columnComment\":\"环境ID\",\"columnId\":1,\"columnName\":\"envirId\",\"columnType\":\"int\",\"createBy\":\"admin\",\"createTime\":\"2024-01-28 09:50:44\",\"dictType\":\"\",\"edit\":false,\"htmlType\":\"input\",\"increment\":true,\"insert\":false,\"isIncrement\":\"1\",\"isInsert\":\"0\",\"isPk\":\"1\",\"isRequired\":\"0\",\"javaField\":\"envirId\",\"javaType\":\"Long\",\"list\":false,\"params\":{},\"pk\":true,\"query\":false,\"queryType\":\"EQ\",\"required\":false,\"sort\":1,\"superColumn\":false,\"tableId\":1,\"updateBy\":\"\",\"updateTime\":\"2024-01-28 10:29:16\",\"usableColumn\":false},{\"capJavaField\":\"EnvirName\",\"columnComment\":\"环境名称\",\"columnId\":2,\"columnName\":\"envirName\",\"columnType\":\"varchar(50)\",\"createBy\":\"admin\",\"createTime\":\"2024-01-28 09:50:44\",\"dictType\":\"\",\"edit\":true,\"htmlType\":\"input\",\"increment\":false,\"insert\":true,\"isEdit\":\"1\",\"isIncrement\":\"0\",\"isInsert\":\"1\",\"isList\":\"1\",\"isPk\":\"0\",\"isQuery\":\"1\",\"isRequired\":\"0\",\"javaField\":\"envirName\",\"javaType\":\"String\",\"list\":true,\"params\":{},\"pk\":false,\"query\":true,\"queryType\":\"LIKE\",\"required\":false,\"sort\":2,\"superColumn\":false,\"tableId\":1,\"updateBy\":\"\",\"updateTime\":\"2024-01-28 10:29:16\",\"usableColumn\":false},{\"capJavaField\":\"EnvirUrl\",\"columnComment\":\"前置地址\",\"columnId\":3,\"columnName\":\"envirUrl\",\"columnType\":\"varchar(255)\",\"createBy\":\"admin\",\"createTime\":\"2024-01-28 09:50:44\",\"dictType\":\"\",\"edit\":true,\"htmlType\":\"input\",\"increment\":false,\"insert\":true,\"isEdit\":\"1\",\"isIncrement\":\"0\",\"isInsert\":\"1\",\"isList\":\"1\",\"isPk\":\"0\",\"isQuery\":\"1\",\"isRequired\":\"0\",\"javaField\":\"envirUrl\",\"javaType\":\"String\",\"list\":true,\"params\":{},\"pk\":false,\"query\":true,\"queryType\":\"EQ\",\"required\":false,\"sort\":3,\"superColumn\":false,\"tableId\":1,\"updateBy\":\"\",\"updateTime\":\"2024-01-28 10:29:16\",\"usableColumn\":false},{\"capJavaField\":\"UserId\",\"columnComment\":\"用户id\",\"columnId\":4,\"columnName\":\"user_id\",\"columnType\":\"int\",\"createBy\":\"admin\",\"createTime\":\"2024-01-28 09:50:44\",\"dictType\":\"\",\"edit\":false,\"htmlType\":\"input\",\"increment\":false,\"insert\"', '{\"msg\":\"操作成功\",\"code\":200}', 0, NULL, '2024-01-28 10:49:27', 29);
INSERT INTO `sys_oper_log` VALUES (121, '菜单管理', 2, 'com.zou.web.controller.system.SysMenuController.edit()', 'PUT', 1, 'admin', '研发部门', '/system/menu', '127.0.0.1', '内网IP', '{\"children\":[],\"component\":\"system/environment/index\",\"createTime\":\"2024-01-28 10:49:43\",\"icon\":\"education\",\"isCache\":\"0\",\"isFrame\":\"1\",\"menuId\":2007,\"menuName\":\"环境\",\"menuType\":\"C\",\"orderNum\":1,\"params\":{},\"parentId\":0,\"path\":\"environment\",\"perms\":\"system:environment:list\",\"status\":\"0\",\"updateBy\":\"admin\",\"visible\":\"0\"}', '{\"msg\":\"操作成功\",\"code\":200}', 0, NULL, '2024-01-28 10:50:39', 14);
INSERT INTO `sys_oper_log` VALUES (122, '菜单管理', 2, 'com.zou.web.controller.system.SysMenuController.edit()', 'PUT', 1, 'admin', '研发部门', '/system/menu', '127.0.0.1', '内网IP', '{\"children\":[],\"component\":\"system/environment/index\",\"createTime\":\"2024-01-28 10:49:43\",\"icon\":\"education\",\"isCache\":\"0\",\"isFrame\":\"1\",\"menuId\":2007,\"menuName\":\"环境管理\",\"menuType\":\"C\",\"orderNum\":1,\"params\":{},\"parentId\":0,\"path\":\"environment\",\"perms\":\"system:environment:list\",\"status\":\"0\",\"updateBy\":\"admin\",\"visible\":\"0\"}', '{\"msg\":\"操作成功\",\"code\":200}', 0, NULL, '2024-01-28 10:50:56', 14);
INSERT INTO `sys_oper_log` VALUES (123, '菜单管理', 2, 'com.zou.web.controller.system.SysMenuController.edit()', 'PUT', 1, 'admin', '研发部门', '/system/menu', '127.0.0.1', '内网IP', '{\"children\":[],\"createTime\":\"2024-01-26 12:58:43\",\"icon\":\"system\",\"isCache\":\"0\",\"isFrame\":\"1\",\"menuId\":1,\"menuName\":\"系统管理\",\"menuType\":\"M\",\"orderNum\":2,\"params\":{},\"parentId\":0,\"path\":\"system\",\"perms\":\"\",\"query\":\"\",\"status\":\"0\",\"updateBy\":\"admin\",\"visible\":\"0\"}', '{\"msg\":\"操作成功\",\"code\":200}', 0, NULL, '2024-01-28 10:51:19', 11);
INSERT INTO `sys_oper_log` VALUES (124, '代码生成', 2, 'com.zou.generator.controller.GenController.editSave()', 'PUT', 1, 'admin', '研发部门', '/tool/gen', '127.0.0.1', '内网IP', '{\"businessName\":\"case\",\"className\":\"Caseinfo\",\"columns\":[{\"capJavaField\":\"CaseId\",\"columnId\":13,\"columnName\":\"caseId\",\"columnType\":\"int\",\"createBy\":\"admin\",\"createTime\":\"2024-01-28 10:45:49\",\"dictType\":\"\",\"edit\":false,\"htmlType\":\"input\",\"increment\":true,\"insert\":false,\"isIncrement\":\"1\",\"isInsert\":\"0\",\"isPk\":\"1\",\"isRequired\":\"0\",\"javaField\":\"caseId\",\"javaType\":\"Long\",\"list\":false,\"params\":{},\"pk\":true,\"query\":false,\"queryType\":\"EQ\",\"required\":false,\"sort\":1,\"superColumn\":false,\"tableId\":3,\"updateBy\":\"\",\"updateTime\":\"2024-01-28 10:48:51\",\"usableColumn\":false},{\"capJavaField\":\"CaseName\",\"columnId\":14,\"columnName\":\"caseName\",\"columnType\":\"varchar(255)\",\"createBy\":\"admin\",\"createTime\":\"2024-01-28 10:45:49\",\"dictType\":\"\",\"edit\":true,\"htmlType\":\"input\",\"increment\":false,\"insert\":true,\"isEdit\":\"1\",\"isIncrement\":\"0\",\"isInsert\":\"1\",\"isList\":\"1\",\"isPk\":\"0\",\"isQuery\":\"1\",\"isRequired\":\"0\",\"javaField\":\"caseName\",\"javaType\":\"String\",\"list\":true,\"params\":{},\"pk\":false,\"query\":true,\"queryType\":\"LIKE\",\"required\":false,\"sort\":2,\"superColumn\":false,\"tableId\":3,\"updateBy\":\"\",\"updateTime\":\"2024-01-28 10:48:51\",\"usableColumn\":false},{\"capJavaField\":\"Header\",\"columnId\":15,\"columnName\":\"header\",\"columnType\":\"json\",\"createBy\":\"admin\",\"createTime\":\"2024-01-28 10:45:49\",\"dictType\":\"\",\"edit\":true,\"increment\":false,\"insert\":true,\"isEdit\":\"1\",\"isIncrement\":\"0\",\"isInsert\":\"1\",\"isList\":\"1\",\"isPk\":\"0\",\"isQuery\":\"1\",\"isRequired\":\"0\",\"javaField\":\"header\",\"javaType\":\"String\",\"list\":true,\"params\":{},\"pk\":false,\"query\":true,\"queryType\":\"EQ\",\"required\":false,\"sort\":3,\"superColumn\":false,\"tableId\":3,\"updateBy\":\"\",\"updateTime\":\"2024-01-28 10:48:51\",\"usableColumn\":false},{\"capJavaField\":\"Param\",\"columnId\":16,\"columnName\":\"param\",\"columnType\":\"json\",\"createBy\":\"admin\",\"createTime\":\"2024-01-28 10:45:49\",\"dictType\":\"\",\"edit\":true,\"increment\":false,\"insert\":true,\"isEdit\":\"1\",\"isIncrement\":\"0\",\"isInsert\":\"1\",\"isList\":\"1\",\"isPk\":\"0\",\"isQuery\":\"1\",\"isRequired\":\"0\",\"javaField\":\"param\",\"javaType\":\"String\",\"list\":true', '{\"msg\":\"操作成功\",\"code\":200}', 0, NULL, '2024-01-28 10:53:05', 42);
INSERT INTO `sys_oper_log` VALUES (125, '代码生成', 8, 'com.zou.generator.controller.GenController.batchGenCode()', 'GET', 1, 'admin', '研发部门', '/tool/gen/batchGenCode', '127.0.0.1', '内网IP', '{\"tables\":\"caseinfo\"}', NULL, 0, NULL, '2024-01-28 10:53:10', 37);
INSERT INTO `sys_oper_log` VALUES (126, '菜单管理', 2, 'com.zou.web.controller.system.SysMenuController.edit()', 'PUT', 1, 'admin', '研发部门', '/system/menu', '127.0.0.1', '内网IP', '{\"children\":[],\"component\":\"system/case/index\",\"createTime\":\"2024-01-28 10:55:41\",\"icon\":\"code\",\"isCache\":\"0\",\"isFrame\":\"1\",\"menuId\":2013,\"menuName\":\"用例管理\",\"menuType\":\"C\",\"orderNum\":1,\"params\":{},\"parentId\":0,\"path\":\"case\",\"perms\":\"system:case:list\",\"status\":\"0\",\"updateBy\":\"admin\",\"visible\":\"0\"}', '{\"msg\":\"操作成功\",\"code\":200}', 0, NULL, '2024-01-28 11:07:50', 33);
INSERT INTO `sys_oper_log` VALUES (127, '代码生成', 2, 'com.zou.generator.controller.GenController.editSave()', 'PUT', 1, 'admin', '研发部门', '/tool/gen', '127.0.0.1', '内网IP', '{\"businessName\":\"case\",\"className\":\"Caseinfo\",\"columns\":[{\"capJavaField\":\"CaseId\",\"columnId\":13,\"columnName\":\"caseId\",\"columnType\":\"int\",\"createBy\":\"admin\",\"createTime\":\"2024-01-28 10:45:49\",\"dictType\":\"\",\"edit\":false,\"htmlType\":\"input\",\"increment\":true,\"insert\":false,\"isIncrement\":\"1\",\"isInsert\":\"0\",\"isPk\":\"1\",\"isRequired\":\"0\",\"javaField\":\"caseId\",\"javaType\":\"Long\",\"list\":false,\"params\":{},\"pk\":true,\"query\":false,\"queryType\":\"EQ\",\"required\":false,\"sort\":1,\"superColumn\":false,\"tableId\":3,\"updateBy\":\"\",\"updateTime\":\"2024-01-28 10:53:05\",\"usableColumn\":false},{\"capJavaField\":\"CaseName\",\"columnComment\":\"用例名称\",\"columnId\":14,\"columnName\":\"caseName\",\"columnType\":\"varchar(255)\",\"createBy\":\"admin\",\"createTime\":\"2024-01-28 10:45:49\",\"dictType\":\"\",\"edit\":true,\"htmlType\":\"input\",\"increment\":false,\"insert\":true,\"isEdit\":\"1\",\"isIncrement\":\"0\",\"isInsert\":\"1\",\"isList\":\"1\",\"isPk\":\"0\",\"isQuery\":\"1\",\"isRequired\":\"0\",\"javaField\":\"caseName\",\"javaType\":\"String\",\"list\":true,\"params\":{},\"pk\":false,\"query\":true,\"queryType\":\"LIKE\",\"required\":false,\"sort\":2,\"superColumn\":false,\"tableId\":3,\"updateBy\":\"\",\"updateTime\":\"2024-01-28 10:53:05\",\"usableColumn\":false},{\"capJavaField\":\"Header\",\"columnComment\":\"请求头\",\"columnId\":15,\"columnName\":\"header\",\"columnType\":\"json\",\"createBy\":\"admin\",\"createTime\":\"2024-01-28 10:45:49\",\"dictType\":\"\",\"edit\":true,\"increment\":false,\"insert\":true,\"isEdit\":\"1\",\"isIncrement\":\"0\",\"isInsert\":\"1\",\"isList\":\"1\",\"isPk\":\"0\",\"isQuery\":\"1\",\"isRequired\":\"0\",\"javaField\":\"header\",\"javaType\":\"String\",\"list\":true,\"params\":{},\"pk\":false,\"query\":true,\"queryType\":\"EQ\",\"required\":false,\"sort\":3,\"superColumn\":false,\"tableId\":3,\"updateBy\":\"\",\"updateTime\":\"2024-01-28 10:53:05\",\"usableColumn\":false},{\"capJavaField\":\"Param\",\"columnComment\":\"请求参数\",\"columnId\":16,\"columnName\":\"param\",\"columnType\":\"json\",\"createBy\":\"admin\",\"createTime\":\"2024-01-28 10:45:49\",\"dictType\":\"\",\"edit\":true,\"increment\":false,\"insert\":true,\"isEdit\":\"1\",\"isIncrement\":\"0\",\"isInsert\":\"1\",\"isList\":\"1\",\"isPk\":\"0\",\"isQuery\":\"1\",', '{\"msg\":\"操作成功\",\"code\":200}', 0, NULL, '2024-01-28 11:10:57', 63);
INSERT INTO `sys_oper_log` VALUES (128, '代码生成', 6, 'com.zou.generator.controller.GenController.importTableSave()', 'POST', 1, 'admin', '研发部门', '/tool/gen/importTable', '127.0.0.1', '内网IP', '{\"tables\":\"testresult\"}', '{\"msg\":\"操作成功\",\"code\":200}', 0, NULL, '2024-01-28 11:15:13', 106);
INSERT INTO `sys_oper_log` VALUES (129, '代码生成', 2, 'com.zou.generator.controller.GenController.synchDb()', 'GET', 1, 'admin', '研发部门', '/tool/gen/synchDb/environment', '127.0.0.1', '内网IP', '{}', '{\"msg\":\"操作成功\",\"code\":200}', 0, NULL, '2024-01-28 11:15:18', 38);
INSERT INTO `sys_oper_log` VALUES (130, '代码生成', 2, 'com.zou.generator.controller.GenController.synchDb()', 'GET', 1, 'admin', '研发部门', '/tool/gen/synchDb/interinfo', '127.0.0.1', '内网IP', '{}', '{\"msg\":\"操作成功\",\"code\":200}', 0, NULL, '2024-01-28 11:15:21', 45);
INSERT INTO `sys_oper_log` VALUES (131, '代码生成', 2, 'com.zou.generator.controller.GenController.synchDb()', 'GET', 1, 'admin', '研发部门', '/tool/gen/synchDb/caseinfo', '127.0.0.1', '内网IP', '{}', '{\"msg\":\"操作成功\",\"code\":200}', 0, NULL, '2024-01-28 11:15:23', 44);
INSERT INTO `sys_oper_log` VALUES (132, '代码生成', 2, 'com.zou.generator.controller.GenController.editSave()', 'PUT', 1, 'admin', '研发部门', '/tool/gen', '127.0.0.1', '内网IP', '{\"businessName\":\"testresult\",\"className\":\"Testresult\",\"columns\":[{\"capJavaField\":\"ResultId\",\"columnComment\":\"结果ID\",\"columnId\":20,\"columnName\":\"resultId\",\"columnType\":\"int\",\"createBy\":\"admin\",\"createTime\":\"2024-01-28 11:15:13\",\"dictType\":\"\",\"edit\":false,\"htmlType\":\"input\",\"increment\":true,\"insert\":false,\"isIncrement\":\"1\",\"isInsert\":\"0\",\"isPk\":\"1\",\"isRequired\":\"0\",\"javaField\":\"resultId\",\"javaType\":\"Integer\",\"list\":false,\"params\":{},\"pk\":true,\"query\":false,\"queryType\":\"EQ\",\"required\":false,\"sort\":1,\"superColumn\":false,\"tableId\":4,\"updateBy\":\"\",\"usableColumn\":false},{\"capJavaField\":\"InterName\",\"columnComment\":\"接口名称\",\"columnId\":21,\"columnName\":\"interName\",\"columnType\":\"varchar(255)\",\"createBy\":\"admin\",\"createTime\":\"2024-01-28 11:15:13\",\"dictType\":\"\",\"edit\":false,\"htmlType\":\"input\",\"increment\":false,\"insert\":true,\"isEdit\":\"0\",\"isIncrement\":\"0\",\"isInsert\":\"1\",\"isList\":\"1\",\"isPk\":\"0\",\"isQuery\":\"1\",\"isRequired\":\"0\",\"javaField\":\"interName\",\"javaType\":\"String\",\"list\":true,\"params\":{},\"pk\":false,\"query\":true,\"queryType\":\"LIKE\",\"required\":false,\"sort\":2,\"superColumn\":false,\"tableId\":4,\"updateBy\":\"\",\"usableColumn\":false},{\"capJavaField\":\"FullUrl\",\"columnComment\":\"请求地址\",\"columnId\":22,\"columnName\":\"fullUrl\",\"columnType\":\"varchar(300)\",\"createBy\":\"admin\",\"createTime\":\"2024-01-28 11:15:13\",\"dictType\":\"\",\"edit\":false,\"htmlType\":\"input\",\"increment\":false,\"insert\":true,\"isEdit\":\"0\",\"isIncrement\":\"0\",\"isInsert\":\"1\",\"isList\":\"1\",\"isPk\":\"0\",\"isQuery\":\"1\",\"isRequired\":\"0\",\"javaField\":\"fullUrl\",\"javaType\":\"String\",\"list\":true,\"params\":{},\"pk\":false,\"query\":true,\"queryType\":\"LIKE\",\"required\":false,\"sort\":3,\"superColumn\":false,\"tableId\":4,\"updateBy\":\"\",\"usableColumn\":false},{\"capJavaField\":\"Method\",\"columnComment\":\"请求方式\",\"columnId\":23,\"columnName\":\"method\",\"columnType\":\"varchar(255)\",\"createBy\":\"admin\",\"createTime\":\"2024-01-28 11:15:13\",\"dictType\":\"\",\"edit\":false,\"htmlType\":\"input\",\"increment\":false,\"insert\":true,\"isEdit\":\"0\",\"isIncrement\":\"0\",\"isInsert\":\"1\",\"isList\":\"1\",\"isPk\":\"0\",\"isQuery\":\"', '{\"msg\":\"操作成功\",\"code\":200}', 0, NULL, '2024-01-28 11:19:20', 70);
INSERT INTO `sys_oper_log` VALUES (133, '代码生成', 2, 'com.zou.generator.controller.GenController.editSave()', 'PUT', 1, 'admin', '研发部门', '/tool/gen', '127.0.0.1', '内网IP', '{\"businessName\":\"case\",\"className\":\"Caseinfo\",\"columns\":[{\"capJavaField\":\"CaseId\",\"columnComment\":\"用例ID\",\"columnId\":13,\"columnName\":\"caseId\",\"columnType\":\"int\",\"createBy\":\"admin\",\"createTime\":\"2024-01-28 10:45:49\",\"dictType\":\"\",\"edit\":false,\"htmlType\":\"input\",\"increment\":true,\"insert\":true,\"isIncrement\":\"1\",\"isInsert\":\"1\",\"isPk\":\"1\",\"isRequired\":\"0\",\"javaField\":\"caseId\",\"javaType\":\"Long\",\"list\":false,\"params\":{},\"pk\":true,\"query\":false,\"queryType\":\"EQ\",\"required\":false,\"sort\":1,\"superColumn\":false,\"tableId\":3,\"updateBy\":\"\",\"updateTime\":\"2024-01-28 11:15:23\",\"usableColumn\":false},{\"capJavaField\":\"CaseName\",\"columnComment\":\"用例名称\",\"columnId\":14,\"columnName\":\"caseName\",\"columnType\":\"varchar(255)\",\"createBy\":\"admin\",\"createTime\":\"2024-01-28 10:45:49\",\"dictType\":\"\",\"edit\":true,\"htmlType\":\"input\",\"increment\":false,\"insert\":true,\"isEdit\":\"1\",\"isIncrement\":\"0\",\"isInsert\":\"1\",\"isList\":\"1\",\"isPk\":\"0\",\"isQuery\":\"1\",\"isRequired\":\"1\",\"javaField\":\"caseName\",\"javaType\":\"String\",\"list\":true,\"params\":{},\"pk\":false,\"query\":true,\"queryType\":\"LIKE\",\"required\":true,\"sort\":2,\"superColumn\":false,\"tableId\":3,\"updateBy\":\"\",\"updateTime\":\"2024-01-28 11:15:23\",\"usableColumn\":false},{\"capJavaField\":\"Header\",\"columnComment\":\"请求头\",\"columnId\":15,\"columnName\":\"header\",\"columnType\":\"json\",\"createBy\":\"admin\",\"createTime\":\"2024-01-28 10:45:49\",\"dictType\":\"\",\"edit\":true,\"htmlType\":\"textarea\",\"increment\":false,\"insert\":true,\"isEdit\":\"1\",\"isIncrement\":\"0\",\"isInsert\":\"1\",\"isList\":\"1\",\"isPk\":\"0\",\"isQuery\":\"0\",\"isRequired\":\"0\",\"javaField\":\"header\",\"javaType\":\"String\",\"list\":true,\"params\":{},\"pk\":false,\"query\":false,\"queryType\":\"EQ\",\"required\":false,\"sort\":3,\"superColumn\":false,\"tableId\":3,\"updateBy\":\"\",\"updateTime\":\"2024-01-28 11:15:23\",\"usableColumn\":false},{\"capJavaField\":\"Param\",\"columnComment\":\"请求参数\",\"columnId\":16,\"columnName\":\"param\",\"columnType\":\"json\",\"createBy\":\"admin\",\"createTime\":\"2024-01-28 10:45:49\",\"dictType\":\"\",\"edit\":true,\"htmlType\":\"textarea\",\"increment\":false,\"insert\":true,\"isEdit\":\"1\",\"isIn', '{\"msg\":\"操作成功\",\"code\":200}', 0, NULL, '2024-01-28 11:21:06', 28);
INSERT INTO `sys_oper_log` VALUES (134, '代码生成', 2, 'com.zou.generator.controller.GenController.editSave()', 'PUT', 1, 'admin', '研发部门', '/tool/gen', '127.0.0.1', '内网IP', '{\"businessName\":\"interinfo\",\"className\":\"Interinfo\",\"columns\":[{\"capJavaField\":\"InterId\",\"columnComment\":\"接口ID\",\"columnId\":5,\"columnName\":\"interId\",\"columnType\":\"int\",\"createBy\":\"admin\",\"createTime\":\"2024-01-28 09:53:34\",\"dictType\":\"\",\"edit\":false,\"htmlType\":\"input\",\"increment\":true,\"insert\":true,\"isIncrement\":\"1\",\"isInsert\":\"1\",\"isPk\":\"1\",\"isRequired\":\"0\",\"javaField\":\"interId\",\"javaType\":\"Long\",\"list\":false,\"params\":{},\"pk\":true,\"query\":false,\"queryType\":\"EQ\",\"required\":false,\"sort\":1,\"superColumn\":false,\"tableId\":2,\"updateBy\":\"\",\"updateTime\":\"2024-01-28 11:15:21\",\"usableColumn\":false},{\"capJavaField\":\"InterName\",\"columnComment\":\"接口名称\",\"columnId\":6,\"columnName\":\"interName\",\"columnType\":\"varchar(255)\",\"createBy\":\"admin\",\"createTime\":\"2024-01-28 09:53:34\",\"dictType\":\"\",\"edit\":true,\"htmlType\":\"input\",\"increment\":false,\"insert\":true,\"isEdit\":\"1\",\"isIncrement\":\"0\",\"isInsert\":\"1\",\"isList\":\"1\",\"isPk\":\"0\",\"isQuery\":\"1\",\"isRequired\":\"0\",\"javaField\":\"interName\",\"javaType\":\"String\",\"list\":true,\"params\":{},\"pk\":false,\"query\":true,\"queryType\":\"LIKE\",\"required\":false,\"sort\":2,\"superColumn\":false,\"tableId\":2,\"updateBy\":\"\",\"updateTime\":\"2024-01-28 11:15:21\",\"usableColumn\":false},{\"capJavaField\":\"InterUrl\",\"columnComment\":\"接口地址\",\"columnId\":7,\"columnName\":\"interUrl\",\"columnType\":\"varchar(255)\",\"createBy\":\"admin\",\"createTime\":\"2024-01-28 09:53:34\",\"dictType\":\"\",\"edit\":true,\"htmlType\":\"input\",\"increment\":false,\"insert\":true,\"isEdit\":\"1\",\"isIncrement\":\"0\",\"isInsert\":\"1\",\"isList\":\"1\",\"isPk\":\"0\",\"isQuery\":\"1\",\"isRequired\":\"0\",\"javaField\":\"interUrl\",\"javaType\":\"String\",\"list\":true,\"params\":{},\"pk\":false,\"query\":true,\"queryType\":\"EQ\",\"required\":false,\"sort\":3,\"superColumn\":false,\"tableId\":2,\"updateBy\":\"\",\"updateTime\":\"2024-01-28 11:15:21\",\"usableColumn\":false},{\"capJavaField\":\"Method\",\"columnComment\":\"请求方式\",\"columnId\":8,\"columnName\":\"method\",\"columnType\":\"varchar(255)\",\"createBy\":\"admin\",\"createTime\":\"2024-01-28 09:53:34\",\"dictType\":\"\",\"edit\":true,\"htmlType\":\"input\",\"increment\":false,\"inse', '{\"msg\":\"操作成功\",\"code\":200}', 0, NULL, '2024-01-28 11:22:03', 29);
INSERT INTO `sys_oper_log` VALUES (135, '代码生成', 2, 'com.zou.generator.controller.GenController.editSave()', 'PUT', 1, 'admin', '研发部门', '/tool/gen', '127.0.0.1', '内网IP', '{\"businessName\":\"interinfo\",\"className\":\"Interinfo\",\"columns\":[{\"capJavaField\":\"InterId\",\"columnComment\":\"接口ID\",\"columnId\":5,\"columnName\":\"interId\",\"columnType\":\"int\",\"createBy\":\"admin\",\"createTime\":\"2024-01-28 09:53:34\",\"dictType\":\"\",\"edit\":false,\"htmlType\":\"input\",\"increment\":true,\"insert\":true,\"isIncrement\":\"1\",\"isInsert\":\"1\",\"isPk\":\"1\",\"isRequired\":\"0\",\"javaField\":\"interId\",\"javaType\":\"Long\",\"list\":false,\"params\":{},\"pk\":true,\"query\":false,\"queryType\":\"EQ\",\"required\":false,\"sort\":1,\"superColumn\":false,\"tableId\":2,\"updateBy\":\"\",\"updateTime\":\"2024-01-28 11:22:03\",\"usableColumn\":false},{\"capJavaField\":\"InterName\",\"columnComment\":\"接口名称\",\"columnId\":6,\"columnName\":\"interName\",\"columnType\":\"varchar(255)\",\"createBy\":\"admin\",\"createTime\":\"2024-01-28 09:53:34\",\"dictType\":\"\",\"edit\":true,\"htmlType\":\"input\",\"increment\":false,\"insert\":true,\"isEdit\":\"1\",\"isIncrement\":\"0\",\"isInsert\":\"1\",\"isList\":\"1\",\"isPk\":\"0\",\"isQuery\":\"1\",\"isRequired\":\"0\",\"javaField\":\"interName\",\"javaType\":\"String\",\"list\":true,\"params\":{},\"pk\":false,\"query\":true,\"queryType\":\"LIKE\",\"required\":false,\"sort\":2,\"superColumn\":false,\"tableId\":2,\"updateBy\":\"\",\"updateTime\":\"2024-01-28 11:22:03\",\"usableColumn\":false},{\"capJavaField\":\"InterUrl\",\"columnComment\":\"接口地址\",\"columnId\":7,\"columnName\":\"interUrl\",\"columnType\":\"varchar(255)\",\"createBy\":\"admin\",\"createTime\":\"2024-01-28 09:53:34\",\"dictType\":\"\",\"edit\":true,\"htmlType\":\"input\",\"increment\":false,\"insert\":true,\"isEdit\":\"1\",\"isIncrement\":\"0\",\"isInsert\":\"1\",\"isList\":\"1\",\"isPk\":\"0\",\"isQuery\":\"1\",\"isRequired\":\"0\",\"javaField\":\"interUrl\",\"javaType\":\"String\",\"list\":true,\"params\":{},\"pk\":false,\"query\":true,\"queryType\":\"LIKE\",\"required\":false,\"sort\":3,\"superColumn\":false,\"tableId\":2,\"updateBy\":\"\",\"updateTime\":\"2024-01-28 11:22:03\",\"usableColumn\":false},{\"capJavaField\":\"Method\",\"columnComment\":\"请求方式\",\"columnId\":8,\"columnName\":\"method\",\"columnType\":\"varchar(255)\",\"createBy\":\"admin\",\"createTime\":\"2024-01-28 09:53:34\",\"dictType\":\"\",\"edit\":true,\"htmlType\":\"input\",\"increment\":false,\"in', '{\"msg\":\"操作成功\",\"code\":200}', 0, NULL, '2024-01-28 11:22:49', 28);
INSERT INTO `sys_oper_log` VALUES (136, '代码生成', 8, 'com.zou.generator.controller.GenController.batchGenCode()', 'GET', 1, 'admin', '研发部门', '/tool/gen/batchGenCode', '127.0.0.1', '内网IP', '{\"tables\":\"testresult\"}', NULL, 0, NULL, '2024-01-28 11:23:10', 123);
INSERT INTO `sys_oper_log` VALUES (137, '测试结果', 2, 'com.zou.system.controller.TestresultController.edit()', 'PUT', 1, 'admin', '研发部门', '/system/testresult', '127.0.0.1', '内网IP', '{\"header\":\"ewrew\",\"params\":{},\"resBody\":\"1dfsdfsdfs\",\"resultId\":1,\"testTime\":\"2024-01-27\"}', NULL, 1, '\r\n### Error updating database.  Cause: com.mysql.cj.jdbc.exceptions.MysqlDataTruncation: Data truncation: Invalid JSON text: \"Invalid value.\" at position 0 in value for column \'testresult.header\'.\r\n### The error may exist in file [D:\\2023下学期\\论文\\AutoTestPlatform\\AutoTestPlatform-system\\target\\classes\\mapper\\system\\TestresultMapper.xml]\r\n### The error may involve com.zou.system.mapper.TestresultMapper.updateTestresult-Inline\r\n### The error occurred while setting parameters\r\n### SQL: update testresult          SET header = ?,                                       resBody = ?,             testTime = ?          where resultId = ?\r\n### Cause: com.mysql.cj.jdbc.exceptions.MysqlDataTruncation: Data truncation: Invalid JSON text: \"Invalid value.\" at position 0 in value for column \'testresult.header\'.\n; Data truncation: Invalid JSON text: \"Invalid value.\" at position 0 in value for column \'testresult.header\'.; nested exception is com.mysql.cj.jdbc.exceptions.MysqlDataTruncation: Data truncation: Invalid JSON text: \"Invalid value.\" at position 0 in value for column \'testresult.header\'.', '2024-01-28 11:26:04', 106);
INSERT INTO `sys_oper_log` VALUES (138, '测试结果', 2, 'com.zou.system.controller.TestresultController.edit()', 'PUT', 1, 'admin', '研发部门', '/system/testresult', '127.0.0.1', '内网IP', '{\"header\":\"ewrew\",\"params\":{},\"resBody\":\"1dfsdfsdfs\",\"resultId\":1,\"testTime\":\"2024-01-27\"}', NULL, 1, '\r\n### Error updating database.  Cause: com.mysql.cj.jdbc.exceptions.MysqlDataTruncation: Data truncation: Invalid JSON text: \"Invalid value.\" at position 0 in value for column \'testresult.header\'.\r\n### The error may exist in file [D:\\2023下学期\\论文\\AutoTestPlatform\\AutoTestPlatform-system\\target\\classes\\mapper\\system\\TestresultMapper.xml]\r\n### The error may involve com.zou.system.mapper.TestresultMapper.updateTestresult-Inline\r\n### The error occurred while setting parameters\r\n### SQL: update testresult          SET header = ?,                                       resBody = ?,             testTime = ?          where resultId = ?\r\n### Cause: com.mysql.cj.jdbc.exceptions.MysqlDataTruncation: Data truncation: Invalid JSON text: \"Invalid value.\" at position 0 in value for column \'testresult.header\'.\n; Data truncation: Invalid JSON text: \"Invalid value.\" at position 0 in value for column \'testresult.header\'.; nested exception is com.mysql.cj.jdbc.exceptions.MysqlDataTruncation: Data truncation: Invalid JSON text: \"Invalid value.\" at position 0 in value for column \'testresult.header\'.', '2024-01-28 11:26:19', 5);
INSERT INTO `sys_oper_log` VALUES (139, '测试结果', 2, 'com.zou.system.controller.TestresultController.edit()', 'PUT', 1, 'admin', '研发部门', '/system/testresult', '127.0.0.1', '内网IP', '{\"header\":\"ewrew\",\"params\":{},\"resBody\":\"1dfsdfsdfs\",\"resultId\":1,\"testTime\":\"2024-01-27\"}', NULL, 1, '\r\n### Error updating database.  Cause: com.mysql.cj.jdbc.exceptions.MysqlDataTruncation: Data truncation: Invalid JSON text: \"Invalid value.\" at position 0 in value for column \'testresult.header\'.\r\n### The error may exist in file [D:\\2023下学期\\论文\\AutoTestPlatform\\AutoTestPlatform-system\\target\\classes\\mapper\\system\\TestresultMapper.xml]\r\n### The error may involve com.zou.system.mapper.TestresultMapper.updateTestresult-Inline\r\n### The error occurred while setting parameters\r\n### SQL: update testresult          SET header = ?,                                       resBody = ?,             testTime = ?          where resultId = ?\r\n### Cause: com.mysql.cj.jdbc.exceptions.MysqlDataTruncation: Data truncation: Invalid JSON text: \"Invalid value.\" at position 0 in value for column \'testresult.header\'.\n; Data truncation: Invalid JSON text: \"Invalid value.\" at position 0 in value for column \'testresult.header\'.; nested exception is com.mysql.cj.jdbc.exceptions.MysqlDataTruncation: Data truncation: Invalid JSON text: \"Invalid value.\" at position 0 in value for column \'testresult.header\'.', '2024-01-28 11:26:24', 5);
INSERT INTO `sys_oper_log` VALUES (140, '测试结果', 2, 'com.zou.system.controller.TestresultController.edit()', 'PUT', 1, 'admin', '研发部门', '/system/testresult', '127.0.0.1', '内网IP', '{\"header\":\"ewrew\",\"params\":{},\"resBody\":\"1dfsdfsdfs\",\"resultId\":1,\"testTime\":\"2024-01-27\",\"userId\":1}', NULL, 1, '\r\n### Error updating database.  Cause: com.mysql.cj.jdbc.exceptions.MysqlDataTruncation: Data truncation: Invalid JSON text: \"Invalid value.\" at position 0 in value for column \'testresult.header\'.\r\n### The error may exist in file [D:\\2023下学期\\论文\\AutoTestPlatform\\AutoTestPlatform-system\\target\\classes\\mapper\\system\\TestresultMapper.xml]\r\n### The error may involve com.zou.system.mapper.TestresultMapper.updateTestresult-Inline\r\n### The error occurred while setting parameters\r\n### SQL: update testresult          SET header = ?,                                       resBody = ?,             testTime = ?,             user_id = ?          where resultId = ?\r\n### Cause: com.mysql.cj.jdbc.exceptions.MysqlDataTruncation: Data truncation: Invalid JSON text: \"Invalid value.\" at position 0 in value for column \'testresult.header\'.\n; Data truncation: Invalid JSON text: \"Invalid value.\" at position 0 in value for column \'testresult.header\'.; nested exception is com.mysql.cj.jdbc.exceptions.MysqlDataTruncation: Data truncation: Invalid JSON text: \"Invalid value.\" at position 0 in value for column \'testresult.header\'.', '2024-01-28 11:26:32', 5);
INSERT INTO `sys_oper_log` VALUES (141, '测试结果', 3, 'com.zou.system.controller.TestresultController.remove()', 'DELETE', 1, 'admin', '研发部门', '/system/testresult/1', '127.0.0.1', '内网IP', '{}', '{\"msg\":\"操作成功\",\"code\":200}', 0, NULL, '2024-01-28 14:17:04', 27);
INSERT INTO `sys_oper_log` VALUES (142, '测试结果', 2, 'com.zou.system.controller.TestresultController.edit()', 'PUT', 1, 'admin', '研发部门', '/system/testresult', '127.0.0.1', '内网IP', '{\"params\":{},\"resultId\":2,\"testTime\":\"2024-01-27\"}', '{\"msg\":\"操作成功\",\"code\":200}', 0, NULL, '2024-01-28 14:18:51', 45);
INSERT INTO `sys_oper_log` VALUES (143, '测试结果', 2, 'com.zou.system.controller.TestresultController.edit()', 'PUT', 1, 'admin', '研发部门', '/system/testresult', '127.0.0.1', '内网IP', '{\"params\":{},\"resultId\":2,\"testComment\":\"1\",\"testTime\":\"2024-01-27\"}', '{\"msg\":\"操作成功\",\"code\":200}', 0, NULL, '2024-01-28 14:19:05', 10);
INSERT INTO `sys_oper_log` VALUES (144, '测试结果', 2, 'com.zou.system.controller.TestresultController.edit()', 'PUT', 1, 'admin', '研发部门', '/system/testresult', '127.0.0.1', '内网IP', '{\"params\":{},\"resultId\":2,\"testComment\":\"1\",\"testTime\":\"2024-01-27\",\"userId\":1}', '{\"msg\":\"操作成功\",\"code\":200}', 0, NULL, '2024-01-28 14:19:10', 8);
INSERT INTO `sys_oper_log` VALUES (145, '测试结果', 1, 'com.zou.system.controller.TestresultController.add()', 'POST', 1, 'admin', '研发部门', '/system/testresult', '127.0.0.1', '内网IP', '{\"params\":{}}', NULL, 1, '\r\n### Error updating database.  Cause: java.sql.SQLSyntaxErrorException: You have an error in your SQL syntax; check the manual that corresponds to your MySQL server version for the right syntax to use near \'\' at line 1\r\n### The error may exist in file [D:\\2023下学期\\论文\\AutoTestPlatform\\AutoTestPlatform-system\\target\\classes\\mapper\\system\\TestresultMapper.xml]\r\n### The error may involve com.zou.system.mapper.TestresultMapper.insertTestresult-Inline\r\n### The error occurred while setting parameters\r\n### SQL: insert into testresult\r\n### Cause: java.sql.SQLSyntaxErrorException: You have an error in your SQL syntax; check the manual that corresponds to your MySQL server version for the right syntax to use near \'\' at line 1\n; bad SQL grammar []; nested exception is java.sql.SQLSyntaxErrorException: You have an error in your SQL syntax; check the manual that corresponds to your MySQL server version for the right syntax to use near \'\' at line 1', '2024-01-28 14:27:29', 479993);
INSERT INTO `sys_oper_log` VALUES (146, '测试结果', 1, 'com.zou.system.controller.TestresultController.add()', 'POST', 1, 'admin', '研发部门', '/system/testresult', '127.0.0.1', '内网IP', '{\"params\":{},\"resultId\":3,\"userId\":1}', '{\"msg\":\"操作成功\",\"code\":200}', 0, NULL, '2024-01-28 14:31:40', 46);
INSERT INTO `sys_oper_log` VALUES (147, '测试结果', 1, 'com.zou.system.controller.TestresultController.add()', 'POST', 1, 'admin', '研发部门', '/system/testresult', '127.0.0.1', '内网IP', '{\"params\":{},\"resultId\":4,\"userId\":1}', '{\"msg\":\"操作成功\",\"code\":200}', 0, NULL, '2024-01-28 14:31:56', 6);
INSERT INTO `sys_oper_log` VALUES (148, '菜单管理', 2, 'com.zou.web.controller.system.SysMenuController.edit()', 'PUT', 1, 'admin', '研发部门', '/system/menu', '127.0.0.1', '内网IP', '{\"children\":[],\"component\":\"system/testresult/index\",\"createTime\":\"2024-01-28 11:24:01\",\"icon\":\"table\",\"isCache\":\"0\",\"isFrame\":\"1\",\"menuId\":2019,\"menuName\":\"测试结果\",\"menuType\":\"C\",\"orderNum\":1,\"params\":{},\"parentId\":0,\"path\":\"testresult\",\"perms\":\"system:testresult:list\",\"status\":\"0\",\"updateBy\":\"admin\",\"visible\":\"0\"}', '{\"msg\":\"操作成功\",\"code\":200}', 0, NULL, '2024-01-28 14:33:18', 16);
INSERT INTO `sys_oper_log` VALUES (149, '菜单管理', 3, 'com.zou.web.controller.system.SysMenuController.remove()', 'DELETE', 1, 'admin', '研发部门', '/system/menu/4', '127.0.0.1', '内网IP', '{}', '{\"msg\":\"菜单已分配,不允许删除\",\"code\":601}', 0, NULL, '2024-01-28 14:33:21', 13);
INSERT INTO `sys_oper_log` VALUES (150, '菜单管理', 2, 'com.zou.web.controller.system.SysMenuController.edit()', 'PUT', 1, 'admin', '研发部门', '/system/menu', '127.0.0.1', '内网IP', '{\"children\":[],\"createTime\":\"2024-01-26 12:58:43\",\"icon\":\"guide\",\"isCache\":\"0\",\"isFrame\":\"0\",\"menuId\":4,\"menuName\":\"官网\",\"menuType\":\"M\",\"orderNum\":4,\"params\":{},\"parentId\":0,\"path\":\"http://baidu.com\",\"perms\":\"\",\"query\":\"\",\"status\":\"1\",\"updateBy\":\"admin\",\"visible\":\"1\"}', '{\"msg\":\"操作成功\",\"code\":200}', 0, NULL, '2024-01-28 14:33:28', 9);
INSERT INTO `sys_oper_log` VALUES (151, '角色管理', 2, 'com.zou.web.controller.system.SysRoleController.edit()', 'PUT', 1, 'admin', '研发部门', '/system/role', '127.0.0.1', '内网IP', '{\"admin\":false,\"createTime\":\"2024-01-26 12:58:43\",\"dataScope\":\"2\",\"delFlag\":\"0\",\"deptCheckStrictly\":true,\"flag\":false,\"menuCheckStrictly\":true,\"menuIds\":[2019,2020,2021,2022,2023,2024,1,100,1000,1001,1002,1003,1004,1005,1006,101,1007,1008,1009,1010,1011,102,1012,1013,1014,1015,103,1016,1017,1018,1019,104,1020,1021,1022,1023,1024,105,1025,1026,1027,1028,1029,106,1030,1031,1032,1033,1034,107,1035,1036,1037,1038,108,500,1039,1040,1041,501,1042,1043,1044,1045,2,109,1046,1047,1048,110,1049,1050,1051,1052,1053,1054,111,112,113,114,3,115,116,1055,1056,1057,1058,1059,1060,117,4],\"params\":{},\"remark\":\"普通角色\",\"roleId\":2,\"roleKey\":\"common\",\"roleName\":\"普通角色\",\"roleSort\":2,\"status\":\"0\",\"updateBy\":\"admin\"}', '{\"msg\":\"操作成功\",\"code\":200}', 0, NULL, '2024-01-28 14:34:15', 49);
INSERT INTO `sys_oper_log` VALUES (152, '测试结果', 1, 'com.zou.system.controller.TestresultController.add()', 'POST', 1, 'test1', '测试部门', '/system/testresult', '127.0.0.1', '内网IP', '{\"params\":{},\"resultId\":5,\"userId\":2}', '{\"msg\":\"操作成功\",\"code\":200}', 0, NULL, '2024-01-28 14:34:33', 8);
INSERT INTO `sys_oper_log` VALUES (153, '代码生成', 2, 'com.zou.generator.controller.GenController.editSave()', 'PUT', 1, 'admin', '研发部门', '/tool/gen', '127.0.0.1', '内网IP', '{\"businessName\":\"case\",\"className\":\"Caseinfo\",\"columns\":[{\"capJavaField\":\"CaseId\",\"columnComment\":\"用例ID\",\"columnId\":13,\"columnName\":\"caseId\",\"columnType\":\"int\",\"createBy\":\"admin\",\"createTime\":\"2024-01-28 10:45:49\",\"dictType\":\"\",\"edit\":false,\"htmlType\":\"input\",\"increment\":true,\"insert\":true,\"isIncrement\":\"1\",\"isInsert\":\"1\",\"isPk\":\"1\",\"isRequired\":\"0\",\"javaField\":\"caseId\",\"javaType\":\"Long\",\"list\":false,\"params\":{},\"pk\":true,\"query\":false,\"queryType\":\"EQ\",\"required\":false,\"sort\":1,\"superColumn\":false,\"tableId\":3,\"updateBy\":\"\",\"updateTime\":\"2024-01-28 11:21:06\",\"usableColumn\":false},{\"capJavaField\":\"CaseName\",\"columnComment\":\"用例名称\",\"columnId\":14,\"columnName\":\"caseName\",\"columnType\":\"varchar(255)\",\"createBy\":\"admin\",\"createTime\":\"2024-01-28 10:45:49\",\"dictType\":\"\",\"edit\":true,\"htmlType\":\"input\",\"increment\":false,\"insert\":true,\"isEdit\":\"1\",\"isIncrement\":\"0\",\"isInsert\":\"1\",\"isList\":\"1\",\"isPk\":\"0\",\"isQuery\":\"1\",\"isRequired\":\"1\",\"javaField\":\"caseName\",\"javaType\":\"String\",\"list\":true,\"params\":{},\"pk\":false,\"query\":true,\"queryType\":\"LIKE\",\"required\":true,\"sort\":2,\"superColumn\":false,\"tableId\":3,\"updateBy\":\"\",\"updateTime\":\"2024-01-28 11:21:06\",\"usableColumn\":false},{\"capJavaField\":\"Header\",\"columnComment\":\"请求头\",\"columnId\":15,\"columnName\":\"header\",\"columnType\":\"json\",\"createBy\":\"admin\",\"createTime\":\"2024-01-28 10:45:49\",\"dictType\":\"\",\"edit\":true,\"htmlType\":\"textarea\",\"increment\":false,\"insert\":true,\"isEdit\":\"1\",\"isIncrement\":\"0\",\"isInsert\":\"1\",\"isList\":\"1\",\"isPk\":\"0\",\"isQuery\":\"0\",\"isRequired\":\"0\",\"javaField\":\"header\",\"javaType\":\"String\",\"list\":true,\"params\":{},\"pk\":false,\"query\":false,\"queryType\":\"EQ\",\"required\":false,\"sort\":3,\"superColumn\":false,\"tableId\":3,\"updateBy\":\"\",\"updateTime\":\"2024-01-28 11:21:06\",\"usableColumn\":false},{\"capJavaField\":\"Param\",\"columnComment\":\"请求参数\",\"columnId\":16,\"columnName\":\"param\",\"columnType\":\"json\",\"createBy\":\"admin\",\"createTime\":\"2024-01-28 10:45:49\",\"dictType\":\"\",\"edit\":true,\"htmlType\":\"textarea\",\"increment\":false,\"insert\":true,\"isEdit\":\"1\",\"isIn', '{\"msg\":\"操作成功\",\"code\":200}', 0, NULL, '2024-01-28 14:35:11', 47);
INSERT INTO `sys_oper_log` VALUES (154, '代码生成', 8, 'com.zou.generator.controller.GenController.batchGenCode()', 'GET', 1, 'admin', '研发部门', '/tool/gen/batchGenCode', '127.0.0.1', '内网IP', '{\"tables\":\"caseinfo\"}', NULL, 0, NULL, '2024-01-28 14:35:15', 195);
INSERT INTO `sys_oper_log` VALUES (155, '用例管理', 1, 'com.zou.system.controller.CaseinfoController.add()', 'POST', 1, 'admin', '研发部门', '/system/case', '127.0.0.1', '内网IP', '{\"caseId\":1,\"caseName\":\"wqe\",\"params\":{}}', '{\"msg\":\"操作成功\",\"code\":200}', 0, NULL, '2024-01-28 14:38:05', 27);
INSERT INTO `sys_oper_log` VALUES (156, '用例管理', 2, 'com.zou.system.controller.CaseinfoController.edit()', 'PUT', 1, 'admin', '研发部门', '/system/case', '127.0.0.1', '内网IP', '{\"caseId\":1,\"caseName\":\"wqe\",\"params\":{},\"userId\":1}', '{\"msg\":\"操作成功\",\"code\":200}', 0, NULL, '2024-01-28 14:38:10', 7);
INSERT INTO `sys_oper_log` VALUES (157, '代码生成', 8, 'com.zou.generator.controller.GenController.batchGenCode()', 'GET', 1, 'admin', '研发部门', '/tool/gen/batchGenCode', '127.0.0.1', '内网IP', '{\"tables\":\"interinfo\"}', NULL, 0, NULL, '2024-01-28 14:38:54', 136);
INSERT INTO `sys_oper_log` VALUES (158, '接口管理', 1, 'com.zou.system.controller.InterinfoController.add()', 'POST', 1, 'admin', '研发部门', '/system/interinfo', '127.0.0.1', '内网IP', '{\"caseinfoList\":[{\"caseDesc\":\"\",\"caseName\":\"test\",\"header\":\"\",\"interId\":1,\"param\":\"\",\"params\":{}}],\"interId\":1,\"interName\":\"123\",\"params\":{}}', NULL, 1, '\r\n### Error updating database.  Cause: com.mysql.cj.jdbc.exceptions.MysqlDataTruncation: Data truncation: Invalid JSON text: \"The document is empty.\" at position 0 in value for column \'caseinfo.header\'.\r\n### The error may exist in file [D:\\2023下学期\\论文\\AutoTestPlatform\\AutoTestPlatform-system\\target\\classes\\mapper\\system\\InterinfoMapper.xml]\r\n### The error may involve defaultParameterMap\r\n### The error occurred while setting parameters\r\n### SQL: insert into caseinfo( caseId, caseName, header, param, interId, caseDesc, user_id) values                  ( ?, ?, ?, ?, ?, ?, ?)\r\n### Cause: com.mysql.cj.jdbc.exceptions.MysqlDataTruncation: Data truncation: Invalid JSON text: \"The document is empty.\" at position 0 in value for column \'caseinfo.header\'.\n; Data truncation: Invalid JSON text: \"The document is empty.\" at position 0 in value for column \'caseinfo.header\'.; nested exception is com.mysql.cj.jdbc.exceptions.MysqlDataTruncation: Data truncation: Invalid JSON text: \"The document is empty.\" at position 0 in value for column \'caseinfo.header\'.', '2024-01-28 14:41:49', 122);
INSERT INTO `sys_oper_log` VALUES (159, '接口管理', 1, 'com.zou.system.controller.InterinfoController.add()', 'POST', 1, 'admin', '研发部门', '/system/interinfo', '127.0.0.1', '内网IP', '{\"caseinfoList\":[],\"interId\":2,\"interName\":\"123\",\"params\":{}}', '{\"msg\":\"操作成功\",\"code\":200}', 0, NULL, '2024-01-28 14:41:57', 8);
INSERT INTO `sys_oper_log` VALUES (160, '接口管理', 2, 'com.zou.system.controller.InterinfoController.edit()', 'PUT', 1, 'admin', '研发部门', '/system/interinfo', '127.0.0.1', '内网IP', '{\"caseinfoList\":[],\"interComment\":\"3\",\"interId\":2,\"interName\":\"123\",\"params\":{}}', '{\"msg\":\"操作成功\",\"code\":200}', 0, NULL, '2024-01-28 14:42:15', 11);
INSERT INTO `sys_oper_log` VALUES (161, '代码生成', 2, 'com.zou.generator.controller.GenController.editSave()', 'PUT', 1, 'admin', '研发部门', '/tool/gen', '127.0.0.1', '内网IP', '{\"businessName\":\"environment\",\"className\":\"Environment\",\"columns\":[{\"capJavaField\":\"EnvirId\",\"columnComment\":\"环境ID\",\"columnId\":1,\"columnName\":\"envirId\",\"columnType\":\"int\",\"createBy\":\"admin\",\"createTime\":\"2024-01-28 09:50:44\",\"dictType\":\"\",\"edit\":false,\"htmlType\":\"input\",\"increment\":true,\"insert\":true,\"isIncrement\":\"1\",\"isInsert\":\"1\",\"isPk\":\"1\",\"isRequired\":\"0\",\"javaField\":\"envirId\",\"javaType\":\"Long\",\"list\":false,\"params\":{},\"pk\":true,\"query\":false,\"queryType\":\"EQ\",\"required\":false,\"sort\":1,\"superColumn\":false,\"tableId\":1,\"updateBy\":\"\",\"updateTime\":\"2024-01-28 11:15:18\",\"usableColumn\":false},{\"capJavaField\":\"EnvirName\",\"columnComment\":\"环境名称\",\"columnId\":2,\"columnName\":\"envirName\",\"columnType\":\"varchar(50)\",\"createBy\":\"admin\",\"createTime\":\"2024-01-28 09:50:44\",\"dictType\":\"\",\"edit\":true,\"htmlType\":\"input\",\"increment\":false,\"insert\":true,\"isEdit\":\"1\",\"isIncrement\":\"0\",\"isInsert\":\"1\",\"isList\":\"1\",\"isPk\":\"0\",\"isQuery\":\"1\",\"isRequired\":\"0\",\"javaField\":\"envirName\",\"javaType\":\"String\",\"list\":true,\"params\":{},\"pk\":false,\"query\":true,\"queryType\":\"LIKE\",\"required\":false,\"sort\":2,\"superColumn\":false,\"tableId\":1,\"updateBy\":\"\",\"updateTime\":\"2024-01-28 11:15:18\",\"usableColumn\":false},{\"capJavaField\":\"EnvirUrl\",\"columnComment\":\"前置地址\",\"columnId\":3,\"columnName\":\"envirUrl\",\"columnType\":\"varchar(255)\",\"createBy\":\"admin\",\"createTime\":\"2024-01-28 09:50:44\",\"dictType\":\"\",\"edit\":true,\"htmlType\":\"input\",\"increment\":false,\"insert\":true,\"isEdit\":\"1\",\"isIncrement\":\"0\",\"isInsert\":\"1\",\"isList\":\"1\",\"isPk\":\"0\",\"isQuery\":\"1\",\"isRequired\":\"0\",\"javaField\":\"envirUrl\",\"javaType\":\"String\",\"list\":true,\"params\":{},\"pk\":false,\"query\":true,\"queryType\":\"LIKE\",\"required\":false,\"sort\":3,\"superColumn\":false,\"tableId\":1,\"updateBy\":\"\",\"updateTime\":\"2024-01-28 11:15:18\",\"usableColumn\":false},{\"capJavaField\":\"UserId\",\"columnComment\":\"用户id\",\"columnId\":4,\"columnName\":\"user_id\",\"columnType\":\"int\",\"createBy\":\"admin\",\"createTime\":\"2024-01-28 09:50:44\",\"dictType\":\"\",\"edit\":false,\"htmlType\":\"input\",\"increment\":false,\"insert', '{\"msg\":\"操作成功\",\"code\":200}', 0, NULL, '2024-01-28 14:43:01', 33);
INSERT INTO `sys_oper_log` VALUES (162, '代码生成', 8, 'com.zou.generator.controller.GenController.batchGenCode()', 'GET', 1, 'admin', '研发部门', '/tool/gen/batchGenCode', '127.0.0.1', '内网IP', '{\"tables\":\"environment\"}', NULL, 0, NULL, '2024-01-28 14:43:07', 86);
INSERT INTO `sys_oper_log` VALUES (163, '代码生成', 2, 'com.zou.generator.controller.GenController.editSave()', 'PUT', 1, 'admin', '研发部门', '/tool/gen', '127.0.0.1', '内网IP', '{\"businessName\":\"environment\",\"className\":\"Environment\",\"columns\":[{\"capJavaField\":\"EnvirId\",\"columnComment\":\"环境ID\",\"columnId\":1,\"columnName\":\"envirId\",\"columnType\":\"int\",\"createBy\":\"admin\",\"createTime\":\"2024-01-28 09:50:44\",\"dictType\":\"\",\"edit\":false,\"htmlType\":\"input\",\"increment\":true,\"insert\":true,\"isIncrement\":\"1\",\"isInsert\":\"1\",\"isPk\":\"1\",\"isRequired\":\"0\",\"javaField\":\"envirId\",\"javaType\":\"Long\",\"list\":false,\"params\":{},\"pk\":true,\"query\":false,\"queryType\":\"EQ\",\"required\":false,\"sort\":1,\"superColumn\":false,\"tableId\":1,\"updateBy\":\"\",\"updateTime\":\"2024-01-28 14:43:01\",\"usableColumn\":false},{\"capJavaField\":\"EnvirName\",\"columnComment\":\"环境名称\",\"columnId\":2,\"columnName\":\"envirName\",\"columnType\":\"varchar(50)\",\"createBy\":\"admin\",\"createTime\":\"2024-01-28 09:50:44\",\"dictType\":\"\",\"edit\":true,\"htmlType\":\"input\",\"increment\":false,\"insert\":true,\"isEdit\":\"1\",\"isIncrement\":\"0\",\"isInsert\":\"1\",\"isList\":\"1\",\"isPk\":\"0\",\"isQuery\":\"1\",\"isRequired\":\"0\",\"javaField\":\"envirName\",\"javaType\":\"String\",\"list\":true,\"params\":{},\"pk\":false,\"query\":true,\"queryType\":\"LIKE\",\"required\":false,\"sort\":2,\"superColumn\":false,\"tableId\":1,\"updateBy\":\"\",\"updateTime\":\"2024-01-28 14:43:01\",\"usableColumn\":false},{\"capJavaField\":\"EnvirUrl\",\"columnComment\":\"前置地址\",\"columnId\":3,\"columnName\":\"envirUrl\",\"columnType\":\"varchar(255)\",\"createBy\":\"admin\",\"createTime\":\"2024-01-28 09:50:44\",\"dictType\":\"\",\"edit\":true,\"htmlType\":\"input\",\"increment\":false,\"insert\":true,\"isEdit\":\"1\",\"isIncrement\":\"0\",\"isInsert\":\"1\",\"isList\":\"1\",\"isPk\":\"0\",\"isQuery\":\"1\",\"isRequired\":\"0\",\"javaField\":\"envirUrl\",\"javaType\":\"String\",\"list\":true,\"params\":{},\"pk\":false,\"query\":true,\"queryType\":\"LIKE\",\"required\":false,\"sort\":3,\"superColumn\":false,\"tableId\":1,\"updateBy\":\"\",\"updateTime\":\"2024-01-28 14:43:01\",\"usableColumn\":false},{\"capJavaField\":\"UserId\",\"columnComment\":\"用户id\",\"columnId\":4,\"columnName\":\"user_id\",\"columnType\":\"int\",\"createBy\":\"admin\",\"createTime\":\"2024-01-28 09:50:44\",\"dictType\":\"\",\"edit\":false,\"htmlType\":\"input\",\"increment\":false,\"insert', '{\"msg\":\"操作成功\",\"code\":200}', 0, NULL, '2024-01-28 14:48:20', 58);
INSERT INTO `sys_oper_log` VALUES (164, '环境', 1, 'com.zou.system.controller.EnvironmentController.add()', 'POST', 1, 'admin', '研发部门', '/system/environment', '127.0.0.1', '内网IP', '{\"envirId\":2,\"envirName\":\"wqe\",\"envirUrl\":\"123\",\"interinfoList\":[],\"params\":{}}', '{\"msg\":\"操作成功\",\"code\":200}', 0, NULL, '2024-01-28 14:48:31', 12);
INSERT INTO `sys_oper_log` VALUES (165, '环境', 2, 'com.zou.system.controller.EnvironmentController.edit()', 'PUT', 1, 'admin', '研发部门', '/system/environment', '127.0.0.1', '内网IP', '{\"envirId\":2,\"envirName\":\"wqe\",\"envirUrl\":\"123\",\"interinfoList\":[],\"params\":{},\"userId\":3}', '{\"msg\":\"操作成功\",\"code\":200}', 0, NULL, '2024-01-28 14:48:35', 16);
INSERT INTO `sys_oper_log` VALUES (166, '环境', 3, 'com.zou.system.controller.EnvironmentController.remove()', 'DELETE', 1, 'admin', '研发部门', '/system/environment/2', '127.0.0.1', '内网IP', '{}', '{\"msg\":\"操作成功\",\"code\":200}', 0, NULL, '2024-01-28 14:48:43', 11);
INSERT INTO `sys_oper_log` VALUES (167, '接口管理', 1, 'com.zou.system.controller.InterinfoController.add()', 'POST', 1, 'admin', '研发部门', '/system/interinfo', '127.0.0.1', '内网IP', '{\"caseinfoList\":[],\"params\":{}}', NULL, 1, '\r\n### Error updating database.  Cause: java.sql.SQLSyntaxErrorException: You have an error in your SQL syntax; check the manual that corresponds to your MySQL server version for the right syntax to use near \'\' at line 1\r\n### The error may exist in file [D:\\2023下学期\\论文\\AutoTestPlatform\\AutoTestPlatform-system\\target\\classes\\mapper\\system\\InterinfoMapper.xml]\r\n### The error may involve com.zou.system.mapper.InterinfoMapper.insertInterinfo-Inline\r\n### The error occurred while setting parameters\r\n### SQL: insert into interinfo\r\n### Cause: java.sql.SQLSyntaxErrorException: You have an error in your SQL syntax; check the manual that corresponds to your MySQL server version for the right syntax to use near \'\' at line 1\n; bad SQL grammar []; nested exception is java.sql.SQLSyntaxErrorException: You have an error in your SQL syntax; check the manual that corresponds to your MySQL server version for the right syntax to use near \'\' at line 1', '2024-01-28 14:48:48', 54);
INSERT INTO `sys_oper_log` VALUES (168, '接口管理', 1, 'com.zou.system.controller.InterinfoController.add()', 'POST', 1, 'admin', '研发部门', '/system/interinfo', '127.0.0.1', '内网IP', '{\"caseinfoList\":[],\"interId\":3,\"interName\":\"12\",\"params\":{}}', '{\"msg\":\"操作成功\",\"code\":200}', 0, NULL, '2024-01-28 14:48:54', 7);
INSERT INTO `sys_oper_log` VALUES (169, '接口管理', 1, 'com.zou.system.controller.InterinfoController.add()', 'POST', 1, 'admin', '研发部门', '/system/interinfo', '127.0.0.1', '内网IP', '{\"caseinfoList\":[],\"params\":{}}', NULL, 1, '\r\n### Error updating database.  Cause: java.sql.SQLSyntaxErrorException: You have an error in your SQL syntax; check the manual that corresponds to your MySQL server version for the right syntax to use near \'\' at line 1\r\n### The error may exist in file [D:\\2023下学期\\论文\\AutoTestPlatform\\AutoTestPlatform-system\\target\\classes\\mapper\\system\\InterinfoMapper.xml]\r\n### The error may involve com.zou.system.mapper.InterinfoMapper.insertInterinfo-Inline\r\n### The error occurred while setting parameters\r\n### SQL: insert into interinfo\r\n### Cause: java.sql.SQLSyntaxErrorException: You have an error in your SQL syntax; check the manual that corresponds to your MySQL server version for the right syntax to use near \'\' at line 1\n; bad SQL grammar []; nested exception is java.sql.SQLSyntaxErrorException: You have an error in your SQL syntax; check the manual that corresponds to your MySQL server version for the right syntax to use near \'\' at line 1', '2024-01-28 14:48:59', 5);
INSERT INTO `sys_oper_log` VALUES (170, '菜单管理', 2, 'com.zou.web.controller.system.SysMenuController.edit()', 'PUT', 1, 'admin', '研发部门', '/system/menu', '127.0.0.1', '内网IP', '{\"children\":[],\"component\":\"system/environment/index\",\"createTime\":\"2024-01-28 14:43:42\",\"icon\":\"#\",\"isCache\":\"0\",\"isFrame\":\"1\",\"menuId\":2037,\"menuName\":\"环境管理\",\"menuType\":\"C\",\"orderNum\":1,\"params\":{},\"parentId\":0,\"path\":\"environment\",\"perms\":\"system:environment:list\",\"status\":\"0\",\"updateBy\":\"admin\",\"visible\":\"0\"}', '{\"msg\":\"操作成功\",\"code\":200}', 0, NULL, '2024-01-28 14:52:21', 23);
INSERT INTO `sys_oper_log` VALUES (171, '菜单管理', 2, 'com.zou.web.controller.system.SysMenuController.edit()', 'PUT', 1, 'admin', '研发部门', '/system/menu', '127.0.0.1', '内网IP', '{\"children\":[],\"component\":\"system/case/index\",\"createTime\":\"2024-01-28 14:36:49\",\"icon\":\"#\",\"isCache\":\"0\",\"isFrame\":\"1\",\"menuId\":2025,\"menuName\":\"用例管理\",\"menuType\":\"C\",\"orderNum\":1,\"params\":{},\"parentId\":0,\"path\":\"case\",\"perms\":\"system:case:list\",\"status\":\"0\",\"updateBy\":\"admin\",\"visible\":\"0\"}', '{\"msg\":\"操作成功\",\"code\":200}', 0, NULL, '2024-01-28 14:52:29', 12);
INSERT INTO `sys_oper_log` VALUES (172, '菜单管理', 2, 'com.zou.web.controller.system.SysMenuController.edit()', 'PUT', 1, 'admin', '研发部门', '/system/menu', '127.0.0.1', '内网IP', '{\"children\":[],\"component\":\"system/interinfo/index\",\"createTime\":\"2024-01-28 14:41:06\",\"icon\":\"#\",\"isCache\":\"0\",\"isFrame\":\"1\",\"menuId\":2031,\"menuName\":\"接口管理\",\"menuType\":\"C\",\"orderNum\":1,\"params\":{},\"parentId\":0,\"path\":\"interinfo\",\"perms\":\"system:interinfo:list\",\"status\":\"0\",\"updateBy\":\"admin\",\"visible\":\"0\"}', '{\"msg\":\"操作成功\",\"code\":200}', 0, NULL, '2024-01-28 14:52:35', 9);
INSERT INTO `sys_oper_log` VALUES (173, '菜单管理', 2, 'com.zou.web.controller.system.SysMenuController.edit()', 'PUT', 1, 'admin', '研发部门', '/system/menu', '127.0.0.1', '内网IP', '{\"children\":[],\"component\":\"system/environment/index\",\"createTime\":\"2024-01-28 14:43:42\",\"icon\":\"education\",\"isCache\":\"0\",\"isFrame\":\"1\",\"menuId\":2037,\"menuName\":\"环境管理\",\"menuType\":\"C\",\"orderNum\":1,\"params\":{},\"parentId\":0,\"path\":\"environment\",\"perms\":\"system:environment:list\",\"status\":\"0\",\"updateBy\":\"admin\",\"visible\":\"0\"}', '{\"msg\":\"操作成功\",\"code\":200}', 0, NULL, '2024-01-28 14:53:14', 12);
INSERT INTO `sys_oper_log` VALUES (174, '菜单管理', 2, 'com.zou.web.controller.system.SysMenuController.edit()', 'PUT', 1, 'admin', '研发部门', '/system/menu', '127.0.0.1', '内网IP', '{\"children\":[],\"component\":\"system/interinfo/index\",\"createTime\":\"2024-01-28 14:41:06\",\"icon\":\"cascader\",\"isCache\":\"0\",\"isFrame\":\"1\",\"menuId\":2031,\"menuName\":\"接口管理\",\"menuType\":\"C\",\"orderNum\":1,\"params\":{},\"parentId\":0,\"path\":\"interinfo\",\"perms\":\"system:interinfo:list\",\"status\":\"0\",\"updateBy\":\"admin\",\"visible\":\"0\"}', '{\"msg\":\"操作成功\",\"code\":200}', 0, NULL, '2024-01-28 14:53:24', 9);
INSERT INTO `sys_oper_log` VALUES (175, '菜单管理', 2, 'com.zou.web.controller.system.SysMenuController.edit()', 'PUT', 1, 'admin', '研发部门', '/system/menu', '127.0.0.1', '内网IP', '{\"children\":[],\"component\":\"system/case/index\",\"createTime\":\"2024-01-28 14:36:49\",\"icon\":\"code\",\"isCache\":\"0\",\"isFrame\":\"1\",\"menuId\":2025,\"menuName\":\"用例管理\",\"menuType\":\"C\",\"orderNum\":1,\"params\":{},\"parentId\":0,\"path\":\"case\",\"perms\":\"system:case:list\",\"status\":\"0\",\"updateBy\":\"admin\",\"visible\":\"0\"}', '{\"msg\":\"操作成功\",\"code\":200}', 0, NULL, '2024-01-28 14:53:30', 11);
INSERT INTO `sys_oper_log` VALUES (176, '菜单管理', 2, 'com.zou.web.controller.system.SysMenuController.edit()', 'PUT', 1, 'admin', '研发部门', '/system/menu', '127.0.0.1', '内网IP', '{\"children\":[],\"createTime\":\"2024-01-26 12:58:43\",\"icon\":\"system\",\"isCache\":\"0\",\"isFrame\":\"1\",\"menuId\":1,\"menuName\":\"系统管理\",\"menuType\":\"M\",\"orderNum\":5,\"params\":{},\"parentId\":0,\"path\":\"system\",\"perms\":\"\",\"query\":\"\",\"status\":\"0\",\"updateBy\":\"admin\",\"visible\":\"0\"}', '{\"msg\":\"操作成功\",\"code\":200}', 0, NULL, '2024-01-28 14:55:43', 15);
INSERT INTO `sys_oper_log` VALUES (177, '菜单管理', 2, 'com.zou.web.controller.system.SysMenuController.edit()', 'PUT', 1, 'admin', '研发部门', '/system/menu', '127.0.0.1', '内网IP', '{\"children\":[],\"createTime\":\"2024-01-26 12:58:43\",\"icon\":\"monitor\",\"isCache\":\"0\",\"isFrame\":\"1\",\"menuId\":2,\"menuName\":\"系统监控\",\"menuType\":\"M\",\"orderNum\":5,\"params\":{},\"parentId\":0,\"path\":\"monitor\",\"perms\":\"\",\"query\":\"\",\"status\":\"1\",\"updateBy\":\"admin\",\"visible\":\"0\"}', '{\"msg\":\"操作成功\",\"code\":200}', 0, NULL, '2024-01-28 14:55:52', 8);
INSERT INTO `sys_oper_log` VALUES (178, '菜单管理', 2, 'com.zou.web.controller.system.SysMenuController.edit()', 'PUT', 1, 'admin', '研发部门', '/system/menu', '127.0.0.1', '内网IP', '{\"children\":[],\"createTime\":\"2024-01-26 12:58:43\",\"icon\":\"tool\",\"isCache\":\"0\",\"isFrame\":\"1\",\"menuId\":3,\"menuName\":\"系统工具\",\"menuType\":\"M\",\"orderNum\":5,\"params\":{},\"parentId\":0,\"path\":\"tool\",\"perms\":\"\",\"query\":\"\",\"status\":\"0\",\"updateBy\":\"admin\",\"visible\":\"0\"}', '{\"msg\":\"操作成功\",\"code\":200}', 0, NULL, '2024-01-28 14:56:06', 13);
INSERT INTO `sys_oper_log` VALUES (179, '菜单管理', 2, 'com.zou.web.controller.system.SysMenuController.edit()', 'PUT', 1, 'admin', '研发部门', '/system/menu', '127.0.0.1', '内网IP', '{\"children\":[],\"component\":\"system/environment/index\",\"createTime\":\"2024-01-28 14:43:42\",\"icon\":\"education\",\"isCache\":\"1\",\"isFrame\":\"1\",\"menuId\":2037,\"menuName\":\"环境管理\",\"menuType\":\"C\",\"orderNum\":1,\"params\":{},\"parentId\":0,\"path\":\"environment\",\"perms\":\"system:environment:list\",\"status\":\"0\",\"updateBy\":\"admin\",\"visible\":\"0\"}', '{\"msg\":\"操作成功\",\"code\":200}', 0, NULL, '2024-01-28 15:15:28', 51);
INSERT INTO `sys_oper_log` VALUES (180, '环境', 1, 'com.zou.system.controller.EnvironmentController.add()', 'POST', 1, 'admin', '研发部门', '/system/environment', '127.0.0.1', '内网IP', '{\"envirId\":3,\"envirName\":\"苍穹外卖\",\"envirUrl\":\"test\",\"interinfoList\":[],\"params\":{},\"userId\":1}', '{\"msg\":\"操作成功\",\"code\":200}', 0, NULL, '2024-01-28 15:18:05', 119);
INSERT INTO `sys_oper_log` VALUES (181, '环境', 5, 'com.zou.system.controller.EnvironmentController.export()', 'POST', 1, 'admin', '研发部门', '/system/environment/export', '127.0.0.1', '内网IP', '{\"pageSize\":\"10\",\"pageNum\":\"1\"}', NULL, 0, NULL, '2024-01-28 15:19:35', 1339);
INSERT INTO `sys_oper_log` VALUES (182, '环境', 1, 'com.zou.system.controller.EnvironmentController.add()', 'POST', 1, 'admin', '研发部门', '/system/environment', '127.0.0.1', '内网IP', '{\"envirId\":4,\"envirName\":\"test1\",\"envirUrl\":\"url1\",\"interinfoList\":[],\"params\":{},\"userId\":1}', '{\"msg\":\"操作成功\",\"code\":200}', 0, NULL, '2024-01-28 15:22:07', 11);
INSERT INTO `sys_oper_log` VALUES (183, '环境', 2, 'com.zou.system.controller.EnvironmentController.edit()', 'PUT', 1, 'admin', '研发部门', '/system/environment', '127.0.0.1', '内网IP', '{\"envirId\":3,\"envirName\":\"苍穹外卖\",\"envirUrl\":\"test2\",\"interinfoList\":[],\"params\":{},\"userId\":1}', '{\"msg\":\"操作成功\",\"code\":200}', 0, NULL, '2024-01-28 15:22:29', 22);
INSERT INTO `sys_oper_log` VALUES (184, '环境', 3, 'com.zou.system.controller.EnvironmentController.remove()', 'DELETE', 1, 'admin', '研发部门', '/system/environment/4', '127.0.0.1', '内网IP', '{}', '{\"msg\":\"操作成功\",\"code\":200}', 0, NULL, '2024-01-28 15:22:31', 26);
INSERT INTO `sys_oper_log` VALUES (185, '环境', 1, 'com.zou.system.controller.EnvironmentController.add()', 'POST', 1, 'admin', '研发部门', '/system/environment', '127.0.0.1', '内网IP', '{\"envirId\":5,\"envirName\":\"1\",\"envirUrl\":\"1\",\"interinfoList\":[],\"params\":{},\"userId\":1}', '{\"msg\":\"操作成功\",\"code\":200}', 0, NULL, '2024-01-28 15:22:49', 8);
INSERT INTO `sys_oper_log` VALUES (186, '菜单管理', 2, 'com.zou.web.controller.system.SysMenuController.edit()', 'PUT', 1, 'admin', '研发部门', '/system/menu', '127.0.0.1', '内网IP', '{\"children\":[],\"component\":\"\",\"createTime\":\"2024-01-28 14:43:42\",\"icon\":\"#\",\"isCache\":\"0\",\"isFrame\":\"1\",\"menuId\":2042,\"menuName\":\"环境导出\",\"menuType\":\"F\",\"orderNum\":5,\"params\":{},\"parentId\":2037,\"path\":\"#\",\"perms\":\"system:environment:export\",\"status\":\"1\",\"updateBy\":\"admin\",\"visible\":\"0\"}', '{\"msg\":\"操作成功\",\"code\":200}', 0, NULL, '2024-01-28 15:23:12', 20);
INSERT INTO `sys_oper_log` VALUES (187, '环境', 5, 'com.zou.system.controller.EnvironmentController.export()', 'POST', 1, 'admin', '研发部门', '/system/environment/export', '127.0.0.1', '内网IP', '{\"pageSize\":\"10\",\"pageNum\":\"1\"}', NULL, 0, NULL, '2024-01-28 15:23:20', 95);
INSERT INTO `sys_oper_log` VALUES (188, '环境', 5, 'com.zou.system.controller.EnvironmentController.export()', 'POST', 1, 'admin', '研发部门', '/system/environment/export', '127.0.0.1', '内网IP', '{\"pageSize\":\"10\",\"pageNum\":\"1\"}', NULL, 0, NULL, '2024-01-28 15:24:01', 51);
INSERT INTO `sys_oper_log` VALUES (189, '角色管理', 2, 'com.zou.web.controller.system.SysRoleController.edit()', 'PUT', 1, 'admin', '研发部门', '/system/role', '127.0.0.1', '内网IP', '{\"admin\":false,\"createTime\":\"2024-01-26 12:58:43\",\"dataScope\":\"2\",\"delFlag\":\"0\",\"deptCheckStrictly\":true,\"flag\":false,\"menuCheckStrictly\":true,\"menuIds\":[2037,2038,2039,2040,2041,2031,2032,2033,2034,2035,2036,2025,2026,2027,2028,2029,2030,4,2019,2020,2021,2022,2023,2024,1,100,1000,1001,1002,1003,1004,1005,1006,101,1007,1008,1009,1010,1011,102,1012,1013,1014,1015,103,1016,1017,1018,1019,104,1020,1021,1022,1023,1024,105,1025,1026,1027,1028,1029,106,1030,1031,1032,1033,1034,107,1035,1036,1037,1038,108,500,1039,1040,1041,501,1042,1043,1044,1045,2,109,1046,1047,1048,110,1049,1050,1051,1052,1053,1054,111,112,113,114,3,115,116,1055,1056,1057,1058,1059,1060,117],\"params\":{},\"remark\":\"普通角色\",\"roleId\":2,\"roleKey\":\"common\",\"roleName\":\"普通角色\",\"roleSort\":2,\"status\":\"0\",\"updateBy\":\"admin\"}', '{\"msg\":\"操作成功\",\"code\":200}', 0, NULL, '2024-01-28 15:24:39', 43);
INSERT INTO `sys_oper_log` VALUES (190, '接口管理', 1, 'com.zou.system.controller.InterinfoController.add()', 'POST', 1, 'admin', '研发部门', '/system/interinfo', '127.0.0.1', '内网IP', '{\"caseinfoList\":[],\"envirId\":2,\"interComment\":\"1\",\"interId\":4,\"interName\":\"测试接口\",\"interUrl\":\"test\",\"method\":\"get\",\"params\":{},\"userId\":1}', '{\"msg\":\"操作成功\",\"code\":200}', 0, NULL, '2024-01-28 15:27:01', 16);
INSERT INTO `sys_oper_log` VALUES (191, '接口管理', 2, 'com.zou.system.controller.InterinfoController.edit()', 'PUT', 1, 'admin', '研发部门', '/system/interinfo', '127.0.0.1', '内网IP', '{\"caseinfoList\":[],\"envirId\":3,\"interComment\":\"1\",\"interId\":4,\"interName\":\"测试接口\",\"interUrl\":\"test\",\"method\":\"get\",\"params\":{},\"userId\":1}', '{\"msg\":\"操作成功\",\"code\":200}', 0, NULL, '2024-01-28 15:48:31', 53);
INSERT INTO `sys_oper_log` VALUES (192, '菜单管理', 2, 'com.zou.web.controller.system.SysMenuController.edit()', 'PUT', 1, 'admin', '研发部门', '/system/menu', '127.0.0.1', '内网IP', '{\"children\":[],\"component\":\"system/interinfo/index\",\"createTime\":\"2024-01-28 14:41:06\",\"icon\":\"cascader\",\"isCache\":\"1\",\"isFrame\":\"1\",\"menuId\":2031,\"menuName\":\"接口管理\",\"menuType\":\"C\",\"orderNum\":2,\"params\":{},\"parentId\":0,\"path\":\"interinfo\",\"perms\":\"system:interinfo:list\",\"status\":\"0\",\"updateBy\":\"admin\",\"visible\":\"0\"}', '{\"msg\":\"操作成功\",\"code\":200}', 0, NULL, '2024-01-28 15:51:44', 42);
INSERT INTO `sys_oper_log` VALUES (193, '菜单管理', 2, 'com.zou.web.controller.system.SysMenuController.edit()', 'PUT', 1, 'admin', '研发部门', '/system/menu', '127.0.0.1', '内网IP', '{\"children\":[],\"component\":\"system/case/index\",\"createTime\":\"2024-01-28 14:36:49\",\"icon\":\"code\",\"isCache\":\"1\",\"isFrame\":\"1\",\"menuId\":2025,\"menuName\":\"用例管理\",\"menuType\":\"C\",\"orderNum\":3,\"params\":{},\"parentId\":0,\"path\":\"case\",\"perms\":\"system:case:list\",\"status\":\"0\",\"updateBy\":\"admin\",\"visible\":\"0\"}', '{\"msg\":\"操作成功\",\"code\":200}', 0, NULL, '2024-01-28 15:51:47', 14);
INSERT INTO `sys_oper_log` VALUES (194, '菜单管理', 2, 'com.zou.web.controller.system.SysMenuController.edit()', 'PUT', 1, 'admin', '研发部门', '/system/menu', '127.0.0.1', '内网IP', '{\"children\":[],\"component\":\"system/testresult/index\",\"createTime\":\"2024-01-28 11:24:01\",\"icon\":\"table\",\"isCache\":\"1\",\"isFrame\":\"1\",\"menuId\":2019,\"menuName\":\"测试结果\",\"menuType\":\"C\",\"orderNum\":4,\"params\":{},\"parentId\":0,\"path\":\"testresult\",\"perms\":\"system:testresult:list\",\"status\":\"0\",\"updateBy\":\"admin\",\"visible\":\"0\"}', '{\"msg\":\"操作成功\",\"code\":200}', 0, NULL, '2024-01-28 15:51:54', 9);
INSERT INTO `sys_oper_log` VALUES (195, '接口管理', 1, 'com.zou.system.controller.InterinfoController.add()', 'POST', 1, 'admin', '研发部门', '/system/interinfo', '127.0.0.1', '内网IP', '{\"caseinfoList\":[],\"interId\":5,\"method\":\"GET\",\"params\":{},\"userId\":1}', '{\"msg\":\"操作成功\",\"code\":200}', 0, NULL, '2024-01-28 16:09:07', 120);
INSERT INTO `sys_oper_log` VALUES (196, '接口管理', 1, 'com.zou.system.controller.InterinfoController.add()', 'POST', 1, 'admin', '研发部门', '/system/interinfo', '127.0.0.1', '内网IP', '{\"caseinfoList\":[],\"interId\":6,\"method\":\"POST\",\"paramType\":\"FORM\",\"params\":{},\"userId\":1}', '{\"msg\":\"操作成功\",\"code\":200}', 0, NULL, '2024-01-28 16:14:47', 30);
INSERT INTO `sys_oper_log` VALUES (197, '环境', 3, 'com.zou.system.controller.EnvironmentController.remove()', 'DELETE', 1, 'admin', '研发部门', '/system/environment/5', '127.0.0.1', '内网IP', '{}', NULL, 1, 'nested exception is org.apache.ibatis.binding.BindingException: Parameter \'envirIds\' not found. Available parameters are [array, arg0]', '2024-01-28 16:37:40', 31);
INSERT INTO `sys_oper_log` VALUES (198, '环境', 3, 'com.zou.system.controller.EnvironmentController.remove()', 'DELETE', 1, 'admin', '研发部门', '/system/environment/3', '127.0.0.1', '内网IP', '{}', NULL, 1, 'nested exception is org.apache.ibatis.binding.BindingException: Parameter \'envirIds\' not found. Available parameters are [array, arg0]', '2024-01-28 16:37:46', 3);
INSERT INTO `sys_oper_log` VALUES (199, '环境', 3, 'com.zou.system.controller.EnvironmentController.remove()', 'DELETE', 1, 'admin', '研发部门', '/system/environment/5', '127.0.0.1', '内网IP', '{}', NULL, 1, 'nested exception is org.apache.ibatis.binding.BindingException: Parameter \'envirIds\' not found. Available parameters are [array, arg0]', '2024-01-28 16:38:40', 29);
INSERT INTO `sys_oper_log` VALUES (200, '环境', 3, 'com.zou.system.controller.EnvironmentController.remove()', 'DELETE', 1, 'admin', '研发部门', '/system/environment/5', '127.0.0.1', '内网IP', '{}', '{\"msg\":\"操作成功\",\"code\":200}', 0, NULL, '2024-01-28 16:40:01', 68);
INSERT INTO `sys_oper_log` VALUES (201, '环境', 1, 'com.zou.system.controller.EnvironmentController.add()', 'POST', 1, 'admin', '研发部门', '/system/environment', '127.0.0.1', '内网IP', '{\"envirId\":6,\"envirName\":\"12\",\"envirUrl\":\"3\",\"interinfoList\":[],\"params\":{},\"userId\":1}', '{\"msg\":\"操作成功\",\"code\":200}', 0, NULL, '2024-01-28 16:40:57', 15);
INSERT INTO `sys_oper_log` VALUES (202, '环境', 3, 'com.zou.system.controller.EnvironmentController.remove()', 'DELETE', 1, 'admin', '研发部门', '/system/environment/6', '127.0.0.1', '内网IP', '{}', '{\"msg\":\"操作成功\",\"code\":200}', 0, NULL, '2024-01-28 16:41:52', 15);
INSERT INTO `sys_oper_log` VALUES (203, '环境', 1, 'com.zou.system.controller.EnvironmentController.add()', 'POST', 1, 'admin', '研发部门', '/system/environment', '127.0.0.1', '内网IP', '{\"envirId\":7,\"envirName\":\"12\",\"envirUrl\":\"3\",\"interinfoList\":[],\"params\":{},\"userId\":1}', '{\"msg\":\"操作成功\",\"code\":200}', 0, NULL, '2024-01-28 16:42:04', 7);
INSERT INTO `sys_oper_log` VALUES (204, '环境', 3, 'com.zou.system.controller.EnvironmentController.remove()', 'DELETE', 1, 'admin', '研发部门', '/system/environment/7', '127.0.0.1', '内网IP', '{}', '{\"msg\":\"操作失败\",\"code\":500}', 0, NULL, '2024-01-28 16:43:48', 33166);
INSERT INTO `sys_oper_log` VALUES (205, '环境', 3, 'com.zou.system.controller.EnvironmentController.remove()', 'DELETE', 1, 'admin', '研发部门', '/system/environment/6', '127.0.0.1', '内网IP', '{}', NULL, 1, '环境下有接口，不能删除', '2024-01-28 16:46:47', 37);
INSERT INTO `sys_oper_log` VALUES (206, '接口管理', 3, 'com.zou.system.controller.InterinfoController.remove()', 'DELETE', 1, 'admin', '研发部门', '/system/interinfo/5', '127.0.0.1', '内网IP', '{}', '{\"msg\":\"操作成功\",\"code\":200}', 0, NULL, '2024-01-28 16:52:00', 171);
INSERT INTO `sys_oper_log` VALUES (207, '接口管理', 3, 'com.zou.system.controller.InterinfoController.remove()', 'DELETE', 1, 'admin', '研发部门', '/system/interinfo/6', '127.0.0.1', '内网IP', '{}', '{\"msg\":\"操作成功\",\"code\":200}', 0, NULL, '2024-01-28 16:52:02', 11);
INSERT INTO `sys_oper_log` VALUES (208, '接口管理', 1, 'com.zou.system.controller.InterinfoController.add()', 'POST', 1, 'admin', '研发部门', '/system/interinfo', '127.0.0.1', '内网IP', '{\"caseinfoList\":[],\"interId\":7,\"method\":\"POST\",\"paramType\":\"JSON\",\"params\":{},\"userId\":1}', '{\"msg\":\"操作成功\",\"code\":200}', 0, NULL, '2024-01-28 17:18:59', 91);
INSERT INTO `sys_oper_log` VALUES (209, '接口管理', 1, 'com.zou.system.controller.InterinfoController.add()', 'POST', 1, 'admin', '研发部门', '/system/interinfo', '127.0.0.1', '内网IP', '{\"caseinfoList\":[],\"envirId\":3,\"interId\":8,\"method\":\"POST\",\"paramType\":\"FORM\",\"params\":{},\"userId\":1}', '{\"msg\":\"操作成功\",\"code\":200}', 0, NULL, '2024-01-28 17:23:48', 31);
INSERT INTO `sys_oper_log` VALUES (210, '接口管理', 2, 'com.zou.system.controller.InterinfoController.edit()', 'PUT', 1, 'admin', '研发部门', '/system/interinfo', '127.0.0.1', '内网IP', '{\"caseinfoList\":[],\"envirId\":6,\"interId\":8,\"method\":\"POST\",\"paramType\":\"FORM\",\"params\":{},\"userId\":1}', '{\"msg\":\"操作成功\",\"code\":200}', 0, NULL, '2024-01-28 17:35:06', 118);
INSERT INTO `sys_oper_log` VALUES (211, '接口管理', 2, 'com.zou.system.controller.InterinfoController.edit()', 'PUT', 1, 'admin', '研发部门', '/system/interinfo', '127.0.0.1', '内网IP', '{\"caseinfoList\":[],\"envirId\":3,\"interId\":7,\"interName\":\"test1\",\"interUrl\":\"qwe\",\"method\":\"POST\",\"paramType\":\"JSON\",\"params\":{},\"userId\":1}', '{\"msg\":\"操作成功\",\"code\":200}', 0, NULL, '2024-01-28 17:37:24', 13);
INSERT INTO `sys_oper_log` VALUES (212, '接口管理', 2, 'com.zou.system.controller.InterinfoController.edit()', 'PUT', 1, 'admin', '研发部门', '/system/interinfo', '127.0.0.1', '内网IP', '{\"caseinfoList\":[],\"envirId\":3,\"interId\":8,\"interName\":\"test3\",\"interUrl\":\"rt\",\"method\":\"POST\",\"paramType\":\"URL\",\"params\":{},\"userId\":1}', '{\"msg\":\"操作成功\",\"code\":200}', 0, NULL, '2024-01-28 17:37:38', 53);
INSERT INTO `sys_oper_log` VALUES (213, '接口管理', 3, 'com.zou.system.controller.InterinfoController.remove()', 'DELETE', 1, 'admin', '研发部门', '/system/interinfo/8', '127.0.0.1', '内网IP', '{}', '{\"msg\":\"操作成功\",\"code\":200}', 0, NULL, '2024-01-28 17:37:46', 17);
INSERT INTO `sys_oper_log` VALUES (214, '接口管理', 3, 'com.zou.system.controller.InterinfoController.remove()', 'DELETE', 1, 'admin', '研发部门', '/system/interinfo/7', '127.0.0.1', '内网IP', '{}', NULL, 1, '接口下有用例，不能删除', '2024-01-28 17:38:18', 9);
INSERT INTO `sys_oper_log` VALUES (215, '接口管理', 1, 'com.zou.system.controller.InterinfoController.add()', 'POST', 1, 'admin', '研发部门', '/system/interinfo', '127.0.0.1', '内网IP', '{\"caseinfoList\":[],\"envirId\":3,\"interId\":9,\"interName\":\"test\",\"interUrl\":\"test\",\"method\":\"GET\",\"paramType\":\"JSON\",\"params\":{},\"userId\":1}', '{\"msg\":\"操作成功\",\"code\":200}', 0, NULL, '2024-01-28 17:41:07', 63);
INSERT INTO `sys_oper_log` VALUES (216, '接口管理', 3, 'com.zou.system.controller.InterinfoController.remove()', 'DELETE', 1, 'admin', '研发部门', '/system/interinfo/7', '127.0.0.1', '内网IP', '{}', NULL, 1, '接口下有用例，不能删除', '2024-01-28 17:41:10', 19);
INSERT INTO `sys_oper_log` VALUES (217, '接口管理', 3, 'com.zou.system.controller.InterinfoController.remove()', 'DELETE', 1, 'admin', '研发部门', '/system/interinfo/9', '127.0.0.1', '内网IP', '{}', '{\"msg\":\"操作成功\",\"code\":200}', 0, NULL, '2024-01-28 17:41:13', 17);
INSERT INTO `sys_oper_log` VALUES (218, '菜单管理', 2, 'com.zou.web.controller.system.SysMenuController.edit()', 'PUT', 1, 'admin', '研发部门', '/system/menu', '127.0.0.1', '内网IP', '{\"children\":[],\"component\":\"\",\"createTime\":\"2024-01-28 14:41:06\",\"icon\":\"#\",\"isCache\":\"0\",\"isFrame\":\"1\",\"menuId\":2036,\"menuName\":\"接口管理导出\",\"menuType\":\"F\",\"orderNum\":5,\"params\":{},\"parentId\":2031,\"path\":\"#\",\"perms\":\"system:interinfo:export\",\"status\":\"1\",\"updateBy\":\"admin\",\"visible\":\"0\"}', '{\"msg\":\"操作成功\",\"code\":200}', 0, NULL, '2024-01-28 17:41:30', 27);
INSERT INTO `sys_oper_log` VALUES (219, '菜单管理', 2, 'com.zou.web.controller.system.SysMenuController.edit()', 'PUT', 1, 'admin', '研发部门', '/system/menu', '127.0.0.1', '内网IP', '{\"children\":[],\"component\":\"\",\"createTime\":\"2024-01-28 14:36:49\",\"icon\":\"#\",\"isCache\":\"0\",\"isFrame\":\"1\",\"menuId\":2030,\"menuName\":\"用例管理导出\",\"menuType\":\"F\",\"orderNum\":5,\"params\":{},\"parentId\":2025,\"path\":\"#\",\"perms\":\"system:case:export\",\"status\":\"1\",\"updateBy\":\"admin\",\"visible\":\"0\"}', '{\"msg\":\"操作成功\",\"code\":200}', 0, NULL, '2024-01-28 17:41:38', 14);
INSERT INTO `sys_oper_log` VALUES (220, '接口管理', 2, 'com.zou.system.controller.InterinfoController.edit()', 'PUT', 1, 'admin', '研发部门', '/system/interinfo', '127.0.0.1', '内网IP', '{\"caseinfoList\":[{\"caseId\":1,\"caseName\":\"wqe\",\"interId\":7,\"params\":{},\"userId\":1}],\"envirId\":3,\"interId\":7,\"interName\":\"test1\",\"interUrl\":\"qwe\",\"method\":\"POST\",\"paramType\":\"JSON\",\"params\":{},\"userId\":1}', '{\"msg\":\"操作成功\",\"code\":200}', 0, NULL, '2024-01-29 10:04:08', 134);
INSERT INTO `sys_oper_log` VALUES (221, '接口管理', 2, 'com.zou.system.controller.InterinfoController.edit()', 'PUT', 1, 'admin', '研发部门', '/system/interinfo', '127.0.0.1', '内网IP', '{\"caseinfoList\":[{\"caseId\":1,\"caseName\":\"wqe\",\"interId\":7,\"params\":{},\"userId\":1}],\"envirId\":6,\"interId\":7,\"interName\":\"test1\",\"interUrl\":\"qwe\",\"method\":\"POST\",\"paramType\":\"JSON\",\"params\":{},\"userId\":1}', '{\"msg\":\"操作成功\",\"code\":200}', 0, NULL, '2024-01-29 10:04:20', 15);
INSERT INTO `sys_oper_log` VALUES (222, '接口管理', 2, 'com.zou.system.controller.InterinfoController.edit()', 'PUT', 1, 'admin', '研发部门', '/system/interinfo', '127.0.0.1', '内网IP', '{\"caseinfoList\":[{\"caseId\":1,\"caseName\":\"wqe\",\"interId\":7,\"params\":{},\"userId\":1}],\"envirId\":3,\"interId\":7,\"interName\":\"test1\",\"interUrl\":\"qwe\",\"method\":\"POST\",\"paramType\":\"JSON\",\"params\":{},\"userId\":1}', '{\"msg\":\"操作成功\",\"code\":200}', 0, NULL, '2024-01-29 10:04:45', 16);
INSERT INTO `sys_oper_log` VALUES (223, '接口管理', 2, 'com.zou.system.controller.InterinfoController.edit()', 'PUT', 1, 'admin', '研发部门', '/system/interinfo', '127.0.0.1', '内网IP', '{\"caseinfoList\":[{\"caseId\":1,\"caseName\":\"wqe\",\"interId\":7,\"params\":{},\"userId\":1}],\"envirId\":6,\"interId\":7,\"interName\":\"test1\",\"interUrl\":\"qwe\",\"method\":\"POST\",\"paramType\":\"JSON\",\"params\":{},\"userId\":1}', '{\"msg\":\"操作成功\",\"code\":200}', 0, NULL, '2024-01-29 10:05:05', 14);
INSERT INTO `sys_oper_log` VALUES (224, '接口管理', 2, 'com.zou.system.controller.InterinfoController.edit()', 'PUT', 1, 'admin', '研发部门', '/system/interinfo', '127.0.0.1', '内网IP', '{\"caseinfoList\":[{\"caseId\":1,\"caseName\":\"wqe\",\"interId\":7,\"params\":{},\"userId\":1}],\"envirId\":3,\"interId\":7,\"interName\":\"test1\",\"interUrl\":\"qwe\",\"method\":\"POST\",\"paramType\":\"JSON\",\"params\":{},\"userId\":1}', '{\"msg\":\"操作成功\",\"code\":200}', 0, NULL, '2024-01-29 10:05:16', 14);
INSERT INTO `sys_oper_log` VALUES (225, '接口管理', 2, 'com.zou.system.controller.InterinfoController.edit()', 'PUT', 1, 'admin', '研发部门', '/system/interinfo', '127.0.0.1', '内网IP', '{\"caseinfoList\":[{\"caseId\":1,\"caseName\":\"wqe\",\"interId\":7,\"params\":{},\"userId\":1}],\"envirId\":3,\"interId\":7,\"interName\":\"test1\",\"interUrl\":\"qwe\",\"method\":\"POST\",\"paramType\":\"JSON\",\"params\":{},\"userId\":1}', '{\"msg\":\"操作成功\",\"code\":200}', 0, NULL, '2024-01-29 10:15:46', 44);
INSERT INTO `sys_oper_log` VALUES (226, '接口管理', 2, 'com.zou.system.controller.InterinfoController.edit()', 'PUT', 1, 'admin', '研发部门', '/system/interinfo', '127.0.0.1', '内网IP', '{\"caseinfoList\":[{\"caseId\":1,\"caseName\":\"wqe\",\"interId\":7,\"params\":{},\"userId\":1}],\"envirId\":3,\"interId\":7,\"interName\":\"test1\",\"interUrl\":\"qwe\",\"method\":\"POST\",\"paramType\":\"JSON\",\"params\":{},\"userId\":1}', '{\"msg\":\"操作成功\",\"code\":200}', 0, NULL, '2024-01-29 10:16:42', 15);
INSERT INTO `sys_oper_log` VALUES (227, '接口管理', 2, 'com.zou.system.controller.InterinfoController.edit()', 'PUT', 1, 'admin', '研发部门', '/system/interinfo', '127.0.0.1', '内网IP', '{\"caseinfoList\":[{\"caseId\":1,\"caseName\":\"wqe\",\"interId\":7,\"params\":{},\"userId\":1}],\"envirId\":3,\"interId\":7,\"interName\":\"test1\",\"interUrl\":\"qwe\",\"method\":\"POST\",\"paramType\":\"JSON\",\"params\":{},\"userId\":1}', '{\"msg\":\"操作成功\",\"code\":200}', 0, NULL, '2024-01-29 10:16:47', 16);
INSERT INTO `sys_oper_log` VALUES (228, '接口管理', 2, 'com.zou.system.controller.InterinfoController.edit()', 'PUT', 1, 'admin', '研发部门', '/system/interinfo', '127.0.0.1', '内网IP', '{\"envirId\":3,\"environmentName\":\"6\",\"interId\":7,\"interName\":\"test1\",\"interUrl\":\"qwe\",\"method\":\"POST\",\"paramType\":\"JSON\",\"params\":{}}', '{\"msg\":\"操作成功\",\"code\":200}', 0, NULL, '2024-01-29 10:49:29', 114);
INSERT INTO `sys_oper_log` VALUES (229, '接口管理', 2, 'com.zou.system.controller.InterinfoController.edit()', 'PUT', 1, 'admin', '研发部门', '/system/interinfo', '127.0.0.1', '内网IP', '{\"envirId\":6,\"environmentName\":\"6\",\"interId\":7,\"interName\":\"test1\",\"interUrl\":\"qwe\",\"method\":\"POST\",\"paramType\":\"JSON\",\"params\":{}}', '{\"msg\":\"操作成功\",\"code\":200}', 0, NULL, '2024-01-29 10:53:27', 14);
INSERT INTO `sys_oper_log` VALUES (230, '接口管理', 2, 'com.zou.system.controller.InterinfoController.edit()', 'PUT', 1, 'admin', '研发部门', '/system/interinfo', '127.0.0.1', '内网IP', '{\"envirId\":3,\"environmentName\":\"3\",\"interId\":7,\"interName\":\"test1\",\"interUrl\":\"qwe\",\"method\":\"POST\",\"paramType\":\"JSON\",\"params\":{}}', '{\"msg\":\"操作成功\",\"code\":200}', 0, NULL, '2024-01-29 10:53:51', 10);
INSERT INTO `sys_oper_log` VALUES (231, '接口管理', 1, 'com.zou.system.controller.InterinfoController.add()', 'POST', 1, 'admin', '研发部门', '/system/interinfo', '127.0.0.1', '内网IP', '{\"caseinfoList\":[],\"envirId\":6,\"environmentName\":\"6\",\"interId\":10,\"interName\":\"123\",\"interUrl\":\"123\",\"method\":\"POST\",\"paramType\":\"URL\",\"params\":{},\"userId\":1}', '{\"msg\":\"操作成功\",\"code\":200}', 0, NULL, '2024-01-29 10:54:05', 28);
INSERT INTO `sys_oper_log` VALUES (232, '接口管理', 2, 'com.zou.system.controller.InterinfoController.edit()', 'PUT', 1, 'admin', '研发部门', '/system/interinfo', '127.0.0.1', '内网IP', '{\"envirId\":14,\"environmentName\":\"14\",\"interId\":7,\"interName\":\"test1\",\"interUrl\":\"qwe\",\"method\":\"POST\",\"paramType\":\"JSON\",\"params\":{}}', '{\"msg\":\"操作成功\",\"code\":200}', 0, NULL, '2024-01-29 11:53:37', 63);
INSERT INTO `sys_oper_log` VALUES (233, '接口管理', 2, 'com.zou.system.controller.InterinfoController.edit()', 'PUT', 1, 'admin', '研发部门', '/system/interinfo', '127.0.0.1', '内网IP', '{\"envirId\":3,\"environmentName\":\"3\",\"interId\":7,\"interName\":\"test1\",\"interUrl\":\"qwe\",\"method\":\"POST\",\"paramType\":\"JSON\",\"params\":{}}', '{\"msg\":\"操作成功\",\"code\":200}', 0, NULL, '2024-01-29 11:53:49', 15);
INSERT INTO `sys_oper_log` VALUES (234, '接口管理', 2, 'com.zou.system.controller.InterinfoController.edit()', 'PUT', 1, 'admin', '研发部门', '/system/interinfo', '127.0.0.1', '内网IP', '{\"envirId\":3,\"environmentName\":\"3\",\"interId\":7,\"interName\":\"test1\",\"interUrl\":\"qwe\",\"method\":\"POST\",\"paramType\":\"JSON\",\"params\":{}}', '{\"msg\":\"操作成功\",\"code\":200}', 0, NULL, '2024-01-29 12:16:55', 37);
INSERT INTO `sys_oper_log` VALUES (235, '接口管理', 2, 'com.zou.system.controller.InterinfoController.edit()', 'PUT', 1, 'admin', '研发部门', '/system/interinfo', '127.0.0.1', '内网IP', '{\"envirId\":13,\"environmentName\":\"13\",\"interId\":7,\"interName\":\"test1\",\"interUrl\":\"qwe\",\"method\":\"POST\",\"paramType\":\"JSON\",\"params\":{}}', '{\"msg\":\"操作成功\",\"code\":200}', 0, NULL, '2024-01-29 12:25:31', 32);
INSERT INTO `sys_oper_log` VALUES (236, '接口管理', 2, 'com.zou.system.controller.InterinfoController.edit()', 'PUT', 1, 'admin', '研发部门', '/system/interinfo', '127.0.0.1', '内网IP', '{\"envirId\":3,\"environmentName\":\"3\",\"interId\":7,\"interName\":\"test1\",\"interUrl\":\"qwe\",\"method\":\"POST\",\"paramType\":\"JSON\",\"params\":{}}', '{\"msg\":\"操作成功\",\"code\":200}', 0, NULL, '2024-01-29 12:25:36', 16);
INSERT INTO `sys_oper_log` VALUES (237, '用例管理', 1, 'com.zou.system.controller.CaseinfoController.add()', 'POST', 1, 'admin', '研发部门', '/system/case', '127.0.0.1', '内网IP', '{\"caseId\":3,\"caseName\":\"23\",\"params\":{},\"userId\":1}', '{\"msg\":\"操作成功\",\"code\":200}', 0, NULL, '2024-01-29 14:38:11', 46);
INSERT INTO `sys_oper_log` VALUES (238, '接口管理', 2, 'com.zou.system.controller.InterinfoController.edit()', 'PUT', 1, 'admin', '研发部门', '/system/interinfo', '127.0.0.1', '内网IP', '{\"envirId\":6,\"environmentName\":\"6\",\"interId\":7,\"interName\":\"test1\",\"interUrl\":\"qwe\",\"method\":\"POST\",\"paramType\":\"JSON\",\"params\":{}}', '{\"msg\":\"操作成功\",\"code\":200}', 0, NULL, '2024-01-29 15:32:26', 241);
INSERT INTO `sys_oper_log` VALUES (239, '接口管理', 2, 'com.zou.system.controller.InterinfoController.edit()', 'PUT', 1, 'admin', '研发部门', '/system/interinfo', '127.0.0.1', '内网IP', '{\"envirId\":3,\"environmentName\":\"3\",\"interId\":7,\"interName\":\"test1\",\"interUrl\":\"qwe\",\"method\":\"POST\",\"paramType\":\"JSON\",\"params\":{}}', '{\"msg\":\"操作成功\",\"code\":200}', 0, NULL, '2024-01-29 15:32:35', 13);
INSERT INTO `sys_oper_log` VALUES (240, '接口管理', 2, 'com.zou.system.controller.InterinfoController.edit()', 'PUT', 1, 'admin', '研发部门', '/system/interinfo', '127.0.0.1', '内网IP', '{\"envirId\":3,\"environmentName\":\"3\",\"interId\":10,\"interName\":\"123\",\"interUrl\":\"123\",\"method\":\"POST\",\"paramType\":\"URL\",\"params\":{}}', '{\"msg\":\"操作成功\",\"code\":200}', 0, NULL, '2024-01-29 15:32:40', 18);
INSERT INTO `sys_oper_log` VALUES (241, '接口管理', 2, 'com.zou.system.controller.InterinfoController.edit()', 'PUT', 1, 'admin', '研发部门', '/system/interinfo', '127.0.0.1', '内网IP', '{\"envirId\":6,\"environmentName\":\"6\",\"interId\":7,\"interName\":\"test1\",\"interUrl\":\"qwe\",\"method\":\"POST\",\"paramType\":\"JSON\",\"params\":{}}', '{\"msg\":\"操作成功\",\"code\":200}', 0, NULL, '2024-01-29 15:34:32', 10);
INSERT INTO `sys_oper_log` VALUES (242, '接口管理', 2, 'com.zou.system.controller.InterinfoController.edit()', 'PUT', 1, 'admin', '研发部门', '/system/interinfo', '127.0.0.1', '内网IP', '{\"envirId\":3,\"environmentName\":\"3\",\"interId\":7,\"interName\":\"test1\",\"interUrl\":\"qwe\",\"method\":\"POST\",\"paramType\":\"JSON\",\"params\":{}}', '{\"msg\":\"操作成功\",\"code\":200}', 0, NULL, '2024-01-29 15:34:44', 11);
INSERT INTO `sys_oper_log` VALUES (243, '接口管理', 2, 'com.zou.system.controller.InterinfoController.edit()', 'PUT', 1, 'admin', '研发部门', '/system/interinfo', '127.0.0.1', '内网IP', '{\"envirId\":6,\"environmentName\":\"6\",\"interId\":7,\"interName\":\"test1\",\"interUrl\":\"qwe\",\"method\":\"POST\",\"paramType\":\"JSON\",\"params\":{}}', '{\"msg\":\"操作成功\",\"code\":200}', 0, NULL, '2024-01-29 15:37:02', 17);
INSERT INTO `sys_oper_log` VALUES (244, '接口管理', 2, 'com.zou.system.controller.InterinfoController.edit()', 'PUT', 1, 'admin', '研发部门', '/system/interinfo', '127.0.0.1', '内网IP', '{\"envirId\":6,\"environmentName\":\"6\",\"interId\":10,\"interName\":\"123\",\"interUrl\":\"123\",\"method\":\"POST\",\"paramType\":\"URL\",\"params\":{}}', '{\"msg\":\"操作成功\",\"code\":200}', 0, NULL, '2024-01-29 15:37:06', 11);
INSERT INTO `sys_oper_log` VALUES (245, '用例管理', 2, 'com.zou.system.controller.CaseinfoController.edit()', 'PUT', 1, 'admin', '研发部门', '/system/case', '127.0.0.1', '内网IP', '{\"caseId\":4,\"caseName\":\"da\",\"fullUrl\":\"3qwe\",\"header\":\"{\\\"a\\\": \\\"b\\\"}\",\"interId\":7,\"interName\":\"10\",\"method\":\"POST\",\"param\":\"{\\\"a\\\": \\\"b\\\"}\",\"paramType\":\"JSON\",\"params\":{},\"userId\":1}', '{\"msg\":\"操作成功\",\"code\":200}', 0, NULL, '2024-01-29 15:42:40', 26);
INSERT INTO `sys_oper_log` VALUES (246, '用例管理', 2, 'com.zou.system.controller.CaseinfoController.edit()', 'PUT', 1, 'admin', '研发部门', '/system/case', '127.0.0.1', '内网IP', '{\"caseId\":4,\"caseName\":\"da\",\"fullUrl\":\"3qwe\",\"header\":\"{\\\"a\\\": \\\"b\\\"}\",\"interId\":7,\"interName\":\"10\",\"method\":\"POST\",\"param\":\"{\\\"a\\\": \\\"b\\\"}\",\"paramType\":\"JSON\",\"params\":{},\"userId\":1}', '{\"msg\":\"操作成功\",\"code\":200}', 0, NULL, '2024-01-29 15:44:39', 5);
INSERT INTO `sys_oper_log` VALUES (247, '用例管理', 2, 'com.zou.system.controller.CaseinfoController.edit()', 'PUT', 1, 'admin', '研发部门', '/system/case', '127.0.0.1', '内网IP', '{\"caseId\":4,\"caseName\":\"da\",\"fullUrl\":\"3qwe\",\"header\":\"{\\\"a\\\": \\\"b\\\"}\",\"interId\":10,\"interName\":\"10\",\"method\":\"POST\",\"param\":\"{\\\"a\\\": \\\"b\\\"}\",\"paramType\":\"JSON\",\"params\":{},\"userId\":1}', '{\"msg\":\"操作成功\",\"code\":200}', 0, NULL, '2024-01-29 15:46:22', 9);
INSERT INTO `sys_oper_log` VALUES (248, '用例管理', 2, 'com.zou.system.controller.CaseinfoController.edit()', 'PUT', 1, 'admin', '研发部门', '/system/case', '127.0.0.1', '内网IP', '{\"caseId\":4,\"caseName\":\"da\",\"fullUrl\":\"3123\",\"header\":\"{\\\"a\\\": \\\"b\\\"}\",\"interId\":7,\"interName\":\"7\",\"method\":\"POST\",\"param\":\"{\\\"a\\\": \\\"b\\\"}\",\"paramType\":\"URL\",\"params\":{},\"userId\":1}', '{\"msg\":\"操作成功\",\"code\":200}', 0, NULL, '2024-01-29 15:47:02', 9);
INSERT INTO `sys_oper_log` VALUES (249, '用例管理', 2, 'com.zou.system.controller.CaseinfoController.edit()', 'PUT', 1, 'admin', '研发部门', '/system/case', '127.0.0.1', '内网IP', '{\"caseId\":4,\"caseName\":\"da\",\"fullUrl\":\"3qwe\",\"header\":\"{\\\"a\\\": \\\"b\\\"}\",\"interId\":10,\"interName\":\"10\",\"method\":\"POST\",\"param\":\"{\\\"a\\\": \\\"b\\\"}\",\"paramType\":\"JSON\",\"params\":{},\"userId\":1}', '{\"msg\":\"操作成功\",\"code\":200}', 0, NULL, '2024-01-29 15:47:08', 4);
INSERT INTO `sys_oper_log` VALUES (250, '接口管理', 1, 'com.zou.system.controller.InterinfoController.add()', 'POST', 1, 'admin', '研发部门', '/system/interinfo', '127.0.0.1', '内网IP', '{\"caseinfoList\":[],\"envirId\":3,\"environmentName\":\"3\",\"interId\":11,\"interName\":\"test4\",\"interUrl\":\"asd\",\"method\":\"POST\",\"paramType\":\"FORM\",\"params\":{},\"userId\":1}', '{\"msg\":\"操作成功\",\"code\":200}', 0, NULL, '2024-01-29 15:49:52', 88);
INSERT INTO `sys_oper_log` VALUES (251, '用例管理', 1, 'com.zou.system.controller.CaseinfoController.add()', 'POST', 1, 'admin', '研发部门', '/system/case', '127.0.0.1', '内网IP', '{\"caseId\":7,\"caseName\":\"1\",\"params\":{},\"userId\":1}', '{\"msg\":\"操作成功\",\"code\":200}', 0, NULL, '2024-01-29 16:13:16', 50);
INSERT INTO `sys_oper_log` VALUES (252, '用例管理', 1, 'com.zou.system.controller.CaseinfoController.add()', 'POST', 1, 'admin', '研发部门', '/system/case', '127.0.0.1', '内网IP', '{\"caseId\":8,\"caseName\":\"5\",\"params\":{},\"userId\":1}', '{\"msg\":\"操作成功\",\"code\":200}', 0, NULL, '2024-01-29 16:15:24', 7);
INSERT INTO `sys_oper_log` VALUES (253, '用例管理', 1, 'com.zou.system.controller.CaseinfoController.add()', 'POST', 1, 'admin', '研发部门', '/system/case', '127.0.0.1', '内网IP', '{\"caseId\":9,\"caseName\":\"12\",\"params\":{},\"userId\":1}', '{\"msg\":\"操作成功\",\"code\":200}', 0, NULL, '2024-01-29 16:17:59', 16);
INSERT INTO `sys_oper_log` VALUES (254, '用例管理', 1, 'com.zou.system.controller.CaseinfoController.add()', 'POST', 1, 'admin', '研发部门', '/system/case', '127.0.0.1', '内网IP', '{\"caseId\":10,\"caseName\":\"5\",\"params\":{},\"userId\":1}', '{\"msg\":\"操作成功\",\"code\":200}', 0, NULL, '2024-01-29 16:30:32', 25);
INSERT INTO `sys_oper_log` VALUES (255, '用例管理', 1, 'com.zou.system.controller.CaseinfoController.add()', 'POST', 1, 'admin', '研发部门', '/system/case', '127.0.0.1', '内网IP', '{\"caseId\":11,\"caseName\":\"fs\",\"params\":{},\"userId\":1}', '{\"msg\":\"操作成功\",\"code\":200}', 0, NULL, '2024-01-29 16:41:37', 55);
INSERT INTO `sys_oper_log` VALUES (256, '用例管理', 3, 'com.zou.system.controller.CaseinfoController.remove()', 'DELETE', 1, 'admin', '研发部门', '/system/case/7', '127.0.0.1', '内网IP', '{}', '{\"msg\":\"操作成功\",\"code\":200}', 0, NULL, '2024-01-29 16:52:01', 45);
INSERT INTO `sys_oper_log` VALUES (257, '用例管理', 3, 'com.zou.system.controller.CaseinfoController.remove()', 'DELETE', 1, 'admin', '研发部门', '/system/case/7', '127.0.0.1', '内网IP', '{}', '{\"msg\":\"操作失败\",\"code\":500}', 0, NULL, '2024-01-29 16:52:02', 7);
INSERT INTO `sys_oper_log` VALUES (258, '用例管理', 3, 'com.zou.system.controller.CaseinfoController.remove()', 'DELETE', 1, 'admin', '研发部门', '/system/case/8', '127.0.0.1', '内网IP', '{}', '{\"msg\":\"操作成功\",\"code\":200}', 0, NULL, '2024-01-29 16:52:05', 6);
INSERT INTO `sys_oper_log` VALUES (259, '用例管理', 3, 'com.zou.system.controller.CaseinfoController.remove()', 'DELETE', 1, 'admin', '研发部门', '/system/case/9', '127.0.0.1', '内网IP', '{}', '{\"msg\":\"操作成功\",\"code\":200}', 0, NULL, '2024-01-29 16:52:08', 9);
INSERT INTO `sys_oper_log` VALUES (260, '用例管理', 1, 'com.zou.system.controller.CaseinfoController.add()', 'POST', 1, 'admin', '研发部门', '/system/case', '127.0.0.1', '内网IP', '{\"caseId\":12,\"caseName\":\"er\",\"header\":\"[{\\\"paramName\\\":\\\"d\\\",\\\"value\\\":\\\"f\\\"}]\",\"headerList\":[{\"paramName\":\"d\",\"value\":\"f\"}],\"param\":\"null\",\"params\":{},\"userId\":1}', '{\"msg\":\"操作成功\",\"code\":200}', 0, NULL, '2024-01-29 16:52:20', 21);
INSERT INTO `sys_oper_log` VALUES (261, '用例管理', 1, 'com.zou.system.controller.CaseinfoController.add()', 'POST', 1, 'admin', '研发部门', '/system/case', '127.0.0.1', '内网IP', '{\"caseId\":13,\"caseName\":\"fd\",\"header\":\"[{\\\"paramName\\\":\\\"d\\\",\\\"value\\\":\\\"c\\\"}]\",\"headerList\":[{\"paramName\":\"d\",\"value\":\"c\"}],\"param\":\"null\",\"params\":{},\"userId\":1}', '{\"msg\":\"操作成功\",\"code\":200}', 0, NULL, '2024-01-29 16:53:04', 13);
INSERT INTO `sys_oper_log` VALUES (262, '用例管理', 3, 'com.zou.system.controller.CaseinfoController.remove()', 'DELETE', 1, 'admin', '研发部门', '/system/case/10', '127.0.0.1', '内网IP', '{}', '{\"msg\":\"操作成功\",\"code\":200}', 0, NULL, '2024-01-29 16:55:31', 8);
INSERT INTO `sys_oper_log` VALUES (263, '用例管理', 2, 'com.zou.system.controller.CaseinfoController.edit()', 'PUT', 1, 'admin', '研发部门', '/system/case', '127.0.0.1', '内网IP', '{\"caseId\":4,\"caseName\":\"da\",\"fullUrl\":\"3123\",\"header\":\"[{\\\"value\\\": \\\"f\\\", \\\"paramName\\\": \\\"d\\\"}]\",\"headerList\":[{\"paramName\":\"f\",\"value\":\"u\"}],\"interId\":123,\"interName\":\"123\",\"method\":\"POST\",\"param\":\"[{\\\"value\\\": \\\"f\\\", \\\"paramName\\\": \\\"d\\\"}]\",\"paramList\":[{\"paramName\":\"d\",\"value\":\"f\"}],\"paramType\":\"URL\",\"params\":{},\"userId\":1}', '{\"msg\":\"操作成功\",\"code\":200}', 0, NULL, '2024-01-29 16:56:08', 12);
INSERT INTO `sys_oper_log` VALUES (264, '用例管理', 1, 'com.zou.system.controller.CaseinfoController.add()', 'POST', 1, 'admin', '研发部门', '/system/case', '127.0.0.1', '内网IP', '{\"caseId\":14,\"caseName\":\"34\",\"header\":\"[{\\\"paramName\\\":\\\"fz\\\",\\\"value\\\":\\\"sc\\\"}]\",\"headerList\":[{\"paramName\":\"fz\",\"value\":\"sc\"}],\"param\":\"null\",\"params\":{},\"userId\":1}', '{\"msg\":\"操作成功\",\"code\":200}', 0, NULL, '2024-01-29 17:00:16', 7);
INSERT INTO `sys_oper_log` VALUES (265, '用例管理', 2, 'com.zou.system.controller.CaseinfoController.edit()', 'PUT', 1, 'admin', '研发部门', '/system/case', '127.0.0.1', '内网IP', '{\"caseId\":12,\"caseName\":\"er\",\"header\":\"[{\\\"value\\\": \\\"f\\\", \\\"paramName\\\": \\\"d\\\"}]\",\"headerList\":[{\"paramName\":\"qwe\",\"value\":\"ertrty\"}],\"param\":\"[{\\\"value\\\": \\\"f\\\", \\\"paramName\\\": \\\"d\\\"}]\",\"paramList\":[{\"paramName\":\"d\",\"value\":\"f\"}],\"params\":{},\"userId\":1}', '{\"msg\":\"操作成功\",\"code\":200}', 0, NULL, '2024-01-29 17:16:53', 15);
INSERT INTO `sys_oper_log` VALUES (266, '用例管理', 2, 'com.zou.system.controller.CaseinfoController.edit()', 'PUT', 1, 'admin', '研发部门', '/system/case', '127.0.0.1', '内网IP', '{\"caseId\":12,\"caseName\":\"er\",\"header\":\"[{\\\"value\\\": \\\"f\\\", \\\"paramName\\\": \\\"d\\\"}]\",\"headerList\":[{\"paramName\":\"qwe\",\"value\":\"ree\"}],\"param\":\"[{\\\"value\\\": \\\"f\\\", \\\"paramName\\\": \\\"d\\\"}]\",\"paramList\":[{\"paramName\":\"d\",\"value\":\"f\"}],\"params\":{},\"userId\":1}', '{\"msg\":\"操作成功\",\"code\":200}', 0, NULL, '2024-01-29 17:17:12', 4);
INSERT INTO `sys_oper_log` VALUES (267, '用例管理', 3, 'com.zou.system.controller.CaseinfoController.remove()', 'DELETE', 1, 'admin', '研发部门', '/system/case/14', '127.0.0.1', '内网IP', '{}', '{\"msg\":\"操作成功\",\"code\":200}', 0, NULL, '2024-01-29 17:18:20', 12);
INSERT INTO `sys_oper_log` VALUES (268, '用例管理', 3, 'com.zou.system.controller.CaseinfoController.remove()', 'DELETE', 1, 'admin', '研发部门', '/system/case/4', '127.0.0.1', '内网IP', '{}', '{\"msg\":\"操作成功\",\"code\":200}', 0, NULL, '2024-01-29 17:18:23', 6);
INSERT INTO `sys_oper_log` VALUES (269, '用例管理', 3, 'com.zou.system.controller.CaseinfoController.remove()', 'DELETE', 1, 'admin', '研发部门', '/system/case/11', '127.0.0.1', '内网IP', '{}', '{\"msg\":\"操作成功\",\"code\":200}', 0, NULL, '2024-01-29 17:18:26', 8);
INSERT INTO `sys_oper_log` VALUES (270, '用例管理', 2, 'com.zou.system.controller.CaseinfoController.edit()', 'PUT', 1, 'admin', '研发部门', '/system/case', '127.0.0.1', '内网IP', '{\"caseId\":13,\"caseName\":\"fd\",\"header\":\"[{\\\"value\\\": \\\"c\\\", \\\"paramName\\\": \\\"d\\\"}]\",\"headerList\":[{\"paramName\":\"asdas\",\"value\":\"fgfg\"}],\"param\":\"[{\\\"value\\\": \\\"f\\\", \\\"paramName\\\": \\\"d\\\"}]\",\"paramList\":[{\"paramName\":\"d\",\"value\":\"f\"}],\"params\":{},\"userId\":1}', '{\"msg\":\"操作成功\",\"code\":200}', 0, NULL, '2024-01-29 17:18:39', 3);
INSERT INTO `sys_oper_log` VALUES (271, '用例管理', 2, 'com.zou.system.controller.CaseinfoController.edit()', 'PUT', 1, 'admin', '研发部门', '/system/case', '127.0.0.1', '内网IP', '{\"caseId\":13,\"caseName\":\"fd\",\"header\":\"[{\\\"paramName\\\":\\\"sadsa\\\",\\\"value\\\":\\\"dfg\\\"}]\",\"headerList\":[{\"paramName\":\"sadsa\",\"value\":\"dfg\"}],\"param\":\"[{\\\"paramName\\\":\\\"d\\\",\\\"value\\\":\\\"f\\\"}]\",\"paramList\":[{\"paramName\":\"d\",\"value\":\"f\"}],\"params\":{},\"userId\":1}', '{\"msg\":\"操作成功\",\"code\":200}', 0, NULL, '2024-01-29 17:19:49', 22);
INSERT INTO `sys_oper_log` VALUES (272, '用例管理', 2, 'com.zou.system.controller.CaseinfoController.edit()', 'PUT', 1, 'admin', '研发部门', '/system/case', '127.0.0.1', '内网IP', '{\"caseId\":12,\"caseName\":\"er\",\"header\":\"[{\\\"paramName\\\":\\\"dfd\\\",\\\"value\\\":\\\"fsa\\\"}]\",\"headerList\":[{\"paramName\":\"dfd\",\"value\":\"fsa\"}],\"param\":\"[{\\\"paramName\\\":\\\"defe\\\",\\\"value\\\":\\\"ftgg\\\"},{\\\"paramName\\\":\\\"cvv\\\",\\\"value\\\":\\\"hgn\\\"}]\",\"paramList\":[{\"paramName\":\"defe\",\"value\":\"ftgg\"},{\"paramName\":\"cvv\",\"value\":\"hgn\"}],\"params\":{},\"userId\":1}', '{\"msg\":\"操作成功\",\"code\":200}', 0, NULL, '2024-01-29 17:24:00', 9);
INSERT INTO `sys_oper_log` VALUES (273, '用例管理', 2, 'com.zou.system.controller.CaseinfoController.edit()', 'PUT', 1, 'admin', '研发部门', '/system/case', '127.0.0.1', '内网IP', '{\"caseId\":13,\"caseName\":\"fd\",\"header\":\"[{\\\"paramName\\\":\\\"sadsa\\\",\\\"value\\\":\\\"dfg\\\"}]\",\"headerList\":[{\"paramName\":\"sadsa\",\"value\":\"dfg\"}],\"interId\":7,\"interName\":\"7\",\"param\":\"[{\\\"paramName\\\":\\\"d\\\",\\\"value\\\":\\\"f\\\"}]\",\"paramList\":[{\"paramName\":\"d\",\"value\":\"f\"}],\"params\":{},\"userId\":1}', '{\"msg\":\"操作成功\",\"code\":200}', 0, NULL, '2024-01-29 17:24:07', 9);
INSERT INTO `sys_oper_log` VALUES (274, '用例管理', 2, 'com.zou.system.controller.CaseinfoController.edit()', 'PUT', 1, 'admin', '研发部门', '/system/case', '127.0.0.1', '内网IP', '{\"caseId\":12,\"caseName\":\"er\",\"header\":\"[{\\\"paramName\\\":\\\"dfd\\\",\\\"value\\\":\\\"fsa\\\"}]\",\"headerList\":[{\"paramName\":\"dfd\",\"value\":\"fsa\"}],\"interId\":7,\"interName\":\"7\",\"param\":\"[{\\\"paramName\\\":\\\"defe\\\",\\\"value\\\":\\\"ftgg\\\"},{\\\"paramName\\\":\\\"cvv\\\",\\\"value\\\":\\\"hgn\\\"}]\",\"paramList\":[{\"paramName\":\"defe\",\"value\":\"ftgg\"},{\"paramName\":\"cvv\",\"value\":\"hgn\"}],\"params\":{},\"userId\":1}', '{\"msg\":\"操作成功\",\"code\":200}', 0, NULL, '2024-01-29 17:24:54', 8);
INSERT INTO `sys_oper_log` VALUES (275, '用例管理', 2, 'com.zou.system.controller.CaseinfoController.edit()', 'PUT', 1, 'admin', '研发部门', '/system/case', '127.0.0.1', '内网IP', '{\"caseId\":13,\"caseName\":\"fd\",\"fullUrl\":\"3qwe\",\"header\":\"[{\\\"paramName\\\":\\\"sadsa\\\",\\\"value\\\":\\\"dfg\\\"}]\",\"headerList\":[{\"paramName\":\"sadsa\",\"value\":\"dfg\"}],\"interId\":10,\"interName\":\"10\",\"method\":\"POST\",\"param\":\"[{\\\"paramName\\\":\\\"d\\\",\\\"value\\\":\\\"f\\\"}]\",\"paramList\":[{\"paramName\":\"d\",\"value\":\"f\"}],\"paramType\":\"JSON\",\"params\":{},\"userId\":1}', '{\"msg\":\"操作成功\",\"code\":200}', 0, NULL, '2024-01-29 17:24:59', 7);
INSERT INTO `sys_oper_log` VALUES (276, '代码生成', 2, 'com.zou.generator.controller.GenController.synchDb()', 'GET', 1, 'admin', '研发部门', '/tool/gen/synchDb/testresult', '127.0.0.1', '内网IP', '{}', '{\"msg\":\"操作成功\",\"code\":200}', 0, NULL, '2024-01-30 09:12:42', 130);
INSERT INTO `sys_oper_log` VALUES (277, '代码生成', 2, 'com.zou.generator.controller.GenController.editSave()', 'PUT', 1, 'admin', '研发部门', '/tool/gen', '127.0.0.1', '内网IP', '{\"businessName\":\"testresult\",\"className\":\"Testresult\",\"columns\":[{\"capJavaField\":\"ResultId\",\"columnComment\":\"结果ID\",\"columnId\":20,\"columnName\":\"resultId\",\"columnType\":\"int\",\"createBy\":\"admin\",\"createTime\":\"2024-01-28 11:15:13\",\"dictType\":\"\",\"edit\":false,\"htmlType\":\"input\",\"increment\":true,\"insert\":true,\"isIncrement\":\"1\",\"isInsert\":\"1\",\"isPk\":\"1\",\"isRequired\":\"0\",\"javaField\":\"resultId\",\"javaType\":\"Long\",\"list\":false,\"params\":{},\"pk\":true,\"query\":false,\"queryType\":\"EQ\",\"required\":false,\"sort\":1,\"superColumn\":false,\"tableId\":4,\"updateBy\":\"\",\"updateTime\":\"2024-01-30 09:12:41\",\"usableColumn\":false},{\"capJavaField\":\"CaseName\",\"columnComment\":\"用例名称\",\"columnId\":33,\"columnName\":\"caseName\",\"columnType\":\"varchar(255)\",\"createBy\":\"\",\"createTime\":\"2024-01-30 09:12:41\",\"dictType\":\"\",\"edit\":true,\"htmlType\":\"input\",\"increment\":false,\"insert\":true,\"isEdit\":\"1\",\"isIncrement\":\"0\",\"isInsert\":\"1\",\"isList\":\"1\",\"isPk\":\"0\",\"isQuery\":\"1\",\"isRequired\":\"0\",\"javaField\":\"caseName\",\"javaType\":\"String\",\"list\":true,\"params\":{},\"pk\":false,\"query\":true,\"queryType\":\"LIKE\",\"required\":false,\"sort\":2,\"superColumn\":false,\"tableId\":4,\"updateBy\":\"\",\"usableColumn\":false},{\"capJavaField\":\"InterName\",\"columnComment\":\"接口名称\",\"columnId\":21,\"columnName\":\"interName\",\"columnType\":\"varchar(255)\",\"createBy\":\"admin\",\"createTime\":\"2024-01-28 11:15:13\",\"dictType\":\"\",\"edit\":true,\"htmlType\":\"input\",\"increment\":false,\"insert\":true,\"isEdit\":\"1\",\"isIncrement\":\"0\",\"isInsert\":\"1\",\"isList\":\"1\",\"isPk\":\"0\",\"isQuery\":\"1\",\"isRequired\":\"0\",\"javaField\":\"interName\",\"javaType\":\"String\",\"list\":true,\"params\":{},\"pk\":false,\"query\":true,\"queryType\":\"LIKE\",\"required\":false,\"sort\":3,\"superColumn\":false,\"tableId\":4,\"updateBy\":\"\",\"updateTime\":\"2024-01-30 09:12:41\",\"usableColumn\":false},{\"capJavaField\":\"FullUrl\",\"columnComment\":\"请求地址\",\"columnId\":22,\"columnName\":\"fullUrl\",\"columnType\":\"varchar(300)\",\"createBy\":\"admin\",\"createTime\":\"2024-01-28 11:15:13\",\"dictType\":\"\",\"edit\":true,\"htmlType\":\"input\",\"increment\":false,\"insert\":true,\"isEdit\":\"1\",\"isIn', '{\"msg\":\"操作成功\",\"code\":200}', 0, NULL, '2024-01-30 09:13:02', 60);
INSERT INTO `sys_oper_log` VALUES (278, '代码生成', 8, 'com.zou.generator.controller.GenController.batchGenCode()', 'GET', 1, 'admin', '研发部门', '/tool/gen/batchGenCode', '127.0.0.1', '内网IP', '{\"tables\":\"testresult\"}', NULL, 0, NULL, '2024-01-30 09:13:06', 280);
INSERT INTO `sys_oper_log` VALUES (279, '测试结果', 3, 'com.zou.system.controller.TestresultController.remove()', 'DELETE', 1, 'admin', '研发部门', '/system/testresult/5', '127.0.0.1', '内网IP', '{}', '{\"msg\":\"操作成功\",\"code\":200}', 0, NULL, '2024-01-30 09:24:56', 28);
INSERT INTO `sys_oper_log` VALUES (280, '用例管理', 2, 'com.zou.system.controller.CaseinfoController.edit()', 'PUT', 1, 'admin', '研发部门', '/system/case', '127.0.0.1', '内网IP', '{\"caseId\":13,\"caseName\":\"fd\",\"fullUrl\":\"3123\",\"header\":\"[{\\\"paramName\\\":\\\"sadsa\\\",\\\"value\\\":\\\"dfg\\\"}]\",\"headerList\":[{\"paramName\":\"sadsa\",\"value\":\"dfg\"}],\"interId\":123,\"interName\":\"123\",\"method\":\"POST\",\"param\":\"[{\\\"paramName\\\":\\\"df\\\",\\\"value\\\":\\\"f\\\"}]\",\"paramList\":[{\"paramName\":\"df\",\"value\":\"f\"}],\"paramType\":\"URL\",\"params\":{},\"userId\":1}', '{\"msg\":\"操作成功\",\"code\":200}', 0, NULL, '2024-01-30 09:32:18', 49);
INSERT INTO `sys_oper_log` VALUES (281, '用例管理', 2, 'com.zou.system.controller.CaseinfoController.edit()', 'PUT', 1, 'admin', '研发部门', '/system/case', '127.0.0.1', '内网IP', '{\"caseId\":13,\"caseName\":\"fd\",\"header\":\"[{\\\"paramName\\\":\\\"sadsa\\\",\\\"value\\\":\\\"dfg\\\"}]\",\"headerList\":[{\"paramName\":\"sadsa\",\"value\":\"dfg\"}],\"param\":\"[{\\\"paramName\\\":\\\"df\\\",\\\"value\\\":\\\"fff\\\"}]\",\"paramList\":[{\"paramName\":\"df\",\"value\":\"fff\"}],\"params\":{},\"userId\":1}', '{\"msg\":\"操作成功\",\"code\":200}', 0, NULL, '2024-01-30 09:32:47', 8);
INSERT INTO `sys_oper_log` VALUES (282, '用例管理', 2, 'com.zou.system.controller.CaseinfoController.edit()', 'PUT', 1, 'admin', '研发部门', '/system/case', '127.0.0.1', '内网IP', '{\"caseId\":12,\"caseName\":\"er\",\"fullUrl\":\"3qwe\",\"header\":\"[{\\\"paramName\\\":\\\"dfd\\\",\\\"value\\\":\\\"fsa\\\"}]\",\"headerList\":[{\"paramName\":\"dfd\",\"value\":\"fsa\"}],\"interId\":10,\"interName\":\"10\",\"method\":\"POST\",\"param\":\"[{\\\"paramName\\\":\\\"defe\\\",\\\"value\\\":\\\"ftgg\\\"},{\\\"paramName\\\":\\\"cvv\\\",\\\"value\\\":\\\"hgn\\\"}]\",\"paramList\":[{\"paramName\":\"defe\",\"value\":\"ftgg\"},{\"paramName\":\"cvv\",\"value\":\"hgn\"}],\"paramType\":\"JSON\",\"params\":{},\"userId\":1}', '{\"msg\":\"操作成功\",\"code\":200}', 0, NULL, '2024-01-30 09:36:17', 11);
INSERT INTO `sys_oper_log` VALUES (283, '环境', 2, 'com.zou.system.controller.EnvironmentController.edit()', 'PUT', 1, 'admin', '研发部门', '/system/environment', '127.0.0.1', '内网IP', '{\"envirId\":3,\"envirName\":\"苍穹外卖\",\"envirUrl\":\"test2\",\"interinfoList\":[],\"params\":{},\"userId\":1}', '{\"msg\":\"操作成功\",\"code\":200}', 0, NULL, '2024-01-30 09:36:45', 38);
INSERT INTO `sys_oper_log` VALUES (284, '接口管理', 2, 'com.zou.system.controller.InterinfoController.edit()', 'PUT', 1, 'admin', '研发部门', '/system/interinfo', '127.0.0.1', '内网IP', '{\"envirId\":12,\"environmentName\":\"12\",\"interId\":7,\"interName\":\"test1\",\"interUrl\":\"qwe\",\"method\":\"POST\",\"paramType\":\"JSON\",\"params\":{}}', '{\"msg\":\"操作成功\",\"code\":200}', 0, NULL, '2024-01-30 09:36:56', 20);
INSERT INTO `sys_oper_log` VALUES (285, '接口管理', 2, 'com.zou.system.controller.InterinfoController.edit()', 'PUT', 1, 'admin', '研发部门', '/system/interinfo', '127.0.0.1', '内网IP', '{\"envirId\":12,\"environmentName\":\"12\",\"interId\":10,\"interName\":\"123\",\"interUrl\":\"123\",\"method\":\"POST\",\"paramType\":\"URL\",\"params\":{}}', '{\"msg\":\"操作成功\",\"code\":200}', 0, NULL, '2024-01-30 09:37:42', 7);
INSERT INTO `sys_oper_log` VALUES (286, '用例管理', 2, 'com.zou.system.controller.CaseinfoController.edit()', 'PUT', 1, 'admin', '研发部门', '/system/case', '127.0.0.1', '内网IP', '{\"caseId\":5,\"caseName\":\"cc\",\"header\":\"[{\\\"paramName\\\":\\\"d\\\",\\\"value\\\":\\\"f\\\"}]\",\"headerList\":[{\"paramName\":\"d\",\"value\":\"f\"}],\"interId\":7,\"interName\":\"test1\",\"method\":\"POST\",\"param\":\"[{\\\"paramName\\\":\\\"d\\\",\\\"value\\\":\\\"f\\\"}]\",\"paramList\":[{\"paramName\":\"d\",\"value\":\"f\"}],\"paramType\":\"JSON\",\"params\":{},\"userId\":1}', '{\"msg\":\"操作成功\",\"code\":200}', 0, NULL, '2024-01-30 09:39:23', 2);
INSERT INTO `sys_oper_log` VALUES (287, '用例管理', 2, 'com.zou.system.controller.CaseinfoController.edit()', 'PUT', 1, 'admin', '研发部门', '/system/case', '127.0.0.1', '内网IP', '{\"caseId\":5,\"caseName\":\"cc\",\"header\":\"[{\\\"paramName\\\":\\\"d\\\",\\\"value\\\":\\\"f\\\"}]\",\"headerList\":[{\"paramName\":\"d\",\"value\":\"f\"}],\"interId\":7,\"interName\":\"test1\",\"method\":\"POST\",\"param\":\"[{\\\"paramName\\\":\\\"d\\\",\\\"value\\\":\\\"f\\\"}]\",\"paramList\":[{\"paramName\":\"d\",\"value\":\"f\"}],\"paramType\":\"JSON\",\"params\":{},\"userId\":1}', '{\"msg\":\"操作成功\",\"code\":200}', 0, NULL, '2024-01-30 09:39:29', 2);
INSERT INTO `sys_oper_log` VALUES (288, '用例管理', 2, 'com.zou.system.controller.CaseinfoController.edit()', 'PUT', 1, 'admin', '研发部门', '/system/case', '127.0.0.1', '内网IP', '{\"caseId\":6,\"caseName\":\"vv\",\"fullUrl\":\"test2asd\",\"header\":\"[{\\\"paramName\\\":\\\"d\\\",\\\"value\\\":\\\"f\\\"}]\",\"headerList\":[{\"paramName\":\"d\",\"value\":\"f\"}],\"interId\":11,\"interName\":\"test4\",\"method\":\"POST\",\"param\":\"[{\\\"paramName\\\":\\\"d\\\",\\\"value\\\":\\\"f\\\"}]\",\"paramList\":[{\"paramName\":\"d\",\"value\":\"f\"}],\"paramType\":\"FORM\",\"params\":{},\"userId\":1}', '{\"msg\":\"操作成功\",\"code\":200}', 0, NULL, '2024-01-30 09:39:33', 2);
INSERT INTO `sys_oper_log` VALUES (289, '用例管理', 2, 'com.zou.system.controller.CaseinfoController.edit()', 'PUT', 1, 'admin', '研发部门', '/system/case', '127.0.0.1', '内网IP', '{\"caseId\":6,\"caseName\":\"vv\",\"fullUrl\":\"test2asd\",\"header\":\"[{\\\"paramName\\\":\\\"d\\\",\\\"value\\\":\\\"f\\\"}]\",\"headerList\":[{\"paramName\":\"d\",\"value\":\"f\"}],\"interId\":7,\"interName\":\"test4\",\"method\":\"POST\",\"param\":\"[{\\\"paramName\\\":\\\"d\\\",\\\"value\\\":\\\"f\\\"}]\",\"paramList\":[{\"paramName\":\"d\",\"value\":\"f\"}],\"paramType\":\"FORM\",\"params\":{},\"userId\":1}', '{\"msg\":\"操作成功\",\"code\":200}', 0, NULL, '2024-01-30 09:39:43', 7);
INSERT INTO `sys_oper_log` VALUES (290, '用例管理', 2, 'com.zou.system.controller.CaseinfoController.edit()', 'PUT', 1, 'admin', '研发部门', '/system/case', '127.0.0.1', '内网IP', '{\"caseId\":5,\"caseName\":\"cc\",\"header\":\"[{\\\"paramName\\\":\\\"d\\\",\\\"value\\\":\\\"f\\\"}]\",\"headerList\":[{\"paramName\":\"d\",\"value\":\"f\"}],\"interId\":10,\"interName\":\"test1\",\"method\":\"POST\",\"param\":\"[{\\\"paramName\\\":\\\"d\\\",\\\"value\\\":\\\"f\\\"}]\",\"paramList\":[{\"paramName\":\"d\",\"value\":\"f\"}],\"paramType\":\"JSON\",\"params\":{},\"userId\":1}', '{\"msg\":\"操作成功\",\"code\":200}', 0, NULL, '2024-01-30 09:39:55', 7);
INSERT INTO `sys_oper_log` VALUES (291, '用例管理', 2, 'com.zou.system.controller.CaseinfoController.edit()', 'PUT', 1, 'admin', '研发部门', '/system/case', '127.0.0.1', '内网IP', '{\"caseId\":5,\"caseName\":\"cc\",\"header\":\"[{\\\"paramName\\\":\\\"d\\\",\\\"value\\\":\\\"f\\\"}]\",\"headerList\":[{\"paramName\":\"d\",\"value\":\"f\"}],\"interId\":10,\"interName\":\"123\",\"method\":\"POST\",\"param\":\"[{\\\"paramName\\\":\\\"d\\\",\\\"value\\\":\\\"f\\\"}]\",\"paramList\":[{\"paramName\":\"d\",\"value\":\"f\"}],\"paramType\":\"URL\",\"params\":{},\"userId\":1}', '{\"msg\":\"操作成功\",\"code\":200}', 0, NULL, '2024-01-30 09:40:01', 4);
INSERT INTO `sys_oper_log` VALUES (292, '用例管理', 1, 'com.zou.system.controller.CaseinfoController.add()', 'POST', 1, 'admin', '研发部门', '/system/case', '127.0.0.1', '内网IP', '{\"caseId\":15,\"caseName\":\"fg\",\"header\":\"[{\\\"paramName\\\":\\\"d\\\",\\\"value\\\":\\\"f\\\"}]\",\"headerList\":[{\"paramName\":\"d\",\"value\":\"f\"}],\"interId\":7,\"param\":\"[{\\\"paramName\\\":\\\"d\\\",\\\"value\\\":\\\"f\\\"}]\",\"paramList\":[{\"paramName\":\"d\",\"value\":\"f\"}],\"params\":{},\"userId\":1}', '{\"msg\":\"操作成功\",\"code\":200}', 0, NULL, '2024-01-30 09:40:11', 7);
INSERT INTO `sys_oper_log` VALUES (293, '用例管理', 1, 'com.zou.system.controller.CaseinfoController.add()', 'POST', 1, 'admin', '研发部门', '/system/case', '127.0.0.1', '内网IP', '{\"caseId\":16,\"caseName\":\"fg\",\"header\":\"[]\",\"headerList\":[],\"interId\":10,\"param\":\"[]\",\"paramList\":[],\"params\":{},\"userId\":1}', '{\"msg\":\"操作成功\",\"code\":200}', 0, NULL, '2024-01-30 09:40:26', 7);
INSERT INTO `sys_oper_log` VALUES (294, '接口管理', 2, 'com.zou.system.controller.InterinfoController.edit()', 'PUT', 1, 'admin', '研发部门', '/system/interinfo', '127.0.0.1', '内网IP', '{\"envirId\":3,\"environmentName\":\"苍穹外卖\",\"interId\":11,\"interName\":\"test4\",\"interUrl\":\"asd\",\"method\":\"POST\",\"paramType\":\"FORM\",\"params\":{}}', '{\"msg\":\"操作成功\",\"code\":200}', 0, NULL, '2024-01-30 09:42:33', 9);
INSERT INTO `sys_oper_log` VALUES (295, '接口管理', 2, 'com.zou.system.controller.InterinfoController.edit()', 'PUT', 1, 'admin', '研发部门', '/system/interinfo', '127.0.0.1', '内网IP', '{\"envirId\":3,\"environmentName\":\"c\",\"interId\":10,\"interName\":\"123\",\"interUrl\":\"123\",\"method\":\"POST\",\"paramType\":\"URL\",\"params\":{}}', '{\"msg\":\"操作成功\",\"code\":200}', 0, NULL, '2024-01-30 09:42:47', 7);
INSERT INTO `sys_oper_log` VALUES (296, '接口管理', 2, 'com.zou.system.controller.InterinfoController.edit()', 'PUT', 1, 'admin', '研发部门', '/system/interinfo', '127.0.0.1', '内网IP', '{\"envirId\":12,\"environmentName\":\"c\",\"interId\":7,\"interName\":\"test1\",\"interUrl\":\"qwe\",\"method\":\"POST\",\"paramType\":\"JSON\",\"params\":{}}', '{\"msg\":\"操作成功\",\"code\":200}', 0, NULL, '2024-01-30 09:42:50', 3);
INSERT INTO `sys_oper_log` VALUES (297, '接口管理', 1, 'com.zou.system.controller.InterinfoController.add()', 'POST', 1, 'admin', '研发部门', '/system/interinfo', '127.0.0.1', '内网IP', '{\"caseinfoList\":[],\"envirId\":6,\"interId\":12,\"interName\":\"we\",\"interUrl\":\"wdsf\",\"method\":\"DELETE\",\"paramType\":\"URL\",\"params\":{},\"userId\":1}', '{\"msg\":\"操作成功\",\"code\":200}', 0, NULL, '2024-01-30 09:43:04', 7);
INSERT INTO `sys_oper_log` VALUES (298, '接口管理', 2, 'com.zou.system.controller.InterinfoController.edit()', 'PUT', 1, 'admin', '研发部门', '/system/interinfo', '127.0.0.1', '内网IP', '{\"envirId\":10,\"environmentName\":\"12\",\"interId\":12,\"interName\":\"we\",\"interUrl\":\"wdsf\",\"method\":\"DELETE\",\"paramType\":\"URL\",\"params\":{}}', '{\"msg\":\"操作成功\",\"code\":200}', 0, NULL, '2024-01-30 09:43:09', 6);
INSERT INTO `sys_oper_log` VALUES (299, '接口管理', 2, 'com.zou.system.controller.InterinfoController.edit()', 'PUT', 1, 'admin', '研发部门', '/system/interinfo', '127.0.0.1', '内网IP', '{\"envirId\":11,\"environmentName\":\"a\",\"interId\":12,\"interName\":\"we\",\"interUrl\":\"wdsf\",\"method\":\"DELETE\",\"paramType\":\"URL\",\"params\":{}}', '{\"msg\":\"操作成功\",\"code\":200}', 0, NULL, '2024-01-30 09:43:21', 6);
INSERT INTO `sys_oper_log` VALUES (300, '接口管理', 2, 'com.zou.system.controller.InterinfoController.edit()', 'PUT', 1, 'admin', '研发部门', '/system/interinfo', '127.0.0.1', '内网IP', '{\"envirId\":9,\"environmentName\":\"c\",\"interId\":7,\"interName\":\"test1\",\"interUrl\":\"qwe\",\"method\":\"POST\",\"paramType\":\"JSON\",\"params\":{}}', '{\"msg\":\"操作成功\",\"code\":200}', 0, NULL, '2024-01-30 09:44:29', 6);
INSERT INTO `sys_oper_log` VALUES (301, '用例管理', 3, 'com.zou.system.controller.CaseinfoController.remove()', 'DELETE', 1, 'admin', '研发部门', '/system/case/6', '127.0.0.1', '内网IP', '{}', '{\"msg\":\"操作成功\",\"code\":200}', 0, NULL, '2024-01-30 09:44:58', 6);
INSERT INTO `sys_oper_log` VALUES (302, '用例管理', 3, 'com.zou.system.controller.CaseinfoController.remove()', 'DELETE', 1, 'admin', '研发部门', '/system/case/13', '127.0.0.1', '内网IP', '{}', '{\"msg\":\"操作成功\",\"code\":200}', 0, NULL, '2024-01-30 09:45:01', 4);
INSERT INTO `sys_oper_log` VALUES (303, '用例管理', 3, 'com.zou.system.controller.CaseinfoController.remove()', 'DELETE', 1, 'admin', '研发部门', '/system/case/15', '127.0.0.1', '内网IP', '{}', '{\"msg\":\"操作成功\",\"code\":200}', 0, NULL, '2024-01-30 09:45:06', 6);
INSERT INTO `sys_oper_log` VALUES (304, '用例管理', 2, 'com.zou.system.controller.CaseinfoController.edit()', 'PUT', 1, 'admin', '研发部门', '/system/case', '127.0.0.1', '内网IP', '{\"caseId\":16,\"caseName\":\"fg\",\"fullUrl\":\"test2123\",\"header\":\"[]\",\"headerList\":[],\"interId\":10,\"interName\":\"123\",\"method\":\"POST\",\"param\":\"[{\\\"paramName\\\":\\\"f\\\",\\\"value\\\":\\\"w\\\"}]\",\"paramList\":[{\"paramName\":\"f\",\"value\":\"w\"}],\"paramType\":\"URL\",\"params\":{},\"userId\":1}', '{\"msg\":\"操作成功\",\"code\":200}', 0, NULL, '2024-01-30 09:45:35', 13);
INSERT INTO `sys_oper_log` VALUES (305, '用例管理', 2, 'com.zou.system.controller.CaseinfoController.edit()', 'PUT', 1, 'admin', '研发部门', '/system/case', '127.0.0.1', '内网IP', '{\"caseId\":16,\"caseName\":\"fg\",\"fullUrl\":\"test2123\",\"header\":\"[]\",\"headerList\":[],\"interId\":10,\"interName\":\"123\",\"method\":\"POST\",\"param\":\"[{\\\"paramName\\\":\\\"f\\\",\\\"value\\\":\\\"w5\\\"}]\",\"paramList\":[{\"paramName\":\"f\",\"value\":\"w5\"}],\"paramType\":\"URL\",\"params\":{},\"userId\":1}', '{\"msg\":\"操作成功\",\"code\":200}', 0, NULL, '2024-01-30 10:03:35', 31);
INSERT INTO `sys_oper_log` VALUES (306, '用例管理', 2, 'com.zou.system.controller.CaseinfoController.edit()', 'PUT', 1, 'admin', '研发部门', '/system/case', '127.0.0.1', '内网IP', '{\"caseId\":16,\"caseName\":\"fg\",\"fullUrl\":\"test2123\",\"header\":\"[]\",\"headerList\":[],\"interId\":10,\"interName\":\"123\",\"method\":\"POST\",\"param\":\"[{\\\"paramName\\\":\\\"f\\\",\\\"value\\\":\\\"w5\\\"}]\",\"paramList\":[{\"paramName\":\"f\",\"value\":\"w5\"}],\"paramType\":\"URL\",\"params\":{},\"userId\":1}', '{\"msg\":\"操作成功\",\"code\":200}', 0, NULL, '2024-01-30 10:03:43', 3);
INSERT INTO `sys_oper_log` VALUES (307, '环境', 1, 'com.zou.system.controller.EnvironmentController.add()', 'POST', 1, 'admin', '研发部门', '/system/environment', '127.0.0.1', '内网IP', '{\"envirId\":17,\"envirName\":\"苍穹外卖\",\"envirUrl\":\"http://localhost:8082\",\"interinfoList\":[],\"params\":{},\"userId\":1}', '{\"msg\":\"操作成功\",\"code\":200}', 0, NULL, '2024-01-30 10:41:55', 146);
INSERT INTO `sys_oper_log` VALUES (308, '接口管理', 2, 'com.zou.system.controller.InterinfoController.edit()', 'PUT', 1, 'admin', '研发部门', '/system/interinfo', '127.0.0.1', '内网IP', '{\"envirId\":11,\"environmentName\":\"c\",\"interId\":12,\"interName\":\"we\",\"interUrl\":\"wdsf\",\"method\":\"DELETE\",\"paramType\":\"URL\",\"params\":{}}', '{\"msg\":\"操作成功\",\"code\":200}', 0, NULL, '2024-01-30 12:05:03', 31);
INSERT INTO `sys_oper_log` VALUES (309, '执行用例', 0, 'com.zou.system.controller.TestresultController.execute()', 'POST', 1, 'admin', '研发部门', '/system/testresult/execute', '127.0.0.1', '内网IP', '{\"caseName\":\"string\",\"createBy\":\"string\",\"envirName\":\"string\",\"fullUrl\":\"http://localhost:8088/admin/employee/login\",\"header\":\"string\",\"headerList\":[{\"paramName\":\"string\",\"value\":\"string\"}],\"interName\":\"string\",\"method\":\"POST\",\"param\":\"string\",\"paramList\":[{\"paramName\":\"string\",\"value\":\"string\"}],\"paramType\":\"JSON\",\"params\":{\"username\":\"admin\"},\"remark\":\"string\",\"resBody\":\"{\\\"code\\\":0,\\\"msg\\\":\\\"账号不存在\\\",\\\"data\\\":null}\",\"resCode\":200,\"testComment\":\"string\",\"updateBy\":\"string\",\"userId\":1}', NULL, 1, '\r\n### Error updating database.  Cause: com.mysql.cj.jdbc.exceptions.MysqlDataTruncation: Data truncation: Invalid JSON text: \"Invalid value.\" at position 0 in value for column \'testresult.header\'.\r\n### The error may exist in file [D:\\2023下学期\\论文\\AutoTestPlatform\\AutoTestPlatform-system\\target\\classes\\mapper\\system\\TestresultMapper.xml]\r\n### The error may involve com.zou.system.mapper.TestresultMapper.insertTestresult-Inline\r\n### The error occurred while setting parameters\r\n### SQL: insert into testresult          ( caseName,             interName,             fullUrl,             method,             paramType,             envirName,             testComment,             header,             param,             resCode,             resBody,                          user_id )           values ( ?,             ?,             ?,             ?,             ?,             ?,             ?,             ?,             ?,             ?,             ?,                          ? )\r\n### Cause: com.mysql.cj.jdbc.exceptions.MysqlDataTruncation: Data truncation: Invalid JSON text: \"Invalid value.\" at position 0 in value for column \'testresult.header\'.\n; Data truncation: Invalid JSON text: \"Invalid value.\" at position 0 in value for column \'testresult.header\'.; nested exception is com.mysql.cj.jdbc.exceptions.MysqlDataTruncation: Data truncation: Invalid JSON text: \"Invalid value.\" at position 0 in value for column \'testresult.header\'.', '2024-01-30 15:35:33', 412);
INSERT INTO `sys_oper_log` VALUES (310, '执行用例', 0, 'com.zou.system.controller.TestresultController.execute()', 'POST', 1, 'admin', '研发部门', '/system/testresult/execute', '127.0.0.1', '内网IP', '{\"caseName\":\"string\",\"createBy\":\"string\",\"envirName\":\"string\",\"fullUrl\":\"http://localhost:8088/admin/employee/login\",\"header\":\"string\",\"headerList\":[{\"paramName\":\"string\",\"value\":\"string\"}],\"interName\":\"string\",\"method\":\"POST\",\"param\":\"string\",\"paramList\":[{\"paramName\":\"string\",\"value\":\"string\"}],\"paramType\":\"JSON\",\"params\":{\"username\":\"admin\"},\"remark\":\"string\",\"resBody\":\"{\\\"code\\\":0,\\\"msg\\\":\\\"账号不存在\\\",\\\"data\\\":null}\",\"resCode\":200,\"testComment\":\"string\",\"updateBy\":\"string\",\"userId\":1}', NULL, 1, '\r\n### Error updating database.  Cause: com.mysql.cj.jdbc.exceptions.MysqlDataTruncation: Data truncation: Invalid JSON text: \"Invalid value.\" at position 0 in value for column \'testresult.header\'.\r\n### The error may exist in file [D:\\2023下学期\\论文\\AutoTestPlatform\\AutoTestPlatform-system\\target\\classes\\mapper\\system\\TestresultMapper.xml]\r\n### The error may involve com.zou.system.mapper.TestresultMapper.insertTestresult-Inline\r\n### The error occurred while setting parameters\r\n### SQL: insert into testresult          ( caseName,             interName,             fullUrl,             method,             paramType,             envirName,             testComment,             header,             param,             resCode,             resBody,                          user_id )           values ( ?,             ?,             ?,             ?,             ?,             ?,             ?,             ?,             ?,             ?,             ?,                          ? )\r\n### Cause: com.mysql.cj.jdbc.exceptions.MysqlDataTruncation: Data truncation: Invalid JSON text: \"Invalid value.\" at position 0 in value for column \'testresult.header\'.\n; Data truncation: Invalid JSON text: \"Invalid value.\" at position 0 in value for column \'testresult.header\'.; nested exception is com.mysql.cj.jdbc.exceptions.MysqlDataTruncation: Data truncation: Invalid JSON text: \"Invalid value.\" at position 0 in value for column \'testresult.header\'.', '2024-01-30 15:37:51', 55069);
INSERT INTO `sys_oper_log` VALUES (311, '执行用例', 0, 'com.zou.system.controller.TestresultController.execute()', 'POST', 1, 'admin', '研发部门', '/system/testresult/execute', '127.0.0.1', '内网IP', '{\"caseName\":\"string\",\"createBy\":\"string\",\"envirName\":\"string\",\"fullUrl\":\"http://localhost:8088/admin/employee/login\",\"header\":\"string\",\"headerList\":[{\"paramName\":\"string\",\"value\":\"string\"}],\"interName\":\"string\",\"method\":\"POST\",\"param\":\"string\",\"paramList\":[{\"paramName\":\"password\",\"value\":\"123456\"},{\"paramName\":\"username\",\"value\":\"admin\"}],\"paramType\":\"JSON\",\"params\":{\"username\":\"admin\"},\"remark\":\"string\",\"resBody\":\"{\\\"code\\\":1,\\\"msg\\\":null,\\\"data\\\":{\\\"id\\\":1,\\\"userName\\\":\\\"admin\\\",\\\"name\\\":\\\"管理员\\\",\\\"token\\\":\\\"eyJhbGciOiJIUzI1NiJ9.eyJlbXBJZCI6MSwiZXhwIjoxNzA2NjA3NjUyfQ.nPYMiDE7by7tkl9HxwzHH4-K4rqFY4e4aGnZdMAS6Tc\\\"}}\",\"resCode\":200,\"testComment\":\"string\",\"updateBy\":\"string\",\"userId\":1}', NULL, 1, '\r\n### Error updating database.  Cause: com.mysql.cj.jdbc.exceptions.MysqlDataTruncation: Data truncation: Invalid JSON text: \"Invalid value.\" at position 0 in value for column \'testresult.header\'.\r\n### The error may exist in file [D:\\2023下学期\\论文\\AutoTestPlatform\\AutoTestPlatform-system\\target\\classes\\mapper\\system\\TestresultMapper.xml]\r\n### The error may involve com.zou.system.mapper.TestresultMapper.insertTestresult-Inline\r\n### The error occurred while setting parameters\r\n### SQL: insert into testresult          ( caseName,             interName,             fullUrl,             method,             paramType,             envirName,             testComment,             header,             param,             resCode,             resBody,                          user_id )           values ( ?,             ?,             ?,             ?,             ?,             ?,             ?,             ?,             ?,             ?,             ?,                          ? )\r\n### Cause: com.mysql.cj.jdbc.exceptions.MysqlDataTruncation: Data truncation: Invalid JSON text: \"Invalid value.\" at position 0 in value for column \'testresult.header\'.\n; Data truncation: Invalid JSON text: \"Invalid value.\" at position 0 in value for column \'testresult.header\'.; nested exception is com.mysql.cj.jdbc.exceptions.MysqlDataTruncation: Data truncation: Invalid JSON text: \"Invalid value.\" at position 0 in value for column \'testresult.header\'.', '2024-01-30 15:41:48', 167788);
INSERT INTO `sys_oper_log` VALUES (312, '执行用例', 0, 'com.zou.system.controller.TestresultController.execute()', 'POST', 1, 'admin', '研发部门', '/system/testresult/execute', '127.0.0.1', '内网IP', '{\"caseName\":\"string\",\"createBy\":\"string\",\"envirName\":\"string\",\"fullUrl\":\"http://localhost:8088/admin/employee/login\",\"headerList\":[{\"paramName\":\"string\",\"value\":\"string\"}],\"interName\":\"string\",\"method\":\"POST\",\"paramList\":[{\"paramName\":\"password\",\"value\":\"123456\"},{\"paramName\":\"username\",\"value\":\"admin\"}],\"paramType\":\"JSON\",\"params\":{\"username\":\"admin\"},\"remark\":\"string\",\"resBody\":\"{\\\"code\\\":1,\\\"msg\\\":null,\\\"data\\\":{\\\"id\\\":1,\\\"userName\\\":\\\"admin\\\",\\\"name\\\":\\\"管理员\\\",\\\"token\\\":\\\"eyJhbGciOiJIUzI1NiJ9.eyJlbXBJZCI6MSwiZXhwIjoxNzA2NjA3NzcyfQ.bbOD74o92Fiso2rL1HPuW1i78b0RbcyIVzeRl7laTS0\\\"}}\",\"resCode\":200,\"resultId\":8,\"testComment\":\"string\",\"updateBy\":\"string\",\"userId\":1}', '{\"msg\":\"操作成功\",\"code\":200}', 0, NULL, '2024-01-30 15:42:53', 6733);
INSERT INTO `sys_oper_log` VALUES (313, '测试结果', 3, 'com.zou.system.controller.TestresultController.remove()', 'DELETE', 1, 'admin', '研发部门', '/system/testresult/3', '127.0.0.1', '内网IP', '{}', '{\"msg\":\"操作成功\",\"code\":200}', 0, NULL, '2024-01-30 15:52:07', 136);
INSERT INTO `sys_oper_log` VALUES (314, '测试结果', 3, 'com.zou.system.controller.TestresultController.remove()', 'DELETE', 1, 'admin', '研发部门', '/system/testresult/4', '127.0.0.1', '内网IP', '{}', '{\"msg\":\"操作成功\",\"code\":200}', 0, NULL, '2024-01-30 15:52:09', 9);
INSERT INTO `sys_oper_log` VALUES (315, '执行用例', 0, 'com.zou.system.controller.TestresultController.execute()', 'POST', 1, 'admin', '研发部门', '/system/testresult/execute', '127.0.0.1', '内网IP', '{\"caseName\":\"string\",\"createBy\":\"string\",\"envirName\":\"string\",\"fullUrl\":\"http://localhost:8088/admin/employee/login\",\"headerList\":[{\"paramName\":\"string\",\"value\":\"string\"}],\"interName\":\"string\",\"method\":\"POST\",\"paramList\":[{\"paramName\":\"password\",\"value\":\"123456\"},{\"paramName\":\"username\",\"value\":\"admin\"}],\"paramType\":\"JSON\",\"params\":{},\"remark\":\"string\",\"resBody\":\"{\\\"code\\\":1,\\\"msg\\\":null,\\\"data\\\":{\\\"id\\\":1,\\\"userName\\\":\\\"admin\\\",\\\"name\\\":\\\"管理员\\\",\\\"token\\\":\\\"eyJhbGciOiJIUzI1NiJ9.eyJlbXBJZCI6MSwiZXhwIjoxNzA2NjA4NjE4fQ.--4YBA9eDxqcWwlrbIEV0e39LmGN0LlPRRyb0mSkDWw\\\"}}\",\"resCode\":200,\"resultId\":9,\"testComment\":\"string\",\"updateBy\":\"string\",\"userId\":1}', '{\"msg\":\"操作成功\",\"code\":200}', 0, NULL, '2024-01-30 15:56:59', 1066);
INSERT INTO `sys_oper_log` VALUES (316, '执行用例', 0, 'com.zou.system.controller.TestresultController.execute()', 'POST', 1, 'admin', '研发部门', '/system/testresult/execute', '127.0.0.1', '内网IP', '{\"caseName\":\"string\",\"createBy\":\"string\",\"envirName\":\"string\",\"fullUrl\":\"http://localhost:8088/admin/employee/page\",\"headerList\":[{\"paramName\":\"token\",\"value\":\"eyJhbGciOiJIUzI1NiJ9.eyJlbXBJZCI6MSwiZXhwIjoxNzA2NjA4Nzk5fQ.zlwQdyiyoEpHVCjOsG66jLYZV1rVDUxKJtBHwR_VccM\"}],\"interName\":\"string\",\"method\":\"POST\",\"paramList\":[{\"paramName\":\"page\",\"value\":\"1\"},{\"paramName\":\"pageSize\",\"value\":\"10\"}],\"paramType\":\"URL\",\"params\":{},\"remark\":\"string\",\"resBody\":\"{\\\"timestamp\\\":1706601697856,\\\"status\\\":405,\\\"error\\\":\\\"Method Not Allowed\\\",\\\"path\\\":\\\"/admin/employee/page\\\"}\",\"resCode\":405,\"resultId\":10,\"testComment\":\"string\",\"updateBy\":\"string\",\"userId\":1}', '{\"msg\":\"操作成功\",\"code\":200}', 0, NULL, '2024-01-30 16:01:37', 40);
INSERT INTO `sys_oper_log` VALUES (317, '执行用例', 0, 'com.zou.system.controller.TestresultController.execute()', 'POST', 1, 'admin', '研发部门', '/system/testresult/execute', '127.0.0.1', '内网IP', '{\"caseName\":\"string\",\"createBy\":\"string\",\"envirName\":\"string\",\"fullUrl\":\"http://localhost:8088/admin/employee/page\",\"headerList\":[{\"paramName\":\"token\",\"value\":\"eyJhbGciOiJIUzI1NiJ9.eyJlbXBJZCI6MSwiZXhwIjoxNzA2NjA4Nzk5fQ.zlwQdyiyoEpHVCjOsG66jLYZV1rVDUxKJtBHwR_VccM\"}],\"interName\":\"string\",\"method\":\"POST\",\"paramList\":[{\"paramName\":\"page\",\"value\":\"1\"},{\"paramName\":\"pageSize\",\"value\":\"10\"}],\"paramType\":\"URL\",\"params\":{},\"remark\":\"string\",\"resBody\":\"{\\\"timestamp\\\":1706601776686,\\\"status\\\":405,\\\"error\\\":\\\"Method Not Allowed\\\",\\\"path\\\":\\\"/admin/employee/page\\\"}\",\"resCode\":405,\"resultId\":11,\"testComment\":\"string\",\"updateBy\":\"string\",\"userId\":1}', '{\"msg\":\"操作成功\",\"code\":200}', 0, NULL, '2024-01-30 16:02:56', 18);
INSERT INTO `sys_oper_log` VALUES (318, '执行用例', 0, 'com.zou.system.controller.TestresultController.execute()', 'POST', 1, 'admin', '研发部门', '/system/testresult/execute', '127.0.0.1', '内网IP', '{\"caseName\":\"string\",\"createBy\":\"string\",\"envirName\":\"string\",\"fullUrl\":\"http://localhost:8088/admin/employee/page\",\"headerList\":[{\"paramName\":\"token\",\"value\":\"eyJhbGciOiJIUzI1NiJ9.eyJlbXBJZCI6MSwiZXhwIjoxNzA2NjA4OTkxfQ.tVVUbHRNO8IxCqWK5h4HPKZaRVWeiBLEMOw4dNwgv18\"}],\"interName\":\"string\",\"method\":\"POST\",\"paramList\":[{\"paramName\":\"page\",\"value\":\"1\"},{\"paramName\":\"pageSize\",\"value\":\"10\"}],\"paramType\":\"URL\",\"params\":{},\"remark\":\"string\",\"resBody\":\"{\\\"timestamp\\\":1706601805598,\\\"status\\\":405,\\\"error\\\":\\\"Method Not Allowed\\\",\\\"path\\\":\\\"/admin/employee/page\\\"}\",\"resCode\":405,\"resultId\":12,\"testComment\":\"string\",\"updateBy\":\"string\",\"userId\":1}', '{\"msg\":\"操作成功\",\"code\":200}', 0, NULL, '2024-01-30 16:03:25', 17);
INSERT INTO `sys_oper_log` VALUES (319, '测试结果', 3, 'com.zou.system.controller.TestresultController.remove()', 'DELETE', 1, 'admin', '研发部门', '/system/testresult/11', '127.0.0.1', '内网IP', '{}', '{\"msg\":\"操作成功\",\"code\":200}', 0, NULL, '2024-01-30 16:03:44', 12);
INSERT INTO `sys_oper_log` VALUES (320, '执行用例', 0, 'com.zou.system.controller.TestresultController.execute()', 'POST', 1, 'admin', '研发部门', '/system/testresult/execute', '127.0.0.1', '内网IP', '{\"caseName\":\"string\",\"createBy\":\"string\",\"envirName\":\"string\",\"fullUrl\":\"http://localhost:8088/admin/employee/page\",\"headerList\":[{\"paramName\":\"token\",\"value\":\"eyJhbGciOiJIUzI1NiJ9.eyJlbXBJZCI6MSwiZXhwIjoxNzA2NjA4OTkxfQ.tVVUbHRNO8IxCqWK5h4HPKZaRVWeiBLEMOw4dNwgv18\"}],\"interName\":\"string\",\"method\":\"GET\",\"paramList\":[{\"paramName\":\"page\",\"value\":\"1\"},{\"paramName\":\"pageSize\",\"value\":\"10\"}],\"paramType\":\"URL\",\"params\":{},\"remark\":\"string\",\"resBody\":\"{\\\"code\\\":1,\\\"msg\\\":null,\\\"data\\\":{\\\"total\\\":4,\\\"records\\\":[{\\\"id\\\":6,\\\"username\\\":\\\"qwrqwe\\\",\\\"name\\\":\\\"qwe\\\",\\\"password\\\":\\\"e10adc3949ba59abbe56e057f20f883e\\\",\\\"phone\\\":\\\"18979961517\\\",\\\"sex\\\":\\\"1\\\",\\\"idNumber\\\":\\\"123412341234123412\\\",\\\"status\\\":1,\\\"createTime\\\":\\\"2023-09-05 08:09\\\",\\\"updateTime\\\":\\\"2023-09-06 08:43\\\",\\\"createUser\\\":1,\\\"updateUser\\\":1},{\\\"id\\\":3,\\\"username\\\":\\\"test2\\\",\\\"name\\\":\\\"测试员工2\\\",\\\"password\\\":\\\"e10adc3949ba59abbe56e057f20f883e\\\",\\\"phone\\\":\\\"18979961518\\\",\\\"sex\\\":\\\"1\\\",\\\"idNumber\\\":\\\"360311200208251627\\\",\\\"status\\\":1,\\\"createTime\\\":\\\"2023-09-05 07:52\\\",\\\"updateTime\\\":\\\"2023-09-06 08:42\\\",\\\"createUser\\\":10,\\\"updateUser\\\":1},{\\\"id\\\":2,\\\"username\\\":\\\"test\\\",\\\"name\\\":\\\"测试员工\\\",\\\"password\\\":\\\"e10adc3949ba59abbe56e057f20f883e\\\",\\\"phone\\\":\\\"18979961517\\\",\\\"sex\\\":\\\"0\\\",\\\"idNumber\\\":\\\"123412341234123412\\\",\\\"status\\\":1,\\\"createTime\\\":\\\"2023-09-05 07:49\\\",\\\"updateTime\\\":\\\"2023-09-06 08:43\\\",\\\"createUser\\\":10,\\\"updateUser\\\":1},{\\\"id\\\":1,\\\"username\\\":\\\"admin\\\",\\\"name\\\":\\\"管理员\\\",\\\"password\\\":\\\"e10adc3949ba59abbe56e057f20f883e\\\",\\\"phone\\\":\\\"13812312312\\\",\\\"sex\\\":\\\"1\\\",\\\"idNumber\\\":\\\"110101199001010047\\\",\\\"status\\\":1,\\\"createTime\\\":\\\"2022-02-15 15:51\\\",\\\"updateTime\\\":\\\"2022-02-17 09:16\\\",\\\"createUser\\\":10,\\\"updateUser\\\":1}]}}\",\"resCode\":200,\"resultId\":0,\"testComment\":\"string\",\"updateBy\":\"string\",\"userId\":1}', NULL, 1, '\r\n### Error updating database.  Cause: com.mysql.cj.jdbc.exceptions.MysqlDataTruncation: Data truncation: Data too long for column \'resBody\' at row 1\r\n### The error may exist in file [D:\\2023下学期\\论文\\AutoTestPlatform\\AutoTestPlatform-system\\target\\classes\\mapper\\system\\TestresultMapper.xml]\r\n### The error may involve com.zou.system.mapper.TestresultMapper.insertTestresult-Inline\r\n### The error occurred while setting parameters\r\n### SQL: insert into testresult          ( caseName,             interName,             fullUrl,             method,             paramType,             envirName,             testComment,                                       resCode,             resBody,                          user_id )           values ( ?,             ?,             ?,             ?,             ?,             ?,             ?,                                       ?,             ?,                          ? )\r\n### Cause: com.mysql.cj.jdbc.exceptions.MysqlDataTruncation: Data truncation: Data too long for column \'resBody\' at row 1\n; Data truncation: Data too long for column \'resBody\' at row 1; nested exception is com.mysql.cj.jdbc.exceptions.MysqlDataTruncation: Data truncation: Data too long for column \'resBody\' at row 1', '2024-01-30 16:04:26', 421);
INSERT INTO `sys_oper_log` VALUES (321, '执行用例', 0, 'com.zou.system.controller.TestresultController.execute()', 'POST', 1, 'admin', '研发部门', '/system/testresult/execute', '127.0.0.1', '内网IP', '{\"caseName\":\"string\",\"createBy\":\"string\",\"envirName\":\"string\",\"fullUrl\":\"http://localhost:8088/admin/employee/page\",\"headerList\":[{\"paramName\":\"token\",\"value\":\"eyJhbGciOiJIUzI1NiJ9.eyJlbXBJZCI6MSwiZXhwIjoxNzA2NjA4OTkxfQ.tVVUbHRNO8IxCqWK5h4HPKZaRVWeiBLEMOw4dNwgv18\"}],\"interName\":\"string\",\"method\":\"GET\",\"paramList\":[{\"paramName\":\"page\",\"value\":\"1\"},{\"paramName\":\"pageSize\",\"value\":\"5\"}],\"paramType\":\"URL\",\"params\":{},\"remark\":\"string\",\"resBody\":\"{\\\"code\\\":1,\\\"msg\\\":null,\\\"data\\\":{\\\"total\\\":4,\\\"records\\\":[{\\\"id\\\":6,\\\"username\\\":\\\"qwrqwe\\\",\\\"name\\\":\\\"qwe\\\",\\\"password\\\":\\\"e10adc3949ba59abbe56e057f20f883e\\\",\\\"phone\\\":\\\"18979961517\\\",\\\"sex\\\":\\\"1\\\",\\\"idNumber\\\":\\\"123412341234123412\\\",\\\"status\\\":1,\\\"createTime\\\":\\\"2023-09-05 08:09\\\",\\\"updateTime\\\":\\\"2023-09-06 08:43\\\",\\\"createUser\\\":1,\\\"updateUser\\\":1},{\\\"id\\\":3,\\\"username\\\":\\\"test2\\\",\\\"name\\\":\\\"测试员工2\\\",\\\"password\\\":\\\"e10adc3949ba59abbe56e057f20f883e\\\",\\\"phone\\\":\\\"18979961518\\\",\\\"sex\\\":\\\"1\\\",\\\"idNumber\\\":\\\"360311200208251627\\\",\\\"status\\\":1,\\\"createTime\\\":\\\"2023-09-05 07:52\\\",\\\"updateTime\\\":\\\"2023-09-06 08:42\\\",\\\"createUser\\\":10,\\\"updateUser\\\":1},{\\\"id\\\":2,\\\"username\\\":\\\"test\\\",\\\"name\\\":\\\"测试员工\\\",\\\"password\\\":\\\"e10adc3949ba59abbe56e057f20f883e\\\",\\\"phone\\\":\\\"18979961517\\\",\\\"sex\\\":\\\"0\\\",\\\"idNumber\\\":\\\"123412341234123412\\\",\\\"status\\\":1,\\\"createTime\\\":\\\"2023-09-05 07:49\\\",\\\"updateTime\\\":\\\"2023-09-06 08:43\\\",\\\"createUser\\\":10,\\\"updateUser\\\":1},{\\\"id\\\":1,\\\"username\\\":\\\"admin\\\",\\\"name\\\":\\\"管理员\\\",\\\"password\\\":\\\"e10adc3949ba59abbe56e057f20f883e\\\",\\\"phone\\\":\\\"13812312312\\\",\\\"sex\\\":\\\"1\\\",\\\"idNumber\\\":\\\"110101199001010047\\\",\\\"status\\\":1,\\\"createTime\\\":\\\"2022-02-15 15:51\\\",\\\"updateTime\\\":\\\"2022-02-17 09:16\\\",\\\"createUser\\\":10,\\\"updateUser\\\":1}]}}\",\"resCode\":200,\"resultId\":0,\"testComment\":\"string\",\"updateBy\":\"string\",\"userId\":1}', NULL, 1, '\r\n### Error updating database.  Cause: com.mysql.cj.jdbc.exceptions.MysqlDataTruncation: Data truncation: Data too long for column \'resBody\' at row 1\r\n### The error may exist in file [D:\\2023下学期\\论文\\AutoTestPlatform\\AutoTestPlatform-system\\target\\classes\\mapper\\system\\TestresultMapper.xml]\r\n### The error may involve com.zou.system.mapper.TestresultMapper.insertTestresult-Inline\r\n### The error occurred while setting parameters\r\n### SQL: insert into testresult          ( caseName,             interName,             fullUrl,             method,             paramType,             envirName,             testComment,                                       resCode,             resBody,                          user_id )           values ( ?,             ?,             ?,             ?,             ?,             ?,             ?,                                       ?,             ?,                          ? )\r\n### Cause: com.mysql.cj.jdbc.exceptions.MysqlDataTruncation: Data truncation: Data too long for column \'resBody\' at row 1\n; Data truncation: Data too long for column \'resBody\' at row 1; nested exception is com.mysql.cj.jdbc.exceptions.MysqlDataTruncation: Data truncation: Data too long for column \'resBody\' at row 1', '2024-01-30 16:05:35', 29);
INSERT INTO `sys_oper_log` VALUES (322, '执行用例', 0, 'com.zou.system.controller.TestresultController.execute()', 'POST', 1, 'admin', '研发部门', '/system/testresult/execute', '127.0.0.1', '内网IP', '{\"caseName\":\"string\",\"createBy\":\"string\",\"envirName\":\"string\",\"fullUrl\":\"http://localhost:8088/admin/employee/page\",\"headerList\":[{\"paramName\":\"token\",\"value\":\"eyJhbGciOiJIUzI1NiJ9.eyJlbXBJZCI6MSwiZXhwIjoxNzA2NjA4OTkxfQ.tVVUbHRNO8IxCqWK5h4HPKZaRVWeiBLEMOw4dNwgv18\"}],\"interName\":\"string\",\"method\":\"GET\",\"paramList\":[{\"paramName\":\"page\",\"value\":\"1\"},{\"paramName\":\"pageSize\",\"value\":\"5\"}],\"paramType\":\"URL\",\"params\":{},\"remark\":\"string\",\"resBody\":\"{\\\"code\\\":1,\\\"msg\\\":null,\\\"data\\\":{\\\"total\\\":4,\\\"records\\\":[{\\\"id\\\":6,\\\"username\\\":\\\"qwrqwe\\\",\\\"name\\\":\\\"qwe\\\",\\\"password\\\":\\\"e10adc3949ba59abbe56e057f20f883e\\\",\\\"phone\\\":\\\"18979961517\\\",\\\"sex\\\":\\\"1\\\",\\\"idNumber\\\":\\\"123412341234123412\\\",\\\"status\\\":1,\\\"createTime\\\":\\\"2023-09-05 08:09\\\",\\\"updateTime\\\":\\\"2023-09-06 08:43\\\",\\\"createUser\\\":1,\\\"updateUser\\\":1},{\\\"id\\\":3,\\\"username\\\":\\\"test2\\\",\\\"name\\\":\\\"测试员工2\\\",\\\"password\\\":\\\"e10adc3949ba59abbe56e057f20f883e\\\",\\\"phone\\\":\\\"18979961518\\\",\\\"sex\\\":\\\"1\\\",\\\"idNumber\\\":\\\"360311200208251627\\\",\\\"status\\\":1,\\\"createTime\\\":\\\"2023-09-05 07:52\\\",\\\"updateTime\\\":\\\"2023-09-06 08:42\\\",\\\"createUser\\\":10,\\\"updateUser\\\":1},{\\\"id\\\":2,\\\"username\\\":\\\"test\\\",\\\"name\\\":\\\"测试员工\\\",\\\"password\\\":\\\"e10adc3949ba59abbe56e057f20f883e\\\",\\\"phone\\\":\\\"18979961517\\\",\\\"sex\\\":\\\"0\\\",\\\"idNumber\\\":\\\"123412341234123412\\\",\\\"status\\\":1,\\\"createTime\\\":\\\"2023-09-05 07:49\\\",\\\"updateTime\\\":\\\"2023-09-06 08:43\\\",\\\"createUser\\\":10,\\\"updateUser\\\":1},{\\\"id\\\":1,\\\"username\\\":\\\"admin\\\",\\\"name\\\":\\\"管理员\\\",\\\"password\\\":\\\"e10adc3949ba59abbe56e057f20f883e\\\",\\\"phone\\\":\\\"13812312312\\\",\\\"sex\\\":\\\"1\\\",\\\"idNumber\\\":\\\"110101199001010047\\\",\\\"status\\\":1,\\\"createTime\\\":\\\"2022-02-15 15:51\\\",\\\"updateTime\\\":\\\"2022-02-17 09:16\\\",\\\"createUser\\\":10,\\\"updateUser\\\":1}]}}\",\"resCode\":200,\"resultId\":0,\"testComment\":\"string\",\"updateBy\":\"string\",\"userId\":1}', NULL, 1, '\r\n### Error updating database.  Cause: com.mysql.cj.jdbc.exceptions.MysqlDataTruncation: Data truncation: Data too long for column \'resBody\' at row 1\r\n### The error may exist in file [D:\\2023下学期\\论文\\AutoTestPlatform\\AutoTestPlatform-system\\target\\classes\\mapper\\system\\TestresultMapper.xml]\r\n### The error may involve com.zou.system.mapper.TestresultMapper.insertTestresult-Inline\r\n### The error occurred while setting parameters\r\n### SQL: insert into testresult          ( caseName,             interName,             fullUrl,             method,             paramType,             envirName,             testComment,                                       resCode,             resBody,                          user_id )           values ( ?,             ?,             ?,             ?,             ?,             ?,             ?,                                       ?,             ?,                          ? )\r\n### Cause: com.mysql.cj.jdbc.exceptions.MysqlDataTruncation: Data truncation: Data too long for column \'resBody\' at row 1\n; Data truncation: Data too long for column \'resBody\' at row 1; nested exception is com.mysql.cj.jdbc.exceptions.MysqlDataTruncation: Data truncation: Data too long for column \'resBody\' at row 1', '2024-01-30 16:05:41', 23);
INSERT INTO `sys_oper_log` VALUES (323, '执行用例', 0, 'com.zou.system.controller.TestresultController.execute()', 'POST', 1, 'admin', '研发部门', '/system/testresult/execute', '127.0.0.1', '内网IP', '{\"caseName\":\"string\",\"createBy\":\"string\",\"envirName\":\"string\",\"fullUrl\":\"http://localhost:8088/admin/employee/page\",\"headerList\":[{\"paramName\":\"token\",\"value\":\"eyJhbGciOiJIUzI1NiJ9.eyJlbXBJZCI6MSwiZXhwIjoxNzA2NjA4OTkxfQ.tVVUbHRNO8IxCqWK5h4HPKZaRVWeiBLEMOw4dNwgv18\"}],\"interName\":\"string\",\"method\":\"GET\",\"paramList\":[{\"paramName\":\"page\",\"value\":\"1\"},{\"paramName\":\"pageSize\",\"value\":\"5\"}],\"paramType\":\"URL\",\"params\":{},\"remark\":\"string\",\"resBody\":\"{\\\"code\\\":1,\\\"msg\\\":null,\\\"data\\\":{\\\"total\\\":4,\\\"records\\\":[{\\\"id\\\":6,\\\"username\\\":\\\"qwrqwe\\\",\\\"name\\\":\\\"qwe\\\",\\\"password\\\":\\\"e10adc3949ba59abbe56e057f20f883e\\\",\\\"phone\\\":\\\"18979961517\\\",\\\"sex\\\":\\\"1\\\",\\\"idNumber\\\":\\\"123412341234123412\\\",\\\"status\\\":1,\\\"createTime\\\":\\\"2023-09-05 08:09\\\",\\\"updateTime\\\":\\\"2023-09-06 08:43\\\",\\\"createUser\\\":1,\\\"updateUser\\\":1},{\\\"id\\\":3,\\\"username\\\":\\\"test2\\\",\\\"name\\\":\\\"测试员工2\\\",\\\"password\\\":\\\"e10adc3949ba59abbe56e057f20f883e\\\",\\\"phone\\\":\\\"18979961518\\\",\\\"sex\\\":\\\"1\\\",\\\"idNumber\\\":\\\"360311200208251627\\\",\\\"status\\\":1,\\\"createTime\\\":\\\"2023-09-05 07:52\\\",\\\"updateTime\\\":\\\"2023-09-06 08:42\\\",\\\"createUser\\\":10,\\\"updateUser\\\":1},{\\\"id\\\":2,\\\"username\\\":\\\"test\\\",\\\"name\\\":\\\"测试员工\\\",\\\"password\\\":\\\"e10adc3949ba59abbe56e057f20f883e\\\",\\\"phone\\\":\\\"18979961517\\\",\\\"sex\\\":\\\"0\\\",\\\"idNumber\\\":\\\"123412341234123412\\\",\\\"status\\\":1,\\\"createTime\\\":\\\"2023-09-05 07:49\\\",\\\"updateTime\\\":\\\"2023-09-06 08:43\\\",\\\"createUser\\\":10,\\\"updateUser\\\":1},{\\\"id\\\":1,\\\"username\\\":\\\"admin\\\",\\\"name\\\":\\\"管理员\\\",\\\"password\\\":\\\"e10adc3949ba59abbe56e057f20f883e\\\",\\\"phone\\\":\\\"13812312312\\\",\\\"sex\\\":\\\"1\\\",\\\"idNumber\\\":\\\"110101199001010047\\\",\\\"status\\\":1,\\\"createTime\\\":\\\"2022-02-15 15:51\\\",\\\"updateTime\\\":\\\"2022-02-17 09:16\\\",\\\"createUser\\\":10,\\\"updateUser\\\":1}]}}\",\"resCode\":200,\"resultId\":0,\"testComment\":\"string\",\"updateBy\":\"string\",\"userId\":1}', NULL, 1, '\r\n### Error updating database.  Cause: com.mysql.cj.jdbc.exceptions.MysqlDataTruncation: Data truncation: Data too long for column \'resBody\' at row 1\r\n### The error may exist in file [D:\\2023下学期\\论文\\AutoTestPlatform\\AutoTestPlatform-system\\target\\classes\\mapper\\system\\TestresultMapper.xml]\r\n### The error may involve com.zou.system.mapper.TestresultMapper.insertTestresult-Inline\r\n### The error occurred while setting parameters\r\n### SQL: insert into testresult          ( caseName,             interName,             fullUrl,             method,             paramType,             envirName,             testComment,                                       resCode,             resBody,                          user_id )           values ( ?,             ?,             ?,             ?,             ?,             ?,             ?,                                       ?,             ?,                          ? )\r\n### Cause: com.mysql.cj.jdbc.exceptions.MysqlDataTruncation: Data truncation: Data too long for column \'resBody\' at row 1\n; Data truncation: Data too long for column \'resBody\' at row 1; nested exception is com.mysql.cj.jdbc.exceptions.MysqlDataTruncation: Data truncation: Data too long for column \'resBody\' at row 1', '2024-01-30 16:08:45', 132101);
INSERT INTO `sys_oper_log` VALUES (324, '执行用例', 0, 'com.zou.system.controller.TestresultController.execute()', 'POST', 1, 'admin', '研发部门', '/system/testresult/execute', '127.0.0.1', '内网IP', '{\"caseName\":\"string\",\"createBy\":\"string\",\"envirName\":\"string\",\"fullUrl\":\"http://localhost:8088/admin/employee/page\",\"headerList\":[{\"paramName\":\"token\",\"value\":\"eyJhbGciOiJIUzI1NiJ9.eyJlbXBJZCI6MSwiZXhwIjoxNzA2NjA4OTkxfQ.tVVUbHRNO8IxCqWK5h4HPKZaRVWeiBLEMOw4dNwgv18\"}],\"interName\":\"string\",\"method\":\"GET\",\"paramList\":[{\"paramName\":\"page\",\"value\":\"1\"},{\"paramName\":\"pageSize\",\"value\":\"5\"}],\"paramType\":\"URL\",\"params\":{},\"remark\":\"string\",\"resBody\":\"{\\\"code\\\":1,\\\"msg\\\":null,\\\"data\\\":{\\\"total\\\":4,\\\"records\\\":[{\\\"id\\\":6,\\\"username\\\":\\\"qwrqwe\\\",\\\"name\\\":\\\"qwe\\\",\\\"password\\\":\\\"e10adc3949ba59abbe56e057f20f883e\\\",\\\"phone\\\":\\\"18979961517\\\",\\\"sex\\\":\\\"1\\\",\\\"idNumber\\\":\\\"123412341234123412\\\",\\\"status\\\":1,\\\"createTime\\\":\\\"2023-09-05 08:09\\\",\\\"updateTime\\\":\\\"2023-09-06 08:43\\\",\\\"createUser\\\":1,\\\"updateUser\\\":1},{\\\"id\\\":3,\\\"username\\\":\\\"test2\\\",\\\"name\\\":\\\"测试员工2\\\",\\\"password\\\":\\\"e10adc3949ba59abbe56e057f20f883e\\\",\\\"phone\\\":\\\"18979961518\\\",\\\"sex\\\":\\\"1\\\",\\\"idNumber\\\":\\\"360311200208251627\\\",\\\"status\\\":1,\\\"createTime\\\":\\\"2023-09-05 07:52\\\",\\\"updateTime\\\":\\\"2023-09-06 08:42\\\",\\\"createUser\\\":10,\\\"updateUser\\\":1},{\\\"id\\\":2,\\\"username\\\":\\\"test\\\",\\\"name\\\":\\\"测试员工\\\",\\\"password\\\":\\\"e10adc3949ba59abbe56e057f20f883e\\\",\\\"phone\\\":\\\"18979961517\\\",\\\"sex\\\":\\\"0\\\",\\\"idNumber\\\":\\\"123412341234123412\\\",\\\"status\\\":1,\\\"createTime\\\":\\\"2023-09-05 07:49\\\",\\\"updateTime\\\":\\\"2023-09-06 08:43\\\",\\\"createUser\\\":10,\\\"updateUser\\\":1},{\\\"id\\\":1,\\\"username\\\":\\\"admin\\\",\\\"name\\\":\\\"管理员\\\",\\\"password\\\":\\\"e10adc3949ba59abbe56e057f20f883e\\\",\\\"phone\\\":\\\"13812312312\\\",\\\"sex\\\":\\\"1\\\",\\\"idNumber\\\":\\\"110101199001010047\\\",\\\"status\\\":1,\\\"createTime\\\":\\\"2022-02-15 15:51\\\",\\\"updateTime\\\":\\\"2022-02-17 09:16\\\",\\\"createUser\\\":10,\\\"updateUser\\\":1}]}}\",\"resCode\":200,\"resultId\":13,\"testComment\":\"string\",\"updateBy\":\"string\",\"userId\":1}', '{\"msg\":\"操作成功\",\"code\":200}', 0, NULL, '2024-01-30 16:11:49', 11341);
INSERT INTO `sys_oper_log` VALUES (325, '执行用例', 0, 'com.zou.system.controller.TestresultController.execute()', 'POST', 1, 'admin', '研发部门', '/system/testresult/execute', '127.0.0.1', '内网IP', '{\"caseName\":\"string\",\"createBy\":\"string\",\"envirName\":\"string\",\"fullUrl\":\"http://localhost:8088/user/addressBook/6\",\"headerList\":[{\"paramName\":\"token\",\"value\":\"eyJhbGciOiJIUzI1NiJ9.eyJlbXBJZCI6MSwiZXhwIjoxNzA2NjA4Nzk5fQ.zlwQdyiyoEpHVCjOsG66jLYZV1rVDUxKJtBHwR_VccM\"}],\"interName\":\"string\",\"method\":\"DELETE\",\"paramType\":\"URL\",\"params\":{},\"remark\":\"string\",\"resBody\":\"string\",\"resCode\":0,\"resultId\":0,\"testComment\":\"string\",\"updateBy\":\"string\",\"userId\":1}', NULL, 1, 'Cannot invoke \"java.util.List.stream()\" because the return value of \"com.zou.system.domain.Testresult.getParamList()\" is null', '2024-01-30 16:18:53', 16365);
INSERT INTO `sys_oper_log` VALUES (326, '执行用例', 0, 'com.zou.system.controller.TestresultController.execute()', 'POST', 1, 'admin', '研发部门', '/system/testresult/execute', '127.0.0.1', '内网IP', '{\"caseName\":\"string\",\"createBy\":\"string\",\"envirName\":\"string\",\"fullUrl\":\"http://localhost:8088/user/addressBook/6\",\"headerList\":[{\"paramName\":\"token\",\"value\":\"eyJhbGciOiJIUzI1NiJ9.eyJlbXBJZCI6MSwiZXhwIjoxNzA2NjA4Nzk5fQ.zlwQdyiyoEpHVCjOsG66jLYZV1rVDUxKJtBHwR_VccM\"}],\"interName\":\"string\",\"method\":\"DELETE\",\"paramType\":\"URL\",\"params\":{},\"remark\":\"string\",\"resBody\":\"string\",\"resCode\":0,\"resultId\":0,\"testComment\":\"string\",\"updateBy\":\"string\",\"userId\":1}', NULL, 1, 'Cannot invoke \"java.util.List.stream()\" because the return value of \"com.zou.system.domain.Testresult.getParamList()\" is null', '2024-01-30 16:19:39', 14174);
INSERT INTO `sys_oper_log` VALUES (327, '执行用例', 0, 'com.zou.system.controller.TestresultController.execute()', 'POST', 1, 'admin', '研发部门', '/system/testresult/execute', '127.0.0.1', '内网IP', '{\"caseName\":\"string\",\"createBy\":\"string\",\"envirName\":\"string\",\"fullUrl\":\"http://localhost:8088/user/addressBook/6\",\"headerList\":[{\"paramName\":\"token\",\"value\":\"eyJhbGciOiJIUzI1NiJ9.eyJlbXBJZCI6MSwiZXhwIjoxNzA2NjA4Nzk5fQ.zlwQdyiyoEpHVCjOsG66jLYZV1rVDUxKJtBHwR_VccM\"}],\"interName\":\"string\",\"method\":\"DELETE\",\"paramList\":[],\"paramType\":\"URL\",\"params\":{},\"remark\":\"string\",\"resBody\":\"{\\\"timestamp\\\":1706602825645,\\\"status\\\":405,\\\"error\\\":\\\"Method Not Allowed\\\",\\\"path\\\":\\\"/user/addressBook/6\\\"}\",\"resCode\":405,\"resultId\":14,\"testComment\":\"string\",\"updateBy\":\"string\",\"userId\":1}', '{\"msg\":\"操作成功\",\"code\":200}', 0, NULL, '2024-01-30 16:20:53', 51984);
INSERT INTO `sys_oper_log` VALUES (328, '用例管理', 2, 'com.zou.system.controller.CaseinfoController.edit()', 'PUT', 1, 'admin', '研发部门', '/system/case', '127.0.0.1', '内网IP', '{\"caseId\":5,\"caseName\":\"cc\",\"fullUrl\":\"test2123\",\"header\":\"[{\\\"paramName\\\":\\\"d\\\",\\\"value\\\":\\\"f\\\"}]\",\"headerList\":[{\"paramName\":\"d\",\"value\":\"f\"}],\"interId\":10,\"interName\":\"123\",\"method\":\"POST\",\"param\":\"[{\\\"paramName\\\":\\\"d\\\",\\\"value\\\":\\\"f\\\"}]\",\"paramList\":[{\"paramName\":\"d\",\"value\":\"f\"}],\"paramType\":\"URL\",\"params\":{},\"userId\":1}', '{\"msg\":\"操作成功\",\"code\":200}', 0, NULL, '2024-01-31 10:09:33', 127);
INSERT INTO `sys_oper_log` VALUES (329, '用例管理', 2, 'com.zou.system.controller.CaseinfoController.edit()', 'PUT', 1, 'admin', '研发部门', '/system/case', '127.0.0.1', '内网IP', '{\"caseId\":5,\"caseName\":\"cc\",\"fullUrl\":\"test2123\",\"header\":\"[{\\\"paramName\\\":\\\"d\\\",\\\"value\\\":\\\"f\\\"}]\",\"headerList\":[{\"paramName\":\"d\",\"value\":\"f\"}],\"interId\":10,\"interName\":\"123\",\"method\":\"POST\",\"param\":\"[{\\\"paramName\\\":\\\"d\\\",\\\"value\\\":\\\"f\\\"}]\",\"paramList\":[{\"paramName\":\"d\",\"value\":\"f\"}],\"paramType\":\"URL\",\"params\":{},\"userId\":1}', '{\"msg\":\"操作成功\",\"code\":200}', 0, NULL, '2024-01-31 10:11:39', 4);
INSERT INTO `sys_oper_log` VALUES (330, '执行用例', 0, 'com.zou.system.controller.TestresultController.execute()', 'POST', 1, 'admin', '研发部门', '/system/testresult/execute', '127.0.0.1', '内网IP', '{\"caseName\":\"cc\",\"fullUrl\":\"test2123\",\"header\":\"[{\\\"value\\\": \\\"f\\\", \\\"paramName\\\": \\\"d\\\"}]\",\"interName\":\"123\",\"method\":\"POST\",\"param\":\"[{\\\"value\\\": \\\"f\\\", \\\"paramName\\\": \\\"d\\\"}]\",\"paramType\":\"URL\",\"params\":{},\"userId\":1}', NULL, 1, 'URI with undefined scheme', '2024-01-31 10:14:14', 107);
INSERT INTO `sys_oper_log` VALUES (331, '执行用例', 0, 'com.zou.system.controller.TestresultController.execute()', 'POST', 1, 'admin', '研发部门', '/system/testresult/execute', '127.0.0.1', '内网IP', '{\"caseName\":\"cc\",\"fullUrl\":\"test2123\",\"header\":\"[{\\\"value\\\": \\\"f\\\", \\\"paramName\\\": \\\"d\\\"}]\",\"interName\":\"123\",\"method\":\"POST\",\"param\":\"[{\\\"value\\\": \\\"f\\\", \\\"paramName\\\": \\\"d\\\"}]\",\"paramType\":\"URL\",\"params\":{},\"userId\":1}', NULL, 1, 'URI with undefined scheme', '2024-01-31 10:20:22', 175004);
INSERT INTO `sys_oper_log` VALUES (332, '执行用例', 0, 'com.zou.system.controller.TestresultController.execute()', 'POST', 1, 'admin', '研发部门', '/system/testresult/execute', '127.0.0.1', '内网IP', '{\"caseName\":\"cc\",\"fullUrl\":\"test2123\",\"header\":\"[{\\\"value\\\": \\\"f\\\", \\\"paramName\\\": \\\"d\\\"}]\",\"interName\":\"123\",\"method\":\"POST\",\"param\":\"[{\\\"value\\\": \\\"f\\\", \\\"paramName\\\": \\\"d\\\"}]\",\"paramType\":\"URL\",\"params\":{},\"userId\":1}', NULL, 1, 'URI with undefined scheme', '2024-01-31 10:23:48', 21061);
INSERT INTO `sys_oper_log` VALUES (333, '用例管理', 2, 'com.zou.system.controller.CaseinfoController.edit()', 'PUT', 1, 'admin', '研发部门', '/system/case', '127.0.0.1', '内网IP', '{\"caseId\":5,\"caseName\":\"cc\",\"fullUrl\":\"test2123\",\"header\":\"[{\\\"paramName\\\":\\\"d\\\",\\\"value\\\":\\\"f\\\"}]\",\"headerList\":[{\"paramName\":\"d\",\"value\":\"f\"}],\"interId\":10,\"interName\":\"123\",\"method\":\"POST\",\"param\":\"[{\\\"paramName\\\":\\\"d\\\",\\\"value\\\":\\\"f\\\"}]\",\"paramList\":[{\"paramName\":\"d\",\"value\":\"f\"}],\"paramType\":\"URL\",\"params\":{},\"userId\":1}', '{\"msg\":\"操作成功\",\"code\":200}', 0, NULL, '2024-01-31 10:27:37', 144544);
INSERT INTO `sys_oper_log` VALUES (334, '执行用例', 0, 'com.zou.system.controller.TestresultController.execute()', 'POST', 1, 'admin', '研发部门', '/system/testresult/execute', '127.0.0.1', '内网IP', '{\"caseName\":\"cc\",\"fullUrl\":\"test2123\",\"header\":\"[{\\\"value\\\": \\\"f\\\", \\\"paramName\\\": \\\"d\\\"}]\",\"headerList\":[{\"paramName\":\"d\",\"value\":\"f\"}],\"interName\":\"123\",\"method\":\"POST\",\"param\":\"[{\\\"value\\\": \\\"f\\\", \\\"paramName\\\": \\\"d\\\"}]\",\"paramList\":[{\"paramName\":\"d\",\"value\":\"f\"}],\"paramType\":\"URL\",\"params\":{},\"userId\":1}', NULL, 1, 'URI with undefined scheme', '2024-01-31 10:30:52', 29134);
INSERT INTO `sys_oper_log` VALUES (335, '环境', 3, 'com.zou.system.controller.EnvironmentController.remove()', 'DELETE', 1, 'admin', '研发部门', '/system/environment/15', '127.0.0.1', '内网IP', '{}', '{\"msg\":\"操作成功\",\"code\":200}', 0, NULL, '2024-01-31 10:35:30', 40);
INSERT INTO `sys_oper_log` VALUES (336, '环境', 3, 'com.zou.system.controller.EnvironmentController.remove()', 'DELETE', 1, 'admin', '研发部门', '/system/environment/16', '127.0.0.1', '内网IP', '{}', '{\"msg\":\"操作成功\",\"code\":200}', 0, NULL, '2024-01-31 10:35:32', 11);
INSERT INTO `sys_oper_log` VALUES (337, '环境', 2, 'com.zou.system.controller.EnvironmentController.edit()', 'PUT', 1, 'admin', '研发部门', '/system/environment', '127.0.0.1', '内网IP', '{\"envirId\":17,\"envirName\":\"苍穹外卖\",\"envirUrl\":\"http://localhost:8088\",\"interinfoList\":[],\"params\":{},\"userId\":1}', '{\"msg\":\"操作成功\",\"code\":200}', 0, NULL, '2024-01-31 10:36:15', 29);
INSERT INTO `sys_oper_log` VALUES (338, '接口管理', 1, 'com.zou.system.controller.InterinfoController.add()', 'POST', 1, 'admin', '研发部门', '/system/interinfo', '127.0.0.1', '内网IP', '{\"caseinfoList\":[],\"envirId\":17,\"interComment\":\"会返回token\",\"interId\":13,\"interName\":\"用户登录\",\"interUrl\":\"/admin/employee/login\",\"method\":\"POST\",\"paramType\":\"URL\",\"params\":{},\"userId\":1}', '{\"msg\":\"操作成功\",\"code\":200}', 0, NULL, '2024-01-31 10:37:34', 28);
INSERT INTO `sys_oper_log` VALUES (339, '用例管理', 1, 'com.zou.system.controller.CaseinfoController.add()', 'POST', 1, 'admin', '研发部门', '/system/case', '127.0.0.1', '内网IP', '{\"caseId\":29,\"caseName\":\"测试用户登录\",\"header\":\"null\",\"interId\":13,\"param\":\"null\",\"params\":{},\"userId\":1}', '{\"msg\":\"操作成功\",\"code\":200}', 0, NULL, '2024-01-31 10:38:05', 53);
INSERT INTO `sys_oper_log` VALUES (340, '用例管理', 3, 'com.zou.system.controller.CaseinfoController.remove()', 'DELETE', 1, 'admin', '研发部门', '/system/case/16', '127.0.0.1', '内网IP', '{}', '{\"msg\":\"操作成功\",\"code\":200}', 0, NULL, '2024-01-31 10:38:10', 8);
INSERT INTO `sys_oper_log` VALUES (341, '接口管理', 2, 'com.zou.system.controller.InterinfoController.edit()', 'PUT', 1, 'admin', '研发部门', '/system/interinfo', '127.0.0.1', '内网IP', '{\"envirId\":17,\"environmentName\":\"苍穹外卖\",\"interComment\":\"会返回token\",\"interId\":13,\"interName\":\"用户登录\",\"interUrl\":\"/admin/employee/login\",\"method\":\"POST\",\"paramType\":\"JSON\",\"params\":{}}', '{\"msg\":\"操作成功\",\"code\":200}', 0, NULL, '2024-01-31 10:42:12', 44);
INSERT INTO `sys_oper_log` VALUES (342, '用例管理', 1, 'com.zou.system.controller.CaseinfoController.add()', 'POST', 1, 'admin', '研发部门', '/system/case', '127.0.0.1', '内网IP', '{\"caseId\":30,\"caseName\":\"rt\",\"header\":\"null\",\"interId\":20,\"param\":\"null\",\"params\":{},\"userId\":1}', '{\"msg\":\"操作成功\",\"code\":200}', 0, NULL, '2024-01-31 10:49:21', 201);
INSERT INTO `sys_oper_log` VALUES (343, '用例管理', 3, 'com.zou.system.controller.CaseinfoController.remove()', 'DELETE', 1, 'admin', '研发部门', '/system/case/30', '127.0.0.1', '内网IP', '{}', '{\"msg\":\"操作成功\",\"code\":200}', 0, NULL, '2024-01-31 10:52:51', 11);
INSERT INTO `sys_oper_log` VALUES (344, '用例管理', 2, 'com.zou.system.controller.CaseinfoController.edit()', 'PUT', 1, 'admin', '研发部门', '/system/case', '127.0.0.1', '内网IP', '{\"caseDesc\":\"管理员登录\",\"caseId\":29,\"caseName\":\"测试用户登录\",\"fullUrl\":\"http://localhost:8088/admin/employee/login\",\"header\":\"[]\",\"headerList\":[],\"interId\":13,\"interName\":\"用户登录\",\"method\":\"POST\",\"param\":\"[{\\\"paramName\\\":\\\"username\\\",\\\"value\\\":\\\"admin\\\"},{\\\"paramName\\\":\\\"password\\\",\\\"value\\\":\\\"123456\\\"}]\",\"paramList\":[{\"paramName\":\"username\",\"value\":\"admin\"},{\"paramName\":\"password\",\"value\":\"123456\"}],\"paramType\":\"JSON\",\"params\":{},\"userId\":1}', '{\"msg\":\"操作成功\",\"code\":200}', 0, NULL, '2024-01-31 10:55:21', 11);
INSERT INTO `sys_oper_log` VALUES (345, '执行用例', 0, 'com.zou.system.controller.TestresultController.execute()', 'POST', 1, 'admin', '研发部门', '/system/testresult/execute', '127.0.0.1', '内网IP', '{\"caseName\":\"测试用户登录\",\"fullUrl\":\"http://localhost:8088/admin/employee/login\",\"header\":\"[]\",\"headerList\":[],\"interName\":\"用户登录\",\"method\":\"POST\",\"param\":\"[{\\\"value\\\": \\\"admin\\\", \\\"paramName\\\": \\\"username\\\"}, {\\\"value\\\": \\\"123456\\\", \\\"paramName\\\": \\\"password\\\"}]\",\"paramList\":[{\"paramName\":\"username\",\"value\":\"admin\"},{\"paramName\":\"password\",\"value\":\"123456\"}],\"paramType\":\"JSON\",\"params\":{},\"userId\":1}', NULL, 1, 'wrong number, 0, of parameters', '2024-01-31 10:55:23', 138);
INSERT INTO `sys_oper_log` VALUES (346, '执行用例', 0, 'com.zou.system.controller.TestresultController.execute()', 'POST', 1, 'admin', '研发部门', '/system/testresult/execute', '127.0.0.1', '内网IP', '{\"caseName\":\"测试用户登录\",\"fullUrl\":\"http://localhost:8088/admin/employee/login\",\"header\":\"[]\",\"headerList\":[],\"interName\":\"用户登录\",\"method\":\"POST\",\"param\":\"[{\\\"value\\\": \\\"admin\\\", \\\"paramName\\\": \\\"username\\\"}, {\\\"value\\\": \\\"123456\\\", \\\"paramName\\\": \\\"password\\\"}]\",\"paramList\":[{\"paramName\":\"username\",\"value\":\"admin\"},{\"paramName\":\"password\",\"value\":\"123456\"}],\"paramType\":\"JSON\",\"params\":{},\"userId\":1}', NULL, 1, 'wrong number, 0, of parameters', '2024-01-31 10:56:52', 18);
INSERT INTO `sys_oper_log` VALUES (347, '执行用例', 0, 'com.zou.system.controller.TestresultController.execute()', 'POST', 1, 'admin', '研发部门', '/system/testresult/execute', '127.0.0.1', '内网IP', '{\"caseName\":\"测试用户登录\",\"fullUrl\":\"http://localhost:8088/admin/employee/login\",\"header\":\"[]\",\"headerList\":[],\"interName\":\"用户登录\",\"method\":\"POST\",\"param\":\"[{\\\"value\\\": \\\"admin\\\", \\\"paramName\\\": \\\"username\\\"}, {\\\"value\\\": \\\"123456\\\", \\\"paramName\\\": \\\"password\\\"}]\",\"paramList\":[{\"paramName\":\"username\",\"value\":\"admin\"},{\"paramName\":\"password\",\"value\":\"123456\"}],\"paramType\":\"JSON\",\"params\":{},\"resBody\":\"{\\\"code\\\":1,\\\"msg\\\":null,\\\"data\\\":{\\\"id\\\":1,\\\"userName\\\":\\\"admin\\\",\\\"name\\\":\\\"管理员\\\",\\\"token\\\":\\\"eyJhbGciOiJIUzI1NiJ9.eyJlbXBJZCI6MSwiZXhwIjoxNzA2Njc3MTM5fQ.gB_cVo-XDa31MIVX5Z9YpMgUQpvqAG0CfC5xgY8beBQ\\\"}}\",\"resCode\":200,\"resultId\":15,\"userId\":1}', '{\"msg\":\"操作成功\",\"code\":200}', 0, NULL, '2024-01-31 10:58:59', 6119);
INSERT INTO `sys_oper_log` VALUES (348, '执行用例', 0, 'com.zou.system.controller.TestresultController.execute()', 'POST', 1, 'admin', '研发部门', '/system/testresult/execute', '127.0.0.1', '内网IP', '{\"caseName\":\"测试用户登录\",\"envirName\":\"苍穹外卖\",\"fullUrl\":\"http://localhost:8088/admin/employee/login\",\"header\":\"[]\",\"headerList\":[],\"interId\":13,\"interName\":\"用户登录\",\"method\":\"POST\",\"param\":\"[{\\\"value\\\": \\\"admin\\\", \\\"paramName\\\": \\\"username\\\"}, {\\\"value\\\": \\\"123456\\\", \\\"paramName\\\": \\\"password\\\"}]\",\"paramList\":[{\"paramName\":\"username\",\"value\":\"admin\"},{\"paramName\":\"password\",\"value\":\"123456\"}],\"paramType\":\"JSON\",\"params\":{},\"resBody\":\"{\\\"code\\\":1,\\\"msg\\\":null,\\\"data\\\":{\\\"id\\\":1,\\\"userName\\\":\\\"admin\\\",\\\"name\\\":\\\"管理员\\\",\\\"token\\\":\\\"eyJhbGciOiJIUzI1NiJ9.eyJlbXBJZCI6MSwiZXhwIjoxNzA2Njc3NzkxfQ.AzoCHwKXgsvb94qhKGPuul0oMrQQyUJCAbpcaSdhfss\\\"}}\",\"resCode\":200,\"resultId\":16,\"userId\":1}', '{\"msg\":\"操作成功\",\"code\":200}', 0, NULL, '2024-01-31 11:09:52', 566);
INSERT INTO `sys_oper_log` VALUES (349, '执行用例', 0, 'com.zou.system.controller.TestresultController.execute()', 'POST', 1, 'admin', '研发部门', '/system/testresult/execute', '127.0.0.1', '内网IP', '{\"caseName\":\"测试用户登录\",\"envirName\":\"苍穹外卖\",\"fullUrl\":\"http://localhost:8088/admin/employee/login\",\"header\":\"[]\",\"headerList\":[],\"interId\":13,\"interName\":\"用户登录\",\"method\":\"POST\",\"param\":\"[{\\\"value\\\": \\\"admin\\\", \\\"paramName\\\": \\\"username\\\"}, {\\\"value\\\": \\\"123456\\\", \\\"paramName\\\": \\\"password\\\"}]\",\"paramList\":[{\"paramName\":\"username\",\"value\":\"admin\"},{\"paramName\":\"password\",\"value\":\"123456\"}],\"paramType\":\"JSON\",\"params\":{},\"resBody\":\"{\\\"code\\\":1,\\\"msg\\\":null,\\\"data\\\":{\\\"id\\\":1,\\\"userName\\\":\\\"admin\\\",\\\"name\\\":\\\"管理员\\\",\\\"token\\\":\\\"eyJhbGciOiJIUzI1NiJ9.eyJlbXBJZCI6MSwiZXhwIjoxNzA2Njc3ODQwfQ.T4Z_LQMAP53HDuh085kkf5mDI96gHg3rU5jjeG8sGes\\\"}}\",\"resCode\":200,\"resultId\":17,\"userId\":1}', '{\"msg\":\"操作成功\",\"code\":200}', 0, NULL, '2024-01-31 11:10:40', 199);
INSERT INTO `sys_oper_log` VALUES (350, '测试结果', 3, 'com.zou.system.controller.TestresultController.remove()', 'DELETE', 1, 'admin', '研发部门', '/system/testresult/15', '127.0.0.1', '内网IP', '{}', '{\"msg\":\"操作成功\",\"code\":200}', 0, NULL, '2024-01-31 11:11:02', 12);
INSERT INTO `sys_oper_log` VALUES (351, '接口管理', 3, 'com.zou.system.controller.InterinfoController.remove()', 'DELETE', 1, 'admin', '研发部门', '/system/interinfo/20', '127.0.0.1', '内网IP', '{}', '{\"msg\":\"操作成功\",\"code\":200}', 0, NULL, '2024-01-31 11:51:59', 23);
INSERT INTO `sys_oper_log` VALUES (352, '接口管理', 3, 'com.zou.system.controller.InterinfoController.remove()', 'DELETE', 1, 'admin', '研发部门', '/system/interinfo/16', '127.0.0.1', '内网IP', '{}', '{\"msg\":\"操作成功\",\"code\":200}', 0, NULL, '2024-01-31 11:52:04', 11);
INSERT INTO `sys_oper_log` VALUES (353, '接口管理', 3, 'com.zou.system.controller.InterinfoController.remove()', 'DELETE', 1, 'admin', '研发部门', '/system/interinfo/19', '127.0.0.1', '内网IP', '{}', '{\"msg\":\"操作成功\",\"code\":200}', 0, NULL, '2024-01-31 11:52:06', 11);
INSERT INTO `sys_oper_log` VALUES (354, '接口管理', 3, 'com.zou.system.controller.InterinfoController.remove()', 'DELETE', 1, 'admin', '研发部门', '/system/interinfo/18,17,15,14', '127.0.0.1', '内网IP', '{}', '{\"msg\":\"操作成功\",\"code\":200}', 0, NULL, '2024-01-31 11:52:13', 10);
INSERT INTO `sys_oper_log` VALUES (355, '接口管理', 1, 'com.zou.system.controller.InterinfoController.add()', 'POST', 1, 'admin', '研发部门', '/system/interinfo', '127.0.0.1', '内网IP', '{\"caseinfoList\":[],\"envirId\":17,\"interComment\":\"需要token\",\"interId\":21,\"interName\":\"查询用户列表\",\"interUrl\":\"/admin/employee/page\",\"method\":\"GET\",\"paramType\":\"URL\",\"params\":{},\"userId\":1}', '{\"msg\":\"操作成功\",\"code\":200}', 0, NULL, '2024-01-31 11:52:37', 24);
INSERT INTO `sys_oper_log` VALUES (356, '用例管理', 1, 'com.zou.system.controller.CaseinfoController.add()', 'POST', 1, 'admin', '研发部门', '/system/case', '127.0.0.1', '内网IP', '{\"caseId\":31,\"caseName\":\"测试查询用户列表\",\"header\":\"[{\\\"paramName\\\":\\\"token\\\",\\\"value\\\":\\\"\\\"}]\",\"headerList\":[{\"paramName\":\"token\",\"value\":\"\"}],\"interId\":21,\"param\":\"[]\",\"paramList\":[],\"params\":{},\"userId\":1}', '{\"msg\":\"操作成功\",\"code\":200}', 0, NULL, '2024-01-31 11:53:13', 14);
INSERT INTO `sys_oper_log` VALUES (357, '执行用例', 0, 'com.zou.system.controller.TestresultController.execute()', 'POST', 1, 'admin', '研发部门', '/system/testresult/execute', '127.0.0.1', '内网IP', '{\"caseName\":\"测试用户登录\",\"envirName\":\"苍穹外卖\",\"fullUrl\":\"http://localhost:8088/admin/employee/login\",\"header\":\"[]\",\"headerList\":[],\"interId\":13,\"interName\":\"用户登录\",\"method\":\"POST\",\"param\":\"[{\\\"value\\\": \\\"admin\\\", \\\"paramName\\\": \\\"username\\\"}, {\\\"value\\\": \\\"123456\\\", \\\"paramName\\\": \\\"password\\\"}]\",\"paramList\":[{\"paramName\":\"username\",\"value\":\"admin\"},{\"paramName\":\"password\",\"value\":\"123456\"}],\"paramType\":\"JSON\",\"params\":{},\"resBody\":\"{\\\"code\\\":1,\\\"msg\\\":null,\\\"data\\\":{\\\"id\\\":1,\\\"userName\\\":\\\"admin\\\",\\\"name\\\":\\\"管理员\\\",\\\"token\\\":\\\"eyJhbGciOiJIUzI1NiJ9.eyJlbXBJZCI6MSwiZXhwIjoxNzA2NjgwNDAwfQ.kTIlqNTNevVdIHiKJtu8Le9B_jpCmPPjMGcCKMgHEuY\\\"}}\",\"resCode\":200,\"resultId\":18,\"userId\":1}', '{\"msg\":\"操作成功\",\"code\":200}', 0, NULL, '2024-01-31 11:53:20', 83);
INSERT INTO `sys_oper_log` VALUES (358, '用例管理', 2, 'com.zou.system.controller.CaseinfoController.edit()', 'PUT', 1, 'admin', '研发部门', '/system/case', '127.0.0.1', '内网IP', '{\"caseId\":31,\"caseName\":\"测试查询用户列表\",\"fullUrl\":\"http://localhost:8088/admin/employee/page\",\"header\":\"[{\\\"paramName\\\":\\\"token\\\",\\\"value\\\":\\\"eyJhbGciOiJIUzI1NiJ9.eyJlbXBJZCI6MSwiZXhwIjoxNzA2NjgwNDAwfQ.kTIlqNTNevVdIHiKJtu8Le9B_jpCmPPjMGcCKMgHEuY\\\"}]\",\"headerList\":[{\"paramName\":\"token\",\"value\":\"eyJhbGciOiJIUzI1NiJ9.eyJlbXBJZCI6MSwiZXhwIjoxNzA2NjgwNDAwfQ.kTIlqNTNevVdIHiKJtu8Le9B_jpCmPPjMGcCKMgHEuY\"}],\"interId\":21,\"interName\":\"查询用户列表\",\"method\":\"GET\",\"param\":\"[{\\\"paramName\\\":\\\"page\\\",\\\"value\\\":\\\"1\\\"},{\\\"paramName\\\":\\\"pageSize\\\",\\\"value\\\":\\\"5\\\"}]\",\"paramList\":[{\"paramName\":\"page\",\"value\":\"1\"},{\"paramName\":\"pageSize\",\"value\":\"5\"}],\"paramType\":\"URL\",\"params\":{},\"userId\":1}', '{\"msg\":\"操作成功\",\"code\":200}', 0, NULL, '2024-01-31 11:53:57', 7);
INSERT INTO `sys_oper_log` VALUES (359, '执行用例', 0, 'com.zou.system.controller.TestresultController.execute()', 'POST', 1, 'admin', '研发部门', '/system/testresult/execute', '127.0.0.1', '内网IP', '{\"caseName\":\"测试查询用户列表\",\"envirName\":\"苍穹外卖\",\"fullUrl\":\"http://localhost:8088/admin/employee/page\",\"header\":\"[{\\\"value\\\": \\\"eyJhbGciOiJIUzI1NiJ9.eyJlbXBJZCI6MSwiZXhwIjoxNzA2NjgwNDAwfQ.kTIlqNTNevVdIHiKJtu8Le9B_jpCmPPjMGcCKMgHEuY\\\", \\\"paramName\\\": \\\"token\\\"}]\",\"headerList\":[{\"paramName\":\"token\",\"value\":\"eyJhbGciOiJIUzI1NiJ9.eyJlbXBJZCI6MSwiZXhwIjoxNzA2NjgwNDAwfQ.kTIlqNTNevVdIHiKJtu8Le9B_jpCmPPjMGcCKMgHEuY\"}],\"interId\":21,\"interName\":\"查询用户列表\",\"method\":\"GET\",\"param\":\"[{\\\"value\\\": \\\"1\\\", \\\"paramName\\\": \\\"page\\\"}, {\\\"value\\\": \\\"5\\\", \\\"paramName\\\": \\\"pageSize\\\"}]\",\"paramList\":[{\"paramName\":\"page\",\"value\":\"1\"},{\"paramName\":\"pageSize\",\"value\":\"5\"}],\"paramType\":\"URL\",\"params\":{},\"resBody\":\"{\\\"code\\\":1,\\\"msg\\\":null,\\\"data\\\":{\\\"total\\\":4,\\\"records\\\":[{\\\"id\\\":6,\\\"username\\\":\\\"qwrqwe\\\",\\\"name\\\":\\\"qwe\\\",\\\"password\\\":\\\"e10adc3949ba59abbe56e057f20f883e\\\",\\\"phone\\\":\\\"18979961517\\\",\\\"sex\\\":\\\"1\\\",\\\"idNumber\\\":\\\"123412341234123412\\\",\\\"status\\\":1,\\\"createTime\\\":\\\"2023-09-05 08:09\\\",\\\"updateTime\\\":\\\"2023-09-06 08:43\\\",\\\"createUser\\\":1,\\\"updateUser\\\":1},{\\\"id\\\":3,\\\"username\\\":\\\"test2\\\",\\\"name\\\":\\\"测试员工2\\\",\\\"password\\\":\\\"e10adc3949ba59abbe56e057f20f883e\\\",\\\"phone\\\":\\\"18979961518\\\",\\\"sex\\\":\\\"1\\\",\\\"idNumber\\\":\\\"360311200208251627\\\",\\\"status\\\":1,\\\"createTime\\\":\\\"2023-09-05 07:52\\\",\\\"updateTime\\\":\\\"2023-09-06 08:42\\\",\\\"createUser\\\":10,\\\"updateUser\\\":1},{\\\"id\\\":2,\\\"username\\\":\\\"test\\\",\\\"name\\\":\\\"测试员工\\\",\\\"password\\\":\\\"e10adc3949ba59abbe56e057f20f883e\\\",\\\"phone\\\":\\\"18979961517\\\",\\\"sex\\\":\\\"0\\\",\\\"idNumber\\\":\\\"123412341234123412\\\",\\\"status\\\":1,\\\"createTime\\\":\\\"2023-09-05 07:49\\\",\\\"updateTime\\\":\\\"2023-09-06 08:43\\\",\\\"createUser\\\":10,\\\"updateUser\\\":1},{\\\"id\\\":1,\\\"username\\\":\\\"admin\\\",\\\"name\\\":\\\"管理员\\\",\\\"password\\\":\\\"e10adc3949ba59abbe56e057f20f883e\\\",\\\"phone\\\":\\\"13812312312\\\",\\\"sex\\\":\\\"1\\\",\\\"idNumber\\\":\\\"110101199001010047\\\",\\\"status\\\":1,\\\"createTime\\\":\\\"2022-02-15 15:51\\\",\\\"updateTime\\\":\\\"2022-02-17 09:16\\\",\\\"createUser\\\":10,\\\"updateUser\\\":1}]}}\",\"resCode\":200,\"resultId\":19,\"userId\":1}', '{\"msg\":\"操作成功\",\"code\":200}', 0, NULL, '2024-01-31 11:54:00', 579);
INSERT INTO `sys_oper_log` VALUES (360, '用例管理', 2, 'com.zou.system.controller.CaseinfoController.edit()', 'PUT', 1, 'admin', '研发部门', '/system/case', '127.0.0.1', '内网IP', '{\"caseId\":31,\"caseName\":\"测试查询用户列表\",\"fullUrl\":\"http://localhost:8088/admin/employee/page\",\"header\":\"[{\\\"paramName\\\":\\\"token\\\",\\\"value\\\":\\\"eyJhbGciOiJIUzI1NiJ9.eyJlbXBJZCI6MSwiZXhwIjoxNzA2NjgwNDAwfQ.kTIlqNTNevVdIHiKJtu8Le9B_jpCmPPjMGcCKMgHEuY\\\"}]\",\"headerList\":[{\"paramName\":\"token\",\"value\":\"eyJhbGciOiJIUzI1NiJ9.eyJlbXBJZCI6MSwiZXhwIjoxNzA2NjgwNDAwfQ.kTIlqNTNevVdIHiKJtu8Le9B_jpCmPPjMGcCKMgHEuY\"}],\"interId\":21,\"interName\":\"查询用户列表\",\"method\":\"GET\",\"param\":\"[{\\\"paramName\\\":\\\"page\\\",\\\"value\\\":\\\"1\\\"},{\\\"paramName\\\":\\\"pageSize\\\",\\\"value\\\":\\\"10\\\"}]\",\"paramList\":[{\"paramName\":\"page\",\"value\":\"1\"},{\"paramName\":\"pageSize\",\"value\":\"10\"}],\"paramType\":\"URL\",\"params\":{},\"userId\":1}', '{\"msg\":\"操作成功\",\"code\":200}', 0, NULL, '2024-01-31 11:54:14', 6);
INSERT INTO `sys_oper_log` VALUES (361, '执行用例', 0, 'com.zou.system.controller.TestresultController.execute()', 'POST', 1, 'admin', '研发部门', '/system/testresult/execute', '127.0.0.1', '内网IP', '{\"caseName\":\"测试查询用户列表\",\"envirName\":\"苍穹外卖\",\"fullUrl\":\"http://localhost:8088/admin/employee/page\",\"header\":\"[{\\\"value\\\": \\\"eyJhbGciOiJIUzI1NiJ9.eyJlbXBJZCI6MSwiZXhwIjoxNzA2NjgwNDAwfQ.kTIlqNTNevVdIHiKJtu8Le9B_jpCmPPjMGcCKMgHEuY\\\", \\\"paramName\\\": \\\"token\\\"}]\",\"headerList\":[{\"paramName\":\"token\",\"value\":\"eyJhbGciOiJIUzI1NiJ9.eyJlbXBJZCI6MSwiZXhwIjoxNzA2NjgwNDAwfQ.kTIlqNTNevVdIHiKJtu8Le9B_jpCmPPjMGcCKMgHEuY\"}],\"interId\":21,\"interName\":\"查询用户列表\",\"method\":\"GET\",\"param\":\"[{\\\"value\\\": \\\"1\\\", \\\"paramName\\\": \\\"page\\\"}, {\\\"value\\\": \\\"10\\\", \\\"paramName\\\": \\\"pageSize\\\"}]\",\"paramList\":[{\"paramName\":\"page\",\"value\":\"1\"},{\"paramName\":\"pageSize\",\"value\":\"10\"}],\"paramType\":\"URL\",\"params\":{},\"resBody\":\"{\\\"code\\\":1,\\\"msg\\\":null,\\\"data\\\":{\\\"total\\\":4,\\\"records\\\":[{\\\"id\\\":6,\\\"username\\\":\\\"qwrqwe\\\",\\\"name\\\":\\\"qwe\\\",\\\"password\\\":\\\"e10adc3949ba59abbe56e057f20f883e\\\",\\\"phone\\\":\\\"18979961517\\\",\\\"sex\\\":\\\"1\\\",\\\"idNumber\\\":\\\"123412341234123412\\\",\\\"status\\\":1,\\\"createTime\\\":\\\"2023-09-05 08:09\\\",\\\"updateTime\\\":\\\"2023-09-06 08:43\\\",\\\"createUser\\\":1,\\\"updateUser\\\":1},{\\\"id\\\":3,\\\"username\\\":\\\"test2\\\",\\\"name\\\":\\\"测试员工2\\\",\\\"password\\\":\\\"e10adc3949ba59abbe56e057f20f883e\\\",\\\"phone\\\":\\\"18979961518\\\",\\\"sex\\\":\\\"1\\\",\\\"idNumber\\\":\\\"360311200208251627\\\",\\\"status\\\":1,\\\"createTime\\\":\\\"2023-09-05 07:52\\\",\\\"updateTime\\\":\\\"2023-09-06 08:42\\\",\\\"createUser\\\":10,\\\"updateUser\\\":1},{\\\"id\\\":2,\\\"username\\\":\\\"test\\\",\\\"name\\\":\\\"测试员工\\\",\\\"password\\\":\\\"e10adc3949ba59abbe56e057f20f883e\\\",\\\"phone\\\":\\\"18979961517\\\",\\\"sex\\\":\\\"0\\\",\\\"idNumber\\\":\\\"123412341234123412\\\",\\\"status\\\":1,\\\"createTime\\\":\\\"2023-09-05 07:49\\\",\\\"updateTime\\\":\\\"2023-09-06 08:43\\\",\\\"createUser\\\":10,\\\"updateUser\\\":1},{\\\"id\\\":1,\\\"username\\\":\\\"admin\\\",\\\"name\\\":\\\"管理员\\\",\\\"password\\\":\\\"e10adc3949ba59abbe56e057f20f883e\\\",\\\"phone\\\":\\\"13812312312\\\",\\\"sex\\\":\\\"1\\\",\\\"idNumber\\\":\\\"110101199001010047\\\",\\\"status\\\":1,\\\"createTime\\\":\\\"2022-02-15 15:51\\\",\\\"updateTime\\\":\\\"2022-02-17 09:16\\\",\\\"createUser\\\":10,\\\"updateUser\\\":1}]}}\",\"resCode\":200,\"resultId\":20,\"userId\":1}', '{\"msg\":\"操作成功\",\"code\":200}', 0, NULL, '2024-01-31 11:54:17', 34);
INSERT INTO `sys_oper_log` VALUES (362, '测试结果', 3, 'com.zou.system.controller.TestresultController.remove()', 'DELETE', 1, 'admin', '研发部门', '/system/testresult/20', '127.0.0.1', '内网IP', '{}', '{\"msg\":\"操作成功\",\"code\":200}', 0, NULL, '2024-01-31 11:54:37', 6);
INSERT INTO `sys_oper_log` VALUES (363, '用例管理', 2, 'com.zou.system.controller.CaseinfoController.edit()', 'PUT', 1, 'admin', '研发部门', '/system/case', '127.0.0.1', '内网IP', '{\"caseId\":31,\"caseName\":\"测试查询用户列表\",\"fullUrl\":\"http://localhost:8088/admin/employee/page\",\"header\":\"[{\\\"paramName\\\":\\\"token\\\",\\\"value\\\":\\\"eyJhbGciOiJIUzI1NiJ9.eyJlbXBJZCI6MSwiZXhwIjoxNzA2NjgwNDAwfQ.kTIlqNTNevVdIHiKJtu8Le9B_jpCmPPjMGcCKMgHEuY\\\"}]\",\"headerList\":[{\"paramName\":\"token\",\"value\":\"eyJhbGciOiJIUzI1NiJ9.eyJlbXBJZCI6MSwiZXhwIjoxNzA2NjgwNDAwfQ.kTIlqNTNevVdIHiKJtu8Le9B_jpCmPPjMGcCKMgHEuY\"}],\"interId\":21,\"interName\":\"查询用户列表\",\"method\":\"GET\",\"param\":\"[{\\\"paramName\\\":\\\"page\\\",\\\"value\\\":\\\"1\\\"},{\\\"paramName\\\":\\\"pageSize\\\",\\\"value\\\":\\\"2\\\"}]\",\"paramList\":[{\"paramName\":\"page\",\"value\":\"1\"},{\"paramName\":\"pageSize\",\"value\":\"2\"}],\"paramType\":\"URL\",\"params\":{},\"userId\":1}', '{\"msg\":\"操作成功\",\"code\":200}', 0, NULL, '2024-01-31 11:56:04', 5);
INSERT INTO `sys_oper_log` VALUES (364, '执行用例', 0, 'com.zou.system.controller.TestresultController.execute()', 'POST', 1, 'admin', '研发部门', '/system/testresult/execute', '127.0.0.1', '内网IP', '{\"caseName\":\"测试查询用户列表\",\"envirName\":\"苍穹外卖\",\"fullUrl\":\"http://localhost:8088/admin/employee/page\",\"header\":\"[{\\\"value\\\": \\\"eyJhbGciOiJIUzI1NiJ9.eyJlbXBJZCI6MSwiZXhwIjoxNzA2NjgwNDAwfQ.kTIlqNTNevVdIHiKJtu8Le9B_jpCmPPjMGcCKMgHEuY\\\", \\\"paramName\\\": \\\"token\\\"}]\",\"headerList\":[{\"paramName\":\"token\",\"value\":\"eyJhbGciOiJIUzI1NiJ9.eyJlbXBJZCI6MSwiZXhwIjoxNzA2NjgwNDAwfQ.kTIlqNTNevVdIHiKJtu8Le9B_jpCmPPjMGcCKMgHEuY\"}],\"interId\":21,\"interName\":\"查询用户列表\",\"method\":\"GET\",\"param\":\"[{\\\"value\\\": \\\"1\\\", \\\"paramName\\\": \\\"page\\\"}, {\\\"value\\\": \\\"2\\\", \\\"paramName\\\": \\\"pageSize\\\"}]\",\"paramList\":[{\"paramName\":\"page\",\"value\":\"1\"},{\"paramName\":\"pageSize\",\"value\":\"2\"}],\"paramType\":\"URL\",\"params\":{},\"resBody\":\"{\\\"code\\\":1,\\\"msg\\\":null,\\\"data\\\":{\\\"total\\\":4,\\\"records\\\":[{\\\"id\\\":6,\\\"username\\\":\\\"qwrqwe\\\",\\\"name\\\":\\\"qwe\\\",\\\"password\\\":\\\"e10adc3949ba59abbe56e057f20f883e\\\",\\\"phone\\\":\\\"18979961517\\\",\\\"sex\\\":\\\"1\\\",\\\"idNumber\\\":\\\"123412341234123412\\\",\\\"status\\\":1,\\\"createTime\\\":\\\"2023-09-05 08:09\\\",\\\"updateTime\\\":\\\"2023-09-06 08:43\\\",\\\"createUser\\\":1,\\\"updateUser\\\":1},{\\\"id\\\":3,\\\"username\\\":\\\"test2\\\",\\\"name\\\":\\\"测试员工2\\\",\\\"password\\\":\\\"e10adc3949ba59abbe56e057f20f883e\\\",\\\"phone\\\":\\\"18979961518\\\",\\\"sex\\\":\\\"1\\\",\\\"idNumber\\\":\\\"360311200208251627\\\",\\\"status\\\":1,\\\"createTime\\\":\\\"2023-09-05 07:52\\\",\\\"updateTime\\\":\\\"2023-09-06 08:42\\\",\\\"createUser\\\":10,\\\"updateUser\\\":1}]}}\",\"resCode\":200,\"resultId\":21,\"userId\":1}', '{\"msg\":\"操作成功\",\"code\":200}', 0, NULL, '2024-01-31 11:56:06', 30);
INSERT INTO `sys_oper_log` VALUES (365, '用例管理', 2, 'com.zou.system.controller.CaseinfoController.edit()', 'PUT', 1, 'admin', '研发部门', '/system/case', '127.0.0.1', '内网IP', '{\"caseId\":31,\"caseName\":\"测试查询用户列表\",\"fullUrl\":\"http://localhost:8088/admin/employee/page\",\"header\":\"[{\\\"paramName\\\":\\\"token\\\",\\\"value\\\":\\\"eyJhbGciOiJIUzI1NiJ9.eyJlbXBJZCI6MSwiZXhwIjoxNzA2NjgwNDAwfQ.kTIlqNTNevVdIHiKJtu8Le9B_jpCmPPjMGcCKMgHEuY\\\"}]\",\"headerList\":[{\"paramName\":\"token\",\"value\":\"eyJhbGciOiJIUzI1NiJ9.eyJlbXBJZCI6MSwiZXhwIjoxNzA2NjgwNDAwfQ.kTIlqNTNevVdIHiKJtu8Le9B_jpCmPPjMGcCKMgHEuY\"}],\"interId\":21,\"interName\":\"查询用户列表\",\"method\":\"GET\",\"param\":\"[{\\\"paramName\\\":\\\"page\\\",\\\"value\\\":\\\"1\\\"},{\\\"paramName\\\":\\\"pageSize\\\",\\\"value\\\":\\\"1\\\"}]\",\"paramList\":[{\"paramName\":\"page\",\"value\":\"1\"},{\"paramName\":\"pageSize\",\"value\":\"1\"}],\"paramType\":\"URL\",\"params\":{},\"userId\":1}', '{\"msg\":\"操作成功\",\"code\":200}', 0, NULL, '2024-01-31 11:56:20', 5);
INSERT INTO `sys_oper_log` VALUES (366, '执行用例', 0, 'com.zou.system.controller.TestresultController.execute()', 'POST', 1, 'admin', '研发部门', '/system/testresult/execute', '127.0.0.1', '内网IP', '{\"caseName\":\"测试查询用户列表\",\"envirName\":\"苍穹外卖\",\"fullUrl\":\"http://localhost:8088/admin/employee/page\",\"header\":\"[{\\\"value\\\": \\\"eyJhbGciOiJIUzI1NiJ9.eyJlbXBJZCI6MSwiZXhwIjoxNzA2NjgwNDAwfQ.kTIlqNTNevVdIHiKJtu8Le9B_jpCmPPjMGcCKMgHEuY\\\", \\\"paramName\\\": \\\"token\\\"}]\",\"headerList\":[{\"paramName\":\"token\",\"value\":\"eyJhbGciOiJIUzI1NiJ9.eyJlbXBJZCI6MSwiZXhwIjoxNzA2NjgwNDAwfQ.kTIlqNTNevVdIHiKJtu8Le9B_jpCmPPjMGcCKMgHEuY\"}],\"interId\":21,\"interName\":\"查询用户列表\",\"method\":\"GET\",\"param\":\"[{\\\"value\\\": \\\"1\\\", \\\"paramName\\\": \\\"page\\\"}, {\\\"value\\\": \\\"1\\\", \\\"paramName\\\": \\\"pageSize\\\"}]\",\"paramList\":[{\"paramName\":\"page\",\"value\":\"1\"},{\"paramName\":\"pageSize\",\"value\":\"1\"}],\"paramType\":\"URL\",\"params\":{},\"resBody\":\"{\\\"code\\\":1,\\\"msg\\\":null,\\\"data\\\":{\\\"total\\\":4,\\\"records\\\":[{\\\"id\\\":6,\\\"username\\\":\\\"qwrqwe\\\",\\\"name\\\":\\\"qwe\\\",\\\"password\\\":\\\"e10adc3949ba59abbe56e057f20f883e\\\",\\\"phone\\\":\\\"18979961517\\\",\\\"sex\\\":\\\"1\\\",\\\"idNumber\\\":\\\"123412341234123412\\\",\\\"status\\\":1,\\\"createTime\\\":\\\"2023-09-05 08:09\\\",\\\"updateTime\\\":\\\"2023-09-06 08:43\\\",\\\"createUser\\\":1,\\\"updateUser\\\":1}]}}\",\"resCode\":200,\"resultId\":22,\"userId\":1}', '{\"msg\":\"操作成功\",\"code\":200}', 0, NULL, '2024-01-31 11:56:21', 26);
INSERT INTO `sys_oper_log` VALUES (367, '测试结果', 3, 'com.zou.system.controller.TestresultController.remove()', 'DELETE', 1, 'admin', '研发部门', '/system/testresult/19', '127.0.0.1', '内网IP', '{}', '{\"msg\":\"操作成功\",\"code\":200}', 0, NULL, '2024-01-31 11:56:34', 4);
INSERT INTO `sys_oper_log` VALUES (368, '接口管理', 1, 'com.zou.system.controller.InterinfoController.add()', 'POST', 1, 'admin', '研发部门', '/system/interinfo', '127.0.0.1', '内网IP', '{\"caseinfoList\":[],\"envirId\":17,\"interId\":22,\"interName\":\"新增地址\",\"interUrl\":\"/user/addressBook\",\"method\":\"POST\",\"paramType\":\"JSON\",\"params\":{},\"userId\":1}', '{\"msg\":\"操作成功\",\"code\":200}', 0, NULL, '2024-01-31 11:58:26', 7);
INSERT INTO `sys_oper_log` VALUES (369, '用例管理', 1, 'com.zou.system.controller.CaseinfoController.add()', 'POST', 1, 'admin', '研发部门', '/system/case', '127.0.0.1', '内网IP', '{\"caseId\":32,\"caseName\":\"测试新增地址\",\"header\":\"[{\\\"paramName\\\":\\\"token\\\",\\\"value\\\":\\\"\\\"}]\",\"headerList\":[{\"paramName\":\"token\",\"value\":\"\"}],\"interId\":22,\"param\":\"[{\\\"paramName\\\":\\\"detail\\\",\\\"value\\\":\\\"江西\\\"},{\\\"paramName\\\":\\\"phone\\\",\\\"value\\\":\\\"1234\\\"},{\\\"paramName\\\":\\\"sex\\\",\\\"value\\\":\\\"男\\\"}]\",\"paramList\":[{\"paramName\":\"detail\",\"value\":\"江西\"},{\"paramName\":\"phone\",\"value\":\"1234\"},{\"paramName\":\"sex\",\"value\":\"男\"}],\"params\":{},\"userId\":1}', '{\"msg\":\"操作成功\",\"code\":200}', 0, NULL, '2024-01-31 11:59:26', 7);
INSERT INTO `sys_oper_log` VALUES (370, '用例管理', 2, 'com.zou.system.controller.CaseinfoController.edit()', 'PUT', 1, 'admin', '研发部门', '/system/case', '127.0.0.1', '内网IP', '{\"caseId\":32,\"caseName\":\"测试新增地址\",\"fullUrl\":\"http://localhost:8088/user/addressBook\",\"header\":\"[{\\\"paramName\\\":\\\"token\\\",\\\"value\\\":\\\"eyJhbGciOiJIUzI1NiJ9.eyJlbXBJZCI6MSwiZXhwIjoxNzA2NjgwNDAwfQ.kTIlqNTNevVdIHiKJtu8Le9B_jpCmPPjMGcCKMgHEuY\\\"}]\",\"headerList\":[{\"paramName\":\"token\",\"value\":\"eyJhbGciOiJIUzI1NiJ9.eyJlbXBJZCI6MSwiZXhwIjoxNzA2NjgwNDAwfQ.kTIlqNTNevVdIHiKJtu8Le9B_jpCmPPjMGcCKMgHEuY\"}],\"interId\":22,\"interName\":\"新增地址\",\"method\":\"POST\",\"param\":\"[{\\\"paramName\\\":\\\"detail\\\",\\\"value\\\":\\\"江西\\\"},{\\\"paramName\\\":\\\"phone\\\",\\\"value\\\":\\\"1234\\\"},{\\\"paramName\\\":\\\"sex\\\",\\\"value\\\":\\\"男\\\"}]\",\"paramList\":[{\"paramName\":\"detail\",\"value\":\"江西\"},{\"paramName\":\"phone\",\"value\":\"1234\"},{\"paramName\":\"sex\",\"value\":\"男\"}],\"paramType\":\"JSON\",\"params\":{},\"userId\":1}', '{\"msg\":\"操作成功\",\"code\":200}', 0, NULL, '2024-01-31 11:59:51', 5);
INSERT INTO `sys_oper_log` VALUES (371, '执行用例', 0, 'com.zou.system.controller.TestresultController.execute()', 'POST', 1, 'admin', '研发部门', '/system/testresult/execute', '127.0.0.1', '内网IP', '{\"caseName\":\"测试新增地址\",\"envirName\":\"苍穹外卖\",\"fullUrl\":\"http://localhost:8088/user/addressBook\",\"header\":\"[{\\\"value\\\": \\\"eyJhbGciOiJIUzI1NiJ9.eyJlbXBJZCI6MSwiZXhwIjoxNzA2NjgwNDAwfQ.kTIlqNTNevVdIHiKJtu8Le9B_jpCmPPjMGcCKMgHEuY\\\", \\\"paramName\\\": \\\"token\\\"}]\",\"headerList\":[{\"paramName\":\"token\",\"value\":\"eyJhbGciOiJIUzI1NiJ9.eyJlbXBJZCI6MSwiZXhwIjoxNzA2NjgwNDAwfQ.kTIlqNTNevVdIHiKJtu8Le9B_jpCmPPjMGcCKMgHEuY\"}],\"interId\":22,\"interName\":\"新增地址\",\"method\":\"POST\",\"param\":\"[{\\\"value\\\": \\\"江西\\\", \\\"paramName\\\": \\\"detail\\\"}, {\\\"value\\\": \\\"1234\\\", \\\"paramName\\\": \\\"phone\\\"}, {\\\"value\\\": \\\"男\\\", \\\"paramName\\\": \\\"sex\\\"}]\",\"paramList\":[{\"paramName\":\"detail\",\"value\":\"江西\"},{\"paramName\":\"phone\",\"value\":\"1234\"},{\"paramName\":\"sex\",\"value\":\"男\"}],\"paramType\":\"JSON\",\"params\":{},\"resBody\":\"\",\"resCode\":401,\"resultId\":23,\"userId\":1}', '{\"msg\":\"操作成功\",\"code\":200}', 0, NULL, '2024-01-31 11:59:57', 54);
INSERT INTO `sys_oper_log` VALUES (372, '执行用例', 0, 'com.zou.system.controller.TestresultController.execute()', 'POST', 1, 'admin', '研发部门', '/system/testresult/execute', '127.0.0.1', '内网IP', '{\"caseName\":\"测试查询用户列表\",\"envirName\":\"苍穹外卖\",\"fullUrl\":\"http://localhost:8088/admin/employee/page\",\"header\":\"[{\\\"value\\\": \\\"eyJhbGciOiJIUzI1NiJ9.eyJlbXBJZCI6MSwiZXhwIjoxNzA2NjgwNDAwfQ.kTIlqNTNevVdIHiKJtu8Le9B_jpCmPPjMGcCKMgHEuY\\\", \\\"paramName\\\": \\\"token\\\"}]\",\"headerList\":[{\"paramName\":\"token\",\"value\":\"eyJhbGciOiJIUzI1NiJ9.eyJlbXBJZCI6MSwiZXhwIjoxNzA2NjgwNDAwfQ.kTIlqNTNevVdIHiKJtu8Le9B_jpCmPPjMGcCKMgHEuY\"}],\"interId\":21,\"interName\":\"查询用户列表\",\"method\":\"GET\",\"param\":\"[{\\\"value\\\": \\\"1\\\", \\\"paramName\\\": \\\"page\\\"}, {\\\"value\\\": \\\"1\\\", \\\"paramName\\\": \\\"pageSize\\\"}]\",\"paramList\":[{\"paramName\":\"page\",\"value\":\"1\"},{\"paramName\":\"pageSize\",\"value\":\"1\"}],\"paramType\":\"URL\",\"params\":{},\"resBody\":\"{\\\"code\\\":1,\\\"msg\\\":null,\\\"data\\\":{\\\"total\\\":4,\\\"records\\\":[{\\\"id\\\":6,\\\"username\\\":\\\"qwrqwe\\\",\\\"name\\\":\\\"qwe\\\",\\\"password\\\":\\\"e10adc3949ba59abbe56e057f20f883e\\\",\\\"phone\\\":\\\"18979961517\\\",\\\"sex\\\":\\\"1\\\",\\\"idNumber\\\":\\\"123412341234123412\\\",\\\"status\\\":1,\\\"createTime\\\":\\\"2023-09-05 08:09\\\",\\\"updateTime\\\":\\\"2023-09-06 08:43\\\",\\\"createUser\\\":1,\\\"updateUser\\\":1}]}}\",\"resCode\":200,\"resultId\":24,\"userId\":1}', '{\"msg\":\"操作成功\",\"code\":200}', 0, NULL, '2024-01-31 12:02:02', 69);
INSERT INTO `sys_oper_log` VALUES (373, '执行用例', 0, 'com.zou.system.controller.TestresultController.execute()', 'POST', 1, 'admin', '研发部门', '/system/testresult/execute', '127.0.0.1', '内网IP', '{\"caseName\":\"测试新增地址\",\"envirName\":\"苍穹外卖\",\"fullUrl\":\"http://localhost:8088/user/addressBook\",\"header\":\"[{\\\"value\\\": \\\"eyJhbGciOiJIUzI1NiJ9.eyJlbXBJZCI6MSwiZXhwIjoxNzA2NjgwNDAwfQ.kTIlqNTNevVdIHiKJtu8Le9B_jpCmPPjMGcCKMgHEuY\\\", \\\"paramName\\\": \\\"token\\\"}]\",\"headerList\":[{\"paramName\":\"token\",\"value\":\"eyJhbGciOiJIUzI1NiJ9.eyJlbXBJZCI6MSwiZXhwIjoxNzA2NjgwNDAwfQ.kTIlqNTNevVdIHiKJtu8Le9B_jpCmPPjMGcCKMgHEuY\"}],\"interId\":22,\"interName\":\"新增地址\",\"method\":\"POST\",\"param\":\"[{\\\"value\\\": \\\"江西\\\", \\\"paramName\\\": \\\"detail\\\"}, {\\\"value\\\": \\\"1234\\\", \\\"paramName\\\": \\\"phone\\\"}, {\\\"value\\\": \\\"男\\\", \\\"paramName\\\": \\\"sex\\\"}]\",\"paramList\":[{\"paramName\":\"detail\",\"value\":\"江西\"},{\"paramName\":\"phone\",\"value\":\"1234\"},{\"paramName\":\"sex\",\"value\":\"男\"}],\"paramType\":\"JSON\",\"params\":{},\"resBody\":\"{\\\"code\\\":0,\\\"msg\\\":\\\"未知错误\\\",\\\"data\\\":null}\",\"resCode\":200,\"resultId\":25,\"userId\":1}', '{\"msg\":\"操作成功\",\"code\":200}', 0, NULL, '2024-01-31 12:08:08', 462);
INSERT INTO `sys_oper_log` VALUES (374, '执行用例', 0, 'com.zou.system.controller.TestresultController.execute()', 'POST', 1, 'admin', '研发部门', '/system/testresult/execute', '127.0.0.1', '内网IP', '{\"caseName\":\"测试新增地址\",\"envirName\":\"苍穹外卖\",\"fullUrl\":\"http://localhost:8088/user/addressBook\",\"header\":\"[{\\\"value\\\": \\\"eyJhbGciOiJIUzI1NiJ9.eyJlbXBJZCI6MSwiZXhwIjoxNzA2NjgwNDAwfQ.kTIlqNTNevVdIHiKJtu8Le9B_jpCmPPjMGcCKMgHEuY\\\", \\\"paramName\\\": \\\"token\\\"}]\",\"headerList\":[{\"paramName\":\"token\",\"value\":\"eyJhbGciOiJIUzI1NiJ9.eyJlbXBJZCI6MSwiZXhwIjoxNzA2NjgwNDAwfQ.kTIlqNTNevVdIHiKJtu8Le9B_jpCmPPjMGcCKMgHEuY\"}],\"interId\":22,\"interName\":\"新增地址\",\"method\":\"POST\",\"param\":\"[{\\\"value\\\": \\\"江西\\\", \\\"paramName\\\": \\\"detail\\\"}, {\\\"value\\\": \\\"1234\\\", \\\"paramName\\\": \\\"phone\\\"}, {\\\"value\\\": \\\"男\\\", \\\"paramName\\\": \\\"sex\\\"}]\",\"paramList\":[{\"paramName\":\"detail\",\"value\":\"江西\"},{\"paramName\":\"phone\",\"value\":\"1234\"},{\"paramName\":\"sex\",\"value\":\"男\"}],\"paramType\":\"JSON\",\"params\":{},\"resBody\":\"{\\\"code\\\":0,\\\"msg\\\":\\\"未知错误\\\",\\\"data\\\":null}\",\"resCode\":200,\"resultId\":26,\"userId\":1}', '{\"msg\":\"操作成功\",\"code\":200}', 0, NULL, '2024-01-31 12:11:46', 538);
INSERT INTO `sys_oper_log` VALUES (375, '用例管理', 2, 'com.zou.system.controller.CaseinfoController.edit()', 'PUT', 1, 'admin', '研发部门', '/system/case', '127.0.0.1', '内网IP', '{\"caseId\":32,\"caseName\":\"测试新增地址\",\"fullUrl\":\"http://localhost:8088/user/addressBook\",\"header\":\"[{\\\"paramName\\\":\\\"token\\\",\\\"value\\\":\\\"eyJhbGciOiJIUzI1NiJ9.eyJlbXBJZCI6MSwiZXhwIjoxNzA2NjgwNDAwfQ.kTIlqNTNevVdIHiKJtu8Le9B_jpCmPPjMGcCKMgHEuY\\\"}]\",\"headerList\":[{\"paramName\":\"token\",\"value\":\"eyJhbGciOiJIUzI1NiJ9.eyJlbXBJZCI6MSwiZXhwIjoxNzA2NjgwNDAwfQ.kTIlqNTNevVdIHiKJtu8Le9B_jpCmPPjMGcCKMgHEuY\"}],\"interId\":22,\"interName\":\"新增地址\",\"method\":\"POST\",\"param\":\"[{\\\"paramName\\\":\\\"detail\\\",\\\"value\\\":\\\"江西\\\"},{\\\"paramName\\\":\\\"phone\\\",\\\"value\\\":\\\"1234\\\"},{\\\"paramName\\\":\\\"sex\\\",\\\"value\\\":\\\"男\\\"},{\\\"paramName\\\":\\\"user_id\\\",\\\"value\\\":\\\"1\\\"}]\",\"paramList\":[{\"paramName\":\"detail\",\"value\":\"江西\"},{\"paramName\":\"phone\",\"value\":\"1234\"},{\"paramName\":\"sex\",\"value\":\"男\"},{\"paramName\":\"user_id\",\"value\":\"1\"}],\"paramType\":\"JSON\",\"params\":{},\"userId\":1}', '{\"msg\":\"操作成功\",\"code\":200}', 0, NULL, '2024-01-31 12:13:01', 11);
INSERT INTO `sys_oper_log` VALUES (376, '执行用例', 0, 'com.zou.system.controller.TestresultController.execute()', 'POST', 1, 'admin', '研发部门', '/system/testresult/execute', '127.0.0.1', '内网IP', '{\"caseName\":\"测试新增地址\",\"envirName\":\"苍穹外卖\",\"fullUrl\":\"http://localhost:8088/user/addressBook\",\"header\":\"[{\\\"value\\\": \\\"eyJhbGciOiJIUzI1NiJ9.eyJlbXBJZCI6MSwiZXhwIjoxNzA2NjgwNDAwfQ.kTIlqNTNevVdIHiKJtu8Le9B_jpCmPPjMGcCKMgHEuY\\\", \\\"paramName\\\": \\\"token\\\"}]\",\"headerList\":[{\"paramName\":\"token\",\"value\":\"eyJhbGciOiJIUzI1NiJ9.eyJlbXBJZCI6MSwiZXhwIjoxNzA2NjgwNDAwfQ.kTIlqNTNevVdIHiKJtu8Le9B_jpCmPPjMGcCKMgHEuY\"}],\"interId\":22,\"interName\":\"新增地址\",\"method\":\"POST\",\"param\":\"[{\\\"value\\\": \\\"江西\\\", \\\"paramName\\\": \\\"detail\\\"}, {\\\"value\\\": \\\"1234\\\", \\\"paramName\\\": \\\"phone\\\"}, {\\\"value\\\": \\\"男\\\", \\\"paramName\\\": \\\"sex\\\"}, {\\\"value\\\": \\\"1\\\", \\\"paramName\\\": \\\"user_id\\\"}]\",\"paramList\":[{\"paramName\":\"detail\",\"value\":\"江西\"},{\"paramName\":\"phone\",\"value\":\"1234\"},{\"paramName\":\"sex\",\"value\":\"男\"},{\"paramName\":\"user_id\",\"value\":\"1\"}],\"paramType\":\"JSON\",\"params\":{},\"resBody\":\"{\\\"code\\\":0,\\\"msg\\\":\\\"未知错误\\\",\\\"data\\\":null}\",\"resCode\":200,\"resultId\":27,\"userId\":1}', '{\"msg\":\"操作成功\",\"code\":200}', 0, NULL, '2024-01-31 12:13:03', 26);
INSERT INTO `sys_oper_log` VALUES (377, '执行用例', 0, 'com.zou.system.controller.TestresultController.execute()', 'POST', 1, 'admin', '研发部门', '/system/testresult/execute', '127.0.0.1', '内网IP', '{\"caseName\":\"测试新增地址\",\"envirName\":\"苍穹外卖\",\"fullUrl\":\"http://localhost:8088/user/addressBook\",\"header\":\"[{\\\"value\\\": \\\"eyJhbGciOiJIUzI1NiJ9.eyJlbXBJZCI6MSwiZXhwIjoxNzA2NjgwNDAwfQ.kTIlqNTNevVdIHiKJtu8Le9B_jpCmPPjMGcCKMgHEuY\\\", \\\"paramName\\\": \\\"token\\\"}]\",\"headerList\":[{\"paramName\":\"token\",\"value\":\"eyJhbGciOiJIUzI1NiJ9.eyJlbXBJZCI6MSwiZXhwIjoxNzA2NjgwNDAwfQ.kTIlqNTNevVdIHiKJtu8Le9B_jpCmPPjMGcCKMgHEuY\"}],\"interId\":22,\"interName\":\"新增地址\",\"method\":\"POST\",\"param\":\"[{\\\"value\\\": \\\"江西\\\", \\\"paramName\\\": \\\"detail\\\"}, {\\\"value\\\": \\\"1234\\\", \\\"paramName\\\": \\\"phone\\\"}, {\\\"value\\\": \\\"男\\\", \\\"paramName\\\": \\\"sex\\\"}, {\\\"value\\\": \\\"1\\\", \\\"paramName\\\": \\\"user_id\\\"}]\",\"paramList\":[{\"paramName\":\"detail\",\"value\":\"江西\"},{\"paramName\":\"phone\",\"value\":\"1234\"},{\"paramName\":\"sex\",\"value\":\"男\"},{\"paramName\":\"user_id\",\"value\":\"1\"}],\"paramType\":\"JSON\",\"params\":{},\"resBody\":\"{\\\"code\\\":0,\\\"msg\\\":\\\"未知错误\\\",\\\"data\\\":null}\",\"resCode\":200,\"resultId\":28,\"userId\":1}', '{\"msg\":\"操作成功\",\"code\":200}', 0, NULL, '2024-01-31 12:13:54', 629);
INSERT INTO `sys_oper_log` VALUES (378, '用例管理', 2, 'com.zou.system.controller.CaseinfoController.edit()', 'PUT', 1, 'admin', '研发部门', '/system/case', '127.0.0.1', '内网IP', '{\"caseId\":32,\"caseName\":\"测试新增地址\",\"fullUrl\":\"http://localhost:8088/user/addressBook\",\"header\":\"[{\\\"paramName\\\":\\\"token\\\",\\\"value\\\":\\\"eyJhbGciOiJIUzI1NiJ9.eyJlbXBJZCI6MSwiZXhwIjoxNzA2NjgwNDAwfQ.kTIlqNTNevVdIHiKJtu8Le9B_jpCmPPjMGcCKMgHEuY\\\"}]\",\"headerList\":[{\"paramName\":\"token\",\"value\":\"eyJhbGciOiJIUzI1NiJ9.eyJlbXBJZCI6MSwiZXhwIjoxNzA2NjgwNDAwfQ.kTIlqNTNevVdIHiKJtu8Le9B_jpCmPPjMGcCKMgHEuY\"}],\"interId\":22,\"interName\":\"新增地址\",\"method\":\"POST\",\"param\":\"[{\\\"paramName\\\":\\\"detail\\\",\\\"value\\\":\\\"江西\\\"},{\\\"paramName\\\":\\\"phone\\\",\\\"value\\\":\\\"1234\\\"},{\\\"paramName\\\":\\\"sex\\\",\\\"value\\\":\\\"男\\\"},{\\\"paramName\\\":\\\"userId\\\",\\\"value\\\":\\\"1\\\"}]\",\"paramList\":[{\"paramName\":\"detail\",\"value\":\"江西\"},{\"paramName\":\"phone\",\"value\":\"1234\"},{\"paramName\":\"sex\",\"value\":\"男\"},{\"paramName\":\"userId\",\"value\":\"1\"}],\"paramType\":\"JSON\",\"params\":{},\"userId\":1}', '{\"msg\":\"操作成功\",\"code\":200}', 0, NULL, '2024-01-31 12:14:35', 5);
INSERT INTO `sys_oper_log` VALUES (379, '执行用例', 0, 'com.zou.system.controller.TestresultController.execute()', 'POST', 1, 'admin', '研发部门', '/system/testresult/execute', '127.0.0.1', '内网IP', '{\"caseName\":\"测试新增地址\",\"envirName\":\"苍穹外卖\",\"fullUrl\":\"http://localhost:8088/user/addressBook\",\"header\":\"[{\\\"value\\\": \\\"eyJhbGciOiJIUzI1NiJ9.eyJlbXBJZCI6MSwiZXhwIjoxNzA2NjgwNDAwfQ.kTIlqNTNevVdIHiKJtu8Le9B_jpCmPPjMGcCKMgHEuY\\\", \\\"paramName\\\": \\\"token\\\"}]\",\"headerList\":[{\"paramName\":\"token\",\"value\":\"eyJhbGciOiJIUzI1NiJ9.eyJlbXBJZCI6MSwiZXhwIjoxNzA2NjgwNDAwfQ.kTIlqNTNevVdIHiKJtu8Le9B_jpCmPPjMGcCKMgHEuY\"}],\"interId\":22,\"interName\":\"新增地址\",\"method\":\"POST\",\"param\":\"[{\\\"value\\\": \\\"江西\\\", \\\"paramName\\\": \\\"detail\\\"}, {\\\"value\\\": \\\"1234\\\", \\\"paramName\\\": \\\"phone\\\"}, {\\\"value\\\": \\\"男\\\", \\\"paramName\\\": \\\"sex\\\"}, {\\\"value\\\": \\\"1\\\", \\\"paramName\\\": \\\"userId\\\"}]\",\"paramList\":[{\"paramName\":\"detail\",\"value\":\"江西\"},{\"paramName\":\"phone\",\"value\":\"1234\"},{\"paramName\":\"sex\",\"value\":\"男\"},{\"paramName\":\"userId\",\"value\":\"1\"}],\"paramType\":\"JSON\",\"params\":{},\"resBody\":\"{\\\"code\\\":1,\\\"msg\\\":null,\\\"data\\\":null}\",\"resCode\":200,\"resultId\":29,\"userId\":1}', '{\"msg\":\"操作成功\",\"code\":200}', 0, NULL, '2024-01-31 12:14:36', 35);
INSERT INTO `sys_oper_log` VALUES (380, '接口管理', 1, 'com.zou.system.controller.InterinfoController.add()', 'POST', 1, 'admin', '研发部门', '/system/interinfo', '127.0.0.1', '内网IP', '{\"caseinfoList\":[],\"envirId\":17,\"interId\":23,\"interName\":\"根据id修改地址\",\"interUrl\":\"/user/addressBook\",\"method\":\"PUT\",\"paramType\":\"JSON\",\"params\":{},\"userId\":1}', '{\"msg\":\"操作成功\",\"code\":200}', 0, NULL, '2024-01-31 12:16:15', 9);
INSERT INTO `sys_oper_log` VALUES (381, '用例管理', 1, 'com.zou.system.controller.CaseinfoController.add()', 'POST', 1, 'admin', '研发部门', '/system/case', '127.0.0.1', '内网IP', '{\"caseId\":33,\"caseName\":\"测试修改地址\",\"header\":\"[]\",\"headerList\":[],\"interId\":23,\"param\":\"[{\\\"paramName\\\":\\\"detail\\\",\\\"value\\\":\\\"湖南\\\"},{\\\"paramName\\\":\\\"id\\\",\\\"value\\\":\\\"7\\\"},{\\\"paramName\\\":\\\"phone\\\",\\\"value\\\":\\\"5678\\\"},{\\\"paramName\\\":\\\"sex\\\",\\\"value\\\":\\\"女\\\"}]\",\"paramList\":[{\"paramName\":\"detail\",\"value\":\"湖南\"},{\"paramName\":\"id\",\"value\":\"7\"},{\"paramName\":\"phone\",\"value\":\"5678\"},{\"paramName\":\"sex\",\"value\":\"女\"}],\"params\":{},\"userId\":1}', '{\"msg\":\"操作成功\",\"code\":200}', 0, NULL, '2024-01-31 12:17:26', 8);
INSERT INTO `sys_oper_log` VALUES (382, '执行用例', 0, 'com.zou.system.controller.TestresultController.execute()', 'POST', 1, 'admin', '研发部门', '/system/testresult/execute', '127.0.0.1', '内网IP', '{\"caseName\":\"测试修改地址\",\"envirName\":\"苍穹外卖\",\"fullUrl\":\"http://localhost:8088/user/addressBook\",\"header\":\"[]\",\"headerList\":[],\"interId\":23,\"interName\":\"根据id修改地址\",\"method\":\"PUT\",\"param\":\"[{\\\"value\\\": \\\"湖南\\\", \\\"paramName\\\": \\\"detail\\\"}, {\\\"value\\\": \\\"7\\\", \\\"paramName\\\": \\\"id\\\"}, {\\\"value\\\": \\\"5678\\\", \\\"paramName\\\": \\\"phone\\\"}, {\\\"value\\\": \\\"女\\\", \\\"paramName\\\": \\\"sex\\\"}]\",\"paramList\":[{\"paramName\":\"detail\",\"value\":\"湖南\"},{\"paramName\":\"id\",\"value\":\"7\"},{\"paramName\":\"phone\",\"value\":\"5678\"},{\"paramName\":\"sex\",\"value\":\"女\"}],\"paramType\":\"JSON\",\"params\":{},\"resBody\":\"{\\\"code\\\":1,\\\"msg\\\":null,\\\"data\\\":null}\",\"resCode\":200,\"resultId\":30,\"userId\":1}', '{\"msg\":\"操作成功\",\"code\":200}', 0, NULL, '2024-01-31 12:17:31', 160);
INSERT INTO `sys_oper_log` VALUES (383, '接口管理', 1, 'com.zou.system.controller.InterinfoController.add()', 'POST', 1, 'admin', '研发部门', '/system/interinfo', '127.0.0.1', '内网IP', '{\"caseinfoList\":[],\"envirId\":17,\"interId\":24,\"interName\":\"根据id删除地址\",\"interUrl\":\"/user/addressBook\",\"method\":\"DELETE\",\"paramType\":\"URL\",\"params\":{},\"userId\":1}', '{\"msg\":\"操作成功\",\"code\":200}', 0, NULL, '2024-01-31 12:18:10', 5);
INSERT INTO `sys_oper_log` VALUES (384, '用例管理', 1, 'com.zou.system.controller.CaseinfoController.add()', 'POST', 1, 'admin', '研发部门', '/system/case', '127.0.0.1', '内网IP', '{\"caseId\":34,\"caseName\":\"测试删除地址\",\"header\":\"[]\",\"headerList\":[],\"interId\":24,\"param\":\"[{\\\"paramName\\\":\\\"id\\\",\\\"value\\\":\\\"7\\\"}]\",\"paramList\":[{\"paramName\":\"id\",\"value\":\"7\"}],\"params\":{},\"userId\":1}', '{\"msg\":\"操作成功\",\"code\":200}', 0, NULL, '2024-01-31 12:18:28', 4);
INSERT INTO `sys_oper_log` VALUES (385, '执行用例', 0, 'com.zou.system.controller.TestresultController.execute()', 'POST', 1, 'admin', '研发部门', '/system/testresult/execute', '127.0.0.1', '内网IP', '{\"caseName\":\"测试删除地址\",\"envirName\":\"苍穹外卖\",\"fullUrl\":\"http://localhost:8088/user/addressBook\",\"header\":\"[]\",\"headerList\":[],\"interId\":24,\"interName\":\"根据id删除地址\",\"method\":\"DELETE\",\"param\":\"[{\\\"value\\\": \\\"7\\\", \\\"paramName\\\": \\\"id\\\"}]\",\"paramList\":[{\"paramName\":\"id\",\"value\":\"7\"}],\"paramType\":\"URL\",\"params\":{},\"resBody\":\"{\\\"code\\\":1,\\\"msg\\\":null,\\\"data\\\":null}\",\"resCode\":200,\"resultId\":31,\"userId\":1}', '{\"msg\":\"操作成功\",\"code\":200}', 0, NULL, '2024-01-31 12:18:32', 111);
INSERT INTO `sys_oper_log` VALUES (386, '用例管理', 3, 'com.zou.system.controller.CaseinfoController.remove()', 'DELETE', 1, 'admin', '研发部门', '/system/case/24', '127.0.0.1', '内网IP', '{}', '{\"msg\":\"操作成功\",\"code\":200}', 0, NULL, '2024-01-31 12:19:09', 11);
INSERT INTO `sys_oper_log` VALUES (387, '菜单管理', 2, 'com.zou.web.controller.system.SysMenuController.edit()', 'PUT', 1, 'admin', '研发部门', '/system/menu', '127.0.0.1', '内网IP', '{\"children\":[],\"component\":\"\",\"createTime\":\"2024-01-28 11:24:01\",\"icon\":\"#\",\"isCache\":\"0\",\"isFrame\":\"1\",\"menuId\":2024,\"menuName\":\"测试结果导出\",\"menuType\":\"F\",\"orderNum\":5,\"params\":{},\"parentId\":2019,\"path\":\"#\",\"perms\":\"system:testresult:export\",\"status\":\"1\",\"updateBy\":\"admin\",\"visible\":\"0\"}', '{\"msg\":\"操作成功\",\"code\":200}', 0, NULL, '2024-01-31 12:26:23', 30);
INSERT INTO `sys_oper_log` VALUES (388, '测试结果', 3, 'com.zou.system.controller.TestresultController.remove()', 'DELETE', 1, 'admin', '研发部门', '/system/testresult/2', '127.0.0.1', '内网IP', '{}', '{\"msg\":\"操作成功\",\"code\":200}', 0, NULL, '2024-01-31 14:17:15', 117);
INSERT INTO `sys_oper_log` VALUES (389, '执行用例', 0, 'com.zou.system.controller.TestresultController.execute()', 'POST', 1, 'admin', '研发部门', '/system/testresult/execute', '127.0.0.1', '内网IP', '{\"caseName\":\"测试用户登录\",\"envirName\":\"苍穹外卖\",\"fullUrl\":\"http://localhost:8088/admin/employee/login\",\"header\":\"[]\",\"headerList\":[],\"interId\":13,\"interName\":\"用户登录\",\"method\":\"POST\",\"param\":\"[{\\\"value\\\": \\\"admin\\\", \\\"paramName\\\": \\\"username\\\"}, {\\\"value\\\": \\\"123456\\\", \\\"paramName\\\": \\\"password\\\"}]\",\"paramList\":[{\"paramName\":\"username\",\"value\":\"admin\"},{\"paramName\":\"password\",\"value\":\"123456\"}],\"paramType\":\"JSON\",\"params\":{},\"resBody\":\"{\\\"code\\\":1,\\\"msg\\\":null,\\\"data\\\":{\\\"id\\\":1,\\\"userName\\\":\\\"admin\\\",\\\"name\\\":\\\"管理员\\\",\\\"token\\\":\\\"eyJhbGciOiJIUzI1NiJ9.eyJlbXBJZCI6MSwiZXhwIjoxNzA2NjkxMzUyfQ.AQa3vKzWNgNqnERVhcG7zDJQ4KH93dmNM0miNu3pxmY\\\"}}\",\"resCode\":200,\"resultId\":32,\"userId\":1}', '{\"msg\":\"操作成功\",\"code\":200}', 0, NULL, '2024-01-31 14:55:53', 1199);
INSERT INTO `sys_oper_log` VALUES (390, '执行用例', 0, 'com.zou.system.controller.TestresultController.execute()', 'POST', 1, 'admin', '研发部门', '/system/testresult/execute', '127.0.0.1', '内网IP', '{\"caseName\":\"测试用户登录\",\"envirName\":\"苍穹外卖\",\"fullUrl\":\"http://localhost:8088/admin/employee/login\",\"header\":\"[]\",\"headerList\":[],\"interId\":13,\"interName\":\"用户登录\",\"method\":\"POST\",\"param\":\"[{\\\"value\\\": \\\"admin\\\", \\\"paramName\\\": \\\"username\\\"}, {\\\"value\\\": \\\"123456\\\", \\\"paramName\\\": \\\"password\\\"}]\",\"paramList\":[{\"paramName\":\"username\",\"value\":\"admin\"},{\"paramName\":\"password\",\"value\":\"123456\"}],\"paramType\":\"JSON\",\"params\":{},\"resBody\":\"{\\\"code\\\":1,\\\"msg\\\":null,\\\"data\\\":{\\\"id\\\":1,\\\"userName\\\":\\\"admin\\\",\\\"name\\\":\\\"管理员\\\",\\\"token\\\":\\\"eyJhbGciOiJIUzI1NiJ9.eyJlbXBJZCI6MSwiZXhwIjoxNzA2NjkxMzU4fQ.YbBYUsk4aQvIKpZz6iPHeWsq1AFEgAGgmPszj4yYfdQ\\\"}}\",\"resCode\":200,\"resultId\":33,\"userId\":1}', '{\"msg\":\"操作成功\",\"code\":200}', 0, NULL, '2024-01-31 14:55:58', 22);
INSERT INTO `sys_oper_log` VALUES (391, '执行用例', 0, 'com.zou.system.controller.TestresultController.execute()', 'POST', 1, 'admin', '研发部门', '/system/testresult/execute', '127.0.0.1', '内网IP', '{\"caseName\":\"测试用户登录\",\"envirName\":\"苍穹外卖\",\"fullUrl\":\"http://localhost:8088/admin/employee/login\",\"header\":\"[]\",\"headerList\":[],\"interId\":13,\"interName\":\"用户登录\",\"method\":\"POST\",\"param\":\"[{\\\"value\\\": \\\"admin\\\", \\\"paramName\\\": \\\"username\\\"}, {\\\"value\\\": \\\"123456\\\", \\\"paramName\\\": \\\"password\\\"}]\",\"paramList\":[{\"paramName\":\"username\",\"value\":\"admin\"},{\"paramName\":\"password\",\"value\":\"123456\"}],\"paramType\":\"JSON\",\"params\":{},\"resBody\":\"{\\\"code\\\":1,\\\"msg\\\":null,\\\"data\\\":{\\\"id\\\":1,\\\"userName\\\":\\\"admin\\\",\\\"name\\\":\\\"管理员\\\",\\\"token\\\":\\\"eyJhbGciOiJIUzI1NiJ9.eyJlbXBJZCI6MSwiZXhwIjoxNzA2NjkxMzYxfQ.TAO_HyIaCtMaJepLhFALpir1Nnve7h6afud1XVUlSME\\\"}}\",\"resCode\":200,\"resultId\":34,\"userId\":1}', '{\"msg\":\"操作成功\",\"code\":200}', 0, NULL, '2024-01-31 14:56:01', 19);
INSERT INTO `sys_oper_log` VALUES (392, '执行用例', 0, 'com.zou.system.controller.TestresultController.execute()', 'POST', 1, 'admin', '研发部门', '/system/testresult/execute', '127.0.0.1', '内网IP', '{\"caseName\":\"测试用户登录\",\"envirName\":\"苍穹外卖\",\"fullUrl\":\"http://localhost:8088/admin/employee/login\",\"header\":\"[]\",\"headerList\":[],\"interId\":13,\"interName\":\"用户登录\",\"method\":\"POST\",\"param\":\"[{\\\"value\\\": \\\"admin\\\", \\\"paramName\\\": \\\"username\\\"}, {\\\"value\\\": \\\"123456\\\", \\\"paramName\\\": \\\"password\\\"}]\",\"paramList\":[{\"paramName\":\"username\",\"value\":\"admin\"},{\"paramName\":\"password\",\"value\":\"123456\"}],\"paramType\":\"JSON\",\"params\":{},\"resBody\":\"{\\\"code\\\":1,\\\"msg\\\":null,\\\"data\\\":{\\\"id\\\":1,\\\"userName\\\":\\\"admin\\\",\\\"name\\\":\\\"管理员\\\",\\\"token\\\":\\\"eyJhbGciOiJIUzI1NiJ9.eyJlbXBJZCI6MSwiZXhwIjoxNzA2NjkxMzYzfQ.Q9RntfHB6KjWNjl7yg5Fxn6E_InE7uEcjm-DjoTfCMQ\\\"}}\",\"resCode\":200,\"resultId\":35,\"userId\":1}', '{\"msg\":\"操作成功\",\"code\":200}', 0, NULL, '2024-01-31 14:56:03', 23);
INSERT INTO `sys_oper_log` VALUES (393, '执行用例', 0, 'com.zou.system.controller.TestresultController.execute()', 'POST', 1, 'admin', '研发部门', '/system/testresult/execute', '127.0.0.1', '内网IP', '{\"caseName\":\"测试用户登录\",\"envirName\":\"苍穹外卖\",\"fullUrl\":\"http://localhost:8088/admin/employee/login\",\"header\":\"[]\",\"headerList\":[],\"interId\":13,\"interName\":\"用户登录\",\"method\":\"POST\",\"param\":\"[{\\\"value\\\": \\\"admin\\\", \\\"paramName\\\": \\\"username\\\"}, {\\\"value\\\": \\\"123456\\\", \\\"paramName\\\": \\\"password\\\"}]\",\"paramList\":[{\"paramName\":\"username\",\"value\":\"admin\"},{\"paramName\":\"password\",\"value\":\"123456\"}],\"paramType\":\"JSON\",\"params\":{},\"resBody\":\"{\\\"code\\\":1,\\\"msg\\\":null,\\\"data\\\":{\\\"id\\\":1,\\\"userName\\\":\\\"admin\\\",\\\"name\\\":\\\"管理员\\\",\\\"token\\\":\\\"eyJhbGciOiJIUzI1NiJ9.eyJlbXBJZCI6MSwiZXhwIjoxNzA2NjkxMzY0fQ.xZ2gUdRMOQjyiAgm2pbbcUEpgu_k-X-_6W9tB2zjC3Q\\\"}}\",\"resCode\":200,\"resultId\":36,\"userId\":1}', '{\"msg\":\"操作成功\",\"code\":200}', 0, NULL, '2024-01-31 14:56:04', 26);
INSERT INTO `sys_oper_log` VALUES (394, '执行用例', 0, 'com.zou.system.controller.TestresultController.execute()', 'POST', 1, 'admin', '研发部门', '/system/testresult/execute', '127.0.0.1', '内网IP', '{\"caseName\":\"测试用户登录\",\"envirName\":\"苍穹外卖\",\"fullUrl\":\"http://localhost:8088/admin/employee/login\",\"header\":\"[]\",\"headerList\":[],\"interId\":13,\"interName\":\"用户登录\",\"method\":\"POST\",\"param\":\"[{\\\"value\\\": \\\"admin\\\", \\\"paramName\\\": \\\"username\\\"}, {\\\"value\\\": \\\"123456\\\", \\\"paramName\\\": \\\"password\\\"}]\",\"paramList\":[{\"paramName\":\"username\",\"value\":\"admin\"},{\"paramName\":\"password\",\"value\":\"123456\"}],\"paramType\":\"JSON\",\"params\":{},\"resBody\":\"{\\\"code\\\":1,\\\"msg\\\":null,\\\"data\\\":{\\\"id\\\":1,\\\"userName\\\":\\\"admin\\\",\\\"name\\\":\\\"管理员\\\",\\\"token\\\":\\\"eyJhbGciOiJIUzI1NiJ9.eyJlbXBJZCI6MSwiZXhwIjoxNzA2NjkxMzg5fQ.0_Bd_IXro-EptHu_SnYFKlt4yL7As4JeUz_omVTDVOQ\\\"}}\",\"resCode\":200,\"resultId\":37,\"userId\":1}', '{\"msg\":\"操作成功\",\"code\":200}', 0, NULL, '2024-01-31 14:56:29', 25);
INSERT INTO `sys_oper_log` VALUES (395, '执行用例', 0, 'com.zou.system.controller.TestresultController.execute()', 'POST', 1, 'admin', '研发部门', '/system/testresult/execute', '127.0.0.1', '内网IP', '{\"caseName\":\"测试用户登录\",\"envirName\":\"苍穹外卖\",\"fullUrl\":\"http://localhost:8088/admin/employee/login\",\"header\":\"[]\",\"headerList\":[],\"interId\":13,\"interName\":\"用户登录\",\"method\":\"POST\",\"param\":\"[{\\\"value\\\": \\\"admin\\\", \\\"paramName\\\": \\\"username\\\"}, {\\\"value\\\": \\\"123456\\\", \\\"paramName\\\": \\\"password\\\"}]\",\"paramList\":[{\"paramName\":\"username\",\"value\":\"admin\"},{\"paramName\":\"password\",\"value\":\"123456\"}],\"paramType\":\"JSON\",\"params\":{},\"resBody\":\"{\\\"code\\\":1,\\\"msg\\\":null,\\\"data\\\":{\\\"id\\\":1,\\\"userName\\\":\\\"admin\\\",\\\"name\\\":\\\"管理员\\\",\\\"token\\\":\\\"eyJhbGciOiJIUzI1NiJ9.eyJlbXBJZCI6MSwiZXhwIjoxNzA2NjkxMzk3fQ.yNcy69voyMDHsdct5HUFzpf71p1Q0KdlpJtGnY8MpAg\\\"}}\",\"resCode\":200,\"resultId\":38,\"userId\":1}', '{\"msg\":\"操作成功\",\"code\":200}', 0, NULL, '2024-01-31 14:56:37', 27);

-- ----------------------------
-- Table structure for sys_post
-- ----------------------------
DROP TABLE IF EXISTS `sys_post`;
CREATE TABLE `sys_post`  (
  `post_id` bigint NOT NULL AUTO_INCREMENT COMMENT '岗位ID',
  `post_code` varchar(64) CHARACTER SET utf8mb4 COLLATE utf8mb4_0900_ai_ci NOT NULL COMMENT '岗位编码',
  `post_name` varchar(50) CHARACTER SET utf8mb4 COLLATE utf8mb4_0900_ai_ci NOT NULL COMMENT '岗位名称',
  `post_sort` int NOT NULL COMMENT '显示顺序',
  `status` char(1) CHARACTER SET utf8mb4 COLLATE utf8mb4_0900_ai_ci NOT NULL COMMENT '状态（0正常 1停用）',
  `create_by` varchar(64) CHARACTER SET utf8mb4 COLLATE utf8mb4_0900_ai_ci NULL DEFAULT '' COMMENT '创建者',
  `create_time` datetime NULL DEFAULT NULL COMMENT '创建时间',
  `update_by` varchar(64) CHARACTER SET utf8mb4 COLLATE utf8mb4_0900_ai_ci NULL DEFAULT '' COMMENT '更新者',
  `update_time` datetime NULL DEFAULT NULL COMMENT '更新时间',
  `remark` varchar(500) CHARACTER SET utf8mb4 COLLATE utf8mb4_0900_ai_ci NULL DEFAULT NULL COMMENT '备注',
  PRIMARY KEY (`post_id`) USING BTREE
) ENGINE = InnoDB AUTO_INCREMENT = 5 CHARACTER SET = utf8mb4 COLLATE = utf8mb4_0900_ai_ci COMMENT = '岗位信息表' ROW_FORMAT = Dynamic;

-- ----------------------------
-- Records of sys_post
-- ----------------------------
INSERT INTO `sys_post` VALUES (1, 'ceo', '董事长', 1, '0', 'admin', '2024-01-26 12:58:43', '', NULL, '');
INSERT INTO `sys_post` VALUES (2, 'se', '项目经理', 2, '0', 'admin', '2024-01-26 12:58:43', '', NULL, '');
INSERT INTO `sys_post` VALUES (3, 'hr', '人力资源', 3, '0', 'admin', '2024-01-26 12:58:43', '', NULL, '');
INSERT INTO `sys_post` VALUES (4, 'user', '普通员工', 4, '0', 'admin', '2024-01-26 12:58:43', '', NULL, '');

-- ----------------------------
-- Table structure for sys_role
-- ----------------------------
DROP TABLE IF EXISTS `sys_role`;
CREATE TABLE `sys_role`  (
  `role_id` bigint NOT NULL AUTO_INCREMENT COMMENT '角色ID',
  `role_name` varchar(30) CHARACTER SET utf8mb4 COLLATE utf8mb4_0900_ai_ci NOT NULL COMMENT '角色名称',
  `role_key` varchar(100) CHARACTER SET utf8mb4 COLLATE utf8mb4_0900_ai_ci NOT NULL COMMENT '角色权限字符串',
  `role_sort` int NOT NULL COMMENT '显示顺序',
  `data_scope` char(1) CHARACTER SET utf8mb4 COLLATE utf8mb4_0900_ai_ci NULL DEFAULT '1' COMMENT '数据范围（1：全部数据权限 2：自定数据权限 3：本部门数据权限 4：本部门及以下数据权限）',
  `menu_check_strictly` tinyint(1) NULL DEFAULT 1 COMMENT '菜单树选择项是否关联显示',
  `dept_check_strictly` tinyint(1) NULL DEFAULT 1 COMMENT '部门树选择项是否关联显示',
  `status` char(1) CHARACTER SET utf8mb4 COLLATE utf8mb4_0900_ai_ci NOT NULL COMMENT '角色状态（0正常 1停用）',
  `del_flag` char(1) CHARACTER SET utf8mb4 COLLATE utf8mb4_0900_ai_ci NULL DEFAULT '0' COMMENT '删除标志（0代表存在 2代表删除）',
  `create_by` varchar(64) CHARACTER SET utf8mb4 COLLATE utf8mb4_0900_ai_ci NULL DEFAULT '' COMMENT '创建者',
  `create_time` datetime NULL DEFAULT NULL COMMENT '创建时间',
  `update_by` varchar(64) CHARACTER SET utf8mb4 COLLATE utf8mb4_0900_ai_ci NULL DEFAULT '' COMMENT '更新者',
  `update_time` datetime NULL DEFAULT NULL COMMENT '更新时间',
  `remark` varchar(500) CHARACTER SET utf8mb4 COLLATE utf8mb4_0900_ai_ci NULL DEFAULT NULL COMMENT '备注',
  PRIMARY KEY (`role_id`) USING BTREE
) ENGINE = InnoDB AUTO_INCREMENT = 100 CHARACTER SET = utf8mb4 COLLATE = utf8mb4_0900_ai_ci COMMENT = '角色信息表' ROW_FORMAT = Dynamic;

-- ----------------------------
-- Records of sys_role
-- ----------------------------
INSERT INTO `sys_role` VALUES (1, '超级管理员', 'admin', 1, '1', 1, 1, '0', '0', 'admin', '2024-01-26 12:58:43', '', NULL, '超级管理员');
INSERT INTO `sys_role` VALUES (2, '普通角色', 'common', 2, '2', 1, 1, '0', '0', 'admin', '2024-01-26 12:58:43', 'admin', '2024-01-28 15:24:39', '普通角色');

-- ----------------------------
-- Table structure for sys_role_dept
-- ----------------------------
DROP TABLE IF EXISTS `sys_role_dept`;
CREATE TABLE `sys_role_dept`  (
  `role_id` bigint NOT NULL COMMENT '角色ID',
  `dept_id` bigint NOT NULL COMMENT '部门ID',
  PRIMARY KEY (`role_id`, `dept_id`) USING BTREE
) ENGINE = InnoDB CHARACTER SET = utf8mb4 COLLATE = utf8mb4_0900_ai_ci COMMENT = '角色和部门关联表' ROW_FORMAT = Dynamic;

-- ----------------------------
-- Records of sys_role_dept
-- ----------------------------
INSERT INTO `sys_role_dept` VALUES (2, 100);
INSERT INTO `sys_role_dept` VALUES (2, 101);
INSERT INTO `sys_role_dept` VALUES (2, 105);

-- ----------------------------
-- Table structure for sys_role_menu
-- ----------------------------
DROP TABLE IF EXISTS `sys_role_menu`;
CREATE TABLE `sys_role_menu`  (
  `role_id` bigint NOT NULL COMMENT '角色ID',
  `menu_id` bigint NOT NULL COMMENT '菜单ID',
  PRIMARY KEY (`role_id`, `menu_id`) USING BTREE
) ENGINE = InnoDB CHARACTER SET = utf8mb4 COLLATE = utf8mb4_0900_ai_ci COMMENT = '角色和菜单关联表' ROW_FORMAT = Dynamic;

-- ----------------------------
-- Records of sys_role_menu
-- ----------------------------
INSERT INTO `sys_role_menu` VALUES (2, 1);
INSERT INTO `sys_role_menu` VALUES (2, 2);
INSERT INTO `sys_role_menu` VALUES (2, 3);
INSERT INTO `sys_role_menu` VALUES (2, 4);
INSERT INTO `sys_role_menu` VALUES (2, 100);
INSERT INTO `sys_role_menu` VALUES (2, 101);
INSERT INTO `sys_role_menu` VALUES (2, 102);
INSERT INTO `sys_role_menu` VALUES (2, 103);
INSERT INTO `sys_role_menu` VALUES (2, 104);
INSERT INTO `sys_role_menu` VALUES (2, 105);
INSERT INTO `sys_role_menu` VALUES (2, 106);
INSERT INTO `sys_role_menu` VALUES (2, 107);
INSERT INTO `sys_role_menu` VALUES (2, 108);
INSERT INTO `sys_role_menu` VALUES (2, 109);
INSERT INTO `sys_role_menu` VALUES (2, 110);
INSERT INTO `sys_role_menu` VALUES (2, 111);
INSERT INTO `sys_role_menu` VALUES (2, 112);
INSERT INTO `sys_role_menu` VALUES (2, 113);
INSERT INTO `sys_role_menu` VALUES (2, 114);
INSERT INTO `sys_role_menu` VALUES (2, 115);
INSERT INTO `sys_role_menu` VALUES (2, 116);
INSERT INTO `sys_role_menu` VALUES (2, 117);
INSERT INTO `sys_role_menu` VALUES (2, 500);
INSERT INTO `sys_role_menu` VALUES (2, 501);
INSERT INTO `sys_role_menu` VALUES (2, 1000);
INSERT INTO `sys_role_menu` VALUES (2, 1001);
INSERT INTO `sys_role_menu` VALUES (2, 1002);
INSERT INTO `sys_role_menu` VALUES (2, 1003);
INSERT INTO `sys_role_menu` VALUES (2, 1004);
INSERT INTO `sys_role_menu` VALUES (2, 1005);
INSERT INTO `sys_role_menu` VALUES (2, 1006);
INSERT INTO `sys_role_menu` VALUES (2, 1007);
INSERT INTO `sys_role_menu` VALUES (2, 1008);
INSERT INTO `sys_role_menu` VALUES (2, 1009);
INSERT INTO `sys_role_menu` VALUES (2, 1010);
INSERT INTO `sys_role_menu` VALUES (2, 1011);
INSERT INTO `sys_role_menu` VALUES (2, 1012);
INSERT INTO `sys_role_menu` VALUES (2, 1013);
INSERT INTO `sys_role_menu` VALUES (2, 1014);
INSERT INTO `sys_role_menu` VALUES (2, 1015);
INSERT INTO `sys_role_menu` VALUES (2, 1016);
INSERT INTO `sys_role_menu` VALUES (2, 1017);
INSERT INTO `sys_role_menu` VALUES (2, 1018);
INSERT INTO `sys_role_menu` VALUES (2, 1019);
INSERT INTO `sys_role_menu` VALUES (2, 1020);
INSERT INTO `sys_role_menu` VALUES (2, 1021);
INSERT INTO `sys_role_menu` VALUES (2, 1022);
INSERT INTO `sys_role_menu` VALUES (2, 1023);
INSERT INTO `sys_role_menu` VALUES (2, 1024);
INSERT INTO `sys_role_menu` VALUES (2, 1025);
INSERT INTO `sys_role_menu` VALUES (2, 1026);
INSERT INTO `sys_role_menu` VALUES (2, 1027);
INSERT INTO `sys_role_menu` VALUES (2, 1028);
INSERT INTO `sys_role_menu` VALUES (2, 1029);
INSERT INTO `sys_role_menu` VALUES (2, 1030);
INSERT INTO `sys_role_menu` VALUES (2, 1031);
INSERT INTO `sys_role_menu` VALUES (2, 1032);
INSERT INTO `sys_role_menu` VALUES (2, 1033);
INSERT INTO `sys_role_menu` VALUES (2, 1034);
INSERT INTO `sys_role_menu` VALUES (2, 1035);
INSERT INTO `sys_role_menu` VALUES (2, 1036);
INSERT INTO `sys_role_menu` VALUES (2, 1037);
INSERT INTO `sys_role_menu` VALUES (2, 1038);
INSERT INTO `sys_role_menu` VALUES (2, 1039);
INSERT INTO `sys_role_menu` VALUES (2, 1040);
INSERT INTO `sys_role_menu` VALUES (2, 1041);
INSERT INTO `sys_role_menu` VALUES (2, 1042);
INSERT INTO `sys_role_menu` VALUES (2, 1043);
INSERT INTO `sys_role_menu` VALUES (2, 1044);
INSERT INTO `sys_role_menu` VALUES (2, 1045);
INSERT INTO `sys_role_menu` VALUES (2, 1046);
INSERT INTO `sys_role_menu` VALUES (2, 1047);
INSERT INTO `sys_role_menu` VALUES (2, 1048);
INSERT INTO `sys_role_menu` VALUES (2, 1049);
INSERT INTO `sys_role_menu` VALUES (2, 1050);
INSERT INTO `sys_role_menu` VALUES (2, 1051);
INSERT INTO `sys_role_menu` VALUES (2, 1052);
INSERT INTO `sys_role_menu` VALUES (2, 1053);
INSERT INTO `sys_role_menu` VALUES (2, 1054);
INSERT INTO `sys_role_menu` VALUES (2, 1055);
INSERT INTO `sys_role_menu` VALUES (2, 1056);
INSERT INTO `sys_role_menu` VALUES (2, 1057);
INSERT INTO `sys_role_menu` VALUES (2, 1058);
INSERT INTO `sys_role_menu` VALUES (2, 1059);
INSERT INTO `sys_role_menu` VALUES (2, 1060);
INSERT INTO `sys_role_menu` VALUES (2, 2019);
INSERT INTO `sys_role_menu` VALUES (2, 2020);
INSERT INTO `sys_role_menu` VALUES (2, 2021);
INSERT INTO `sys_role_menu` VALUES (2, 2022);
INSERT INTO `sys_role_menu` VALUES (2, 2023);
INSERT INTO `sys_role_menu` VALUES (2, 2024);
INSERT INTO `sys_role_menu` VALUES (2, 2025);
INSERT INTO `sys_role_menu` VALUES (2, 2026);
INSERT INTO `sys_role_menu` VALUES (2, 2027);
INSERT INTO `sys_role_menu` VALUES (2, 2028);
INSERT INTO `sys_role_menu` VALUES (2, 2029);
INSERT INTO `sys_role_menu` VALUES (2, 2030);
INSERT INTO `sys_role_menu` VALUES (2, 2031);
INSERT INTO `sys_role_menu` VALUES (2, 2032);
INSERT INTO `sys_role_menu` VALUES (2, 2033);
INSERT INTO `sys_role_menu` VALUES (2, 2034);
INSERT INTO `sys_role_menu` VALUES (2, 2035);
INSERT INTO `sys_role_menu` VALUES (2, 2036);
INSERT INTO `sys_role_menu` VALUES (2, 2037);
INSERT INTO `sys_role_menu` VALUES (2, 2038);
INSERT INTO `sys_role_menu` VALUES (2, 2039);
INSERT INTO `sys_role_menu` VALUES (2, 2040);
INSERT INTO `sys_role_menu` VALUES (2, 2041);

-- ----------------------------
-- Table structure for sys_user
-- ----------------------------
DROP TABLE IF EXISTS `sys_user`;
CREATE TABLE `sys_user`  (
  `user_id` bigint NOT NULL AUTO_INCREMENT COMMENT '用户ID',
  `dept_id` bigint NULL DEFAULT NULL COMMENT '部门ID',
  `user_name` varchar(30) CHARACTER SET utf8mb4 COLLATE utf8mb4_0900_ai_ci NOT NULL COMMENT '用户账号',
  `nick_name` varchar(30) CHARACTER SET utf8mb4 COLLATE utf8mb4_0900_ai_ci NOT NULL COMMENT '用户昵称',
  `user_type` varchar(2) CHARACTER SET utf8mb4 COLLATE utf8mb4_0900_ai_ci NULL DEFAULT '00' COMMENT '用户类型（00系统用户）',
  `email` varchar(50) CHARACTER SET utf8mb4 COLLATE utf8mb4_0900_ai_ci NULL DEFAULT '' COMMENT '用户邮箱',
  `phonenumber` varchar(11) CHARACTER SET utf8mb4 COLLATE utf8mb4_0900_ai_ci NULL DEFAULT '' COMMENT '手机号码',
  `sex` char(1) CHARACTER SET utf8mb4 COLLATE utf8mb4_0900_ai_ci NULL DEFAULT '0' COMMENT '用户性别（0男 1女 2未知）',
  `avatar` varchar(100) CHARACTER SET utf8mb4 COLLATE utf8mb4_0900_ai_ci NULL DEFAULT '' COMMENT '头像地址',
  `password` varchar(100) CHARACTER SET utf8mb4 COLLATE utf8mb4_0900_ai_ci NULL DEFAULT '' COMMENT '密码',
  `status` char(1) CHARACTER SET utf8mb4 COLLATE utf8mb4_0900_ai_ci NULL DEFAULT '0' COMMENT '帐号状态（0正常 1停用）',
  `del_flag` char(1) CHARACTER SET utf8mb4 COLLATE utf8mb4_0900_ai_ci NULL DEFAULT '0' COMMENT '删除标志（0代表存在 2代表删除）',
  `login_ip` varchar(128) CHARACTER SET utf8mb4 COLLATE utf8mb4_0900_ai_ci NULL DEFAULT '' COMMENT '最后登录IP',
  `login_date` datetime NULL DEFAULT NULL COMMENT '最后登录时间',
  `create_by` varchar(64) CHARACTER SET utf8mb4 COLLATE utf8mb4_0900_ai_ci NULL DEFAULT '' COMMENT '创建者',
  `create_time` datetime NULL DEFAULT NULL COMMENT '创建时间',
  `update_by` varchar(64) CHARACTER SET utf8mb4 COLLATE utf8mb4_0900_ai_ci NULL DEFAULT '' COMMENT '更新者',
  `update_time` datetime NULL DEFAULT NULL COMMENT '更新时间',
  `remark` varchar(500) CHARACTER SET utf8mb4 COLLATE utf8mb4_0900_ai_ci NULL DEFAULT NULL COMMENT '备注',
  PRIMARY KEY (`user_id`) USING BTREE
) ENGINE = InnoDB AUTO_INCREMENT = 100 CHARACTER SET = utf8mb4 COLLATE = utf8mb4_0900_ai_ci COMMENT = '用户信息表' ROW_FORMAT = Dynamic;

-- ----------------------------
-- Records of sys_user
-- ----------------------------
INSERT INTO `sys_user` VALUES (1, 103, 'admin', '管理员', '00', '123@113.com', '18899991111', '0', '', '$2a$10$7JB720yubVSZvUI0rEqK/.VqGOZTH.ulu33dHOiBE8ByOhJIrdAu2', '0', '0', '127.0.0.1', '2024-01-31 13:57:58', 'admin', '2024-01-26 12:58:43', '', '2024-01-31 13:57:58', '管理员');
INSERT INTO `sys_user` VALUES (2, 105, 'test1', '测试人员1', '00', 'test@test.com', '15666666666', '1', '', '$2a$10$17r7rRWbAWtT4WEduOU3eODJJ0HLYmS9ei4w/brraKrjgjj0CW6U.', '0', '0', '127.0.0.1', '2024-01-28 15:24:52', 'admin', '2024-01-26 12:58:43', 'admin', '2024-01-28 15:24:51', '测试员');

-- ----------------------------
-- Table structure for sys_user_post
-- ----------------------------
DROP TABLE IF EXISTS `sys_user_post`;
CREATE TABLE `sys_user_post`  (
  `user_id` bigint NOT NULL COMMENT '用户ID',
  `post_id` bigint NOT NULL COMMENT '岗位ID',
  PRIMARY KEY (`user_id`, `post_id`) USING BTREE
) ENGINE = InnoDB CHARACTER SET = utf8mb4 COLLATE = utf8mb4_0900_ai_ci COMMENT = '用户与岗位关联表' ROW_FORMAT = Dynamic;

-- ----------------------------
-- Records of sys_user_post
-- ----------------------------
INSERT INTO `sys_user_post` VALUES (1, 1);
INSERT INTO `sys_user_post` VALUES (2, 2);

-- ----------------------------
-- Table structure for sys_user_role
-- ----------------------------
DROP TABLE IF EXISTS `sys_user_role`;
CREATE TABLE `sys_user_role`  (
  `user_id` bigint NOT NULL COMMENT '用户ID',
  `role_id` bigint NOT NULL COMMENT '角色ID',
  PRIMARY KEY (`user_id`, `role_id`) USING BTREE
) ENGINE = InnoDB CHARACTER SET = utf8mb4 COLLATE = utf8mb4_0900_ai_ci COMMENT = '用户和角色关联表' ROW_FORMAT = Dynamic;

-- ----------------------------
-- Records of sys_user_role
-- ----------------------------
INSERT INTO `sys_user_role` VALUES (1, 1);
INSERT INTO `sys_user_role` VALUES (2, 2);

-- ----------------------------
-- Table structure for testresult
-- ----------------------------
DROP TABLE IF EXISTS `testresult`;
CREATE TABLE `testresult`  (
  `resultId` int NOT NULL AUTO_INCREMENT COMMENT '结果ID',
  `caseName` varchar(255) CHARACTER SET utf8mb4 COLLATE utf8mb4_0900_ai_ci NULL DEFAULT NULL,
  `interName` varchar(255) CHARACTER SET utf8mb4 COLLATE utf8mb4_0900_ai_ci NULL DEFAULT NULL COMMENT '接口名称',
  `fullUrl` varchar(300) CHARACTER SET utf8mb4 COLLATE utf8mb4_0900_ai_ci NULL DEFAULT NULL COMMENT '请求地址',
  `method` varchar(255) CHARACTER SET utf8mb4 COLLATE utf8mb4_0900_ai_ci NULL DEFAULT NULL COMMENT '请求方式',
  `paramType` varchar(255) CHARACTER SET utf8mb4 COLLATE utf8mb4_0900_ai_ci NULL DEFAULT NULL COMMENT '参数类型',
  `envirName` varchar(255) CHARACTER SET utf8mb4 COLLATE utf8mb4_0900_ai_ci NULL DEFAULT NULL COMMENT '环境名称',
  `testComment` varchar(300) CHARACTER SET utf8mb4 COLLATE utf8mb4_0900_ai_ci NULL DEFAULT NULL COMMENT '备注',
  `header` json NULL COMMENT '请求头信息',
  `param` json NULL COMMENT '请求参数信息',
  `resCode` int NULL DEFAULT NULL COMMENT '响应码',
  `resBody` varchar(10000) CHARACTER SET utf8mb4 COLLATE utf8mb4_0900_ai_ci NULL DEFAULT NULL COMMENT '响应内容',
  `testTime` timestamp NULL DEFAULT CURRENT_TIMESTAMP COMMENT '测试时间',
  `user_id` int NULL DEFAULT NULL COMMENT '用户id',
  PRIMARY KEY (`resultId`) USING BTREE
) ENGINE = InnoDB AUTO_INCREMENT = 39 CHARACTER SET = utf8mb4 COLLATE = utf8mb4_0900_ai_ci ROW_FORMAT = Dynamic;

-- ----------------------------
-- Records of testresult
-- ----------------------------
INSERT INTO `testresult` VALUES (6, NULL, NULL, NULL, NULL, NULL, NULL, NULL, NULL, NULL, NULL, NULL, '2024-01-30 10:22:32', 1);
INSERT INTO `testresult` VALUES (7, NULL, NULL, NULL, NULL, NULL, NULL, NULL, NULL, NULL, NULL, NULL, '2024-01-30 10:24:58', 1);
INSERT INTO `testresult` VALUES (8, 'string', 'string', 'http://localhost:8088/admin/employee/login', 'POST', 'JSON', 'string', 'string', NULL, NULL, 200, '{\"code\":1,\"msg\":null,\"data\":{\"id\":1,\"userName\":\"admin\",\"name\":\"管理员\",\"token\":\"eyJhbGciOiJIUzI1NiJ9.eyJlbXBJZCI6MSwiZXhwIjoxNzA2NjA3NzcyfQ.bbOD74o92Fiso2rL1HPuW1i78b0RbcyIVzeRl7laTS0\"}}', '2024-01-30 15:42:53', 1);
INSERT INTO `testresult` VALUES (9, 'string', 'string', 'http://localhost:8088/admin/employee/login', 'POST', 'JSON', 'string', 'string', NULL, NULL, 200, '{\"code\":1,\"msg\":null,\"data\":{\"id\":1,\"userName\":\"admin\",\"name\":\"管理员\",\"token\":\"eyJhbGciOiJIUzI1NiJ9.eyJlbXBJZCI6MSwiZXhwIjoxNzA2NjA4NjE4fQ.--4YBA9eDxqcWwlrbIEV0e39LmGN0LlPRRyb0mSkDWw\"}}', '2024-01-30 15:56:59', 1);
INSERT INTO `testresult` VALUES (10, 'string', 'string', 'http://localhost:8088/admin/employee/page', 'POST', 'URL', 'string', 'string', NULL, NULL, 405, '{\"timestamp\":1706601697856,\"status\":405,\"error\":\"Method Not Allowed\",\"path\":\"/admin/employee/page\"}', '2024-01-30 16:01:37', 1);
INSERT INTO `testresult` VALUES (12, 'string', 'string', 'http://localhost:8088/admin/employee/page', 'POST', 'URL', 'string', 'string', NULL, NULL, 405, '{\"timestamp\":1706601805598,\"status\":405,\"error\":\"Method Not Allowed\",\"path\":\"/admin/employee/page\"}', '2024-01-30 16:03:25', 1);
INSERT INTO `testresult` VALUES (13, 'string', 'string', 'http://localhost:8088/admin/employee/page', 'GET', 'URL', 'string', 'string', NULL, NULL, 200, '{\"code\":1,\"msg\":null,\"data\":{\"total\":4,\"records\":[{\"id\":6,\"username\":\"qwrqwe\",\"name\":\"qwe\",\"password\":\"e10adc3949ba59abbe56e057f20f883e\",\"phone\":\"18979961517\",\"sex\":\"1\",\"idNumber\":\"123412341234123412\",\"status\":1,\"createTime\":\"2023-09-05 08:09\",\"updateTime\":\"2023-09-06 08:43\",\"createUser\":1,\"updateUser\":1},{\"id\":3,\"username\":\"test2\",\"name\":\"测试员工2\",\"password\":\"e10adc3949ba59abbe56e057f20f883e\",\"phone\":\"18979961518\",\"sex\":\"1\",\"idNumber\":\"360311200208251627\",\"status\":1,\"createTime\":\"2023-09-05 07:52\",\"updateTime\":\"2023-09-06 08:42\",\"createUser\":10,\"updateUser\":1},{\"id\":2,\"username\":\"test\",\"name\":\"测试员工\",\"password\":\"e10adc3949ba59abbe56e057f20f883e\",\"phone\":\"18979961517\",\"sex\":\"0\",\"idNumber\":\"123412341234123412\",\"status\":1,\"createTime\":\"2023-09-05 07:49\",\"updateTime\":\"2023-09-06 08:43\",\"createUser\":10,\"updateUser\":1},{\"id\":1,\"username\":\"admin\",\"name\":\"管理员\",\"password\":\"e10adc3949ba59abbe56e057f20f883e\",\"phone\":\"13812312312\",\"sex\":\"1\",\"idNumber\":\"110101199001010047\",\"status\":1,\"createTime\":\"2022-02-15 15:51\",\"updateTime\":\"2022-02-17 09:16\",\"createUser\":10,\"updateUser\":1}]}}', '2024-01-30 16:11:49', 1);
INSERT INTO `testresult` VALUES (14, 'string', 'string', 'http://localhost:8088/user/addressBook/6', 'DELETE', 'URL', 'string', 'string', NULL, NULL, 405, '{\"timestamp\":1706602825645,\"status\":405,\"error\":\"Method Not Allowed\",\"path\":\"/user/addressBook/6\"}', '2024-01-30 16:20:53', 1);
INSERT INTO `testresult` VALUES (16, '测试用户登录', '用户登录', 'http://localhost:8088/admin/employee/login', 'POST', 'JSON', '苍穹外卖', NULL, '[]', '[{\"value\": \"admin\", \"paramName\": \"username\"}, {\"value\": \"123456\", \"paramName\": \"password\"}]', 200, '{\"code\":1,\"msg\":null,\"data\":{\"id\":1,\"userName\":\"admin\",\"name\":\"管理员\",\"token\":\"eyJhbGciOiJIUzI1NiJ9.eyJlbXBJZCI6MSwiZXhwIjoxNzA2Njc3NzkxfQ.AzoCHwKXgsvb94qhKGPuul0oMrQQyUJCAbpcaSdhfss\"}}', '2024-01-31 11:09:52', 1);
INSERT INTO `testresult` VALUES (17, '测试用户登录', '用户登录', 'http://localhost:8088/admin/employee/login', 'POST', 'JSON', '苍穹外卖', NULL, '[]', '[{\"value\": \"admin\", \"paramName\": \"username\"}, {\"value\": \"123456\", \"paramName\": \"password\"}]', 200, '{\"code\":1,\"msg\":null,\"data\":{\"id\":1,\"userName\":\"admin\",\"name\":\"管理员\",\"token\":\"eyJhbGciOiJIUzI1NiJ9.eyJlbXBJZCI6MSwiZXhwIjoxNzA2Njc3ODQwfQ.T4Z_LQMAP53HDuh085kkf5mDI96gHg3rU5jjeG8sGes\"}}', '2024-01-31 11:10:40', 1);
INSERT INTO `testresult` VALUES (18, '测试用户登录', '用户登录', 'http://localhost:8088/admin/employee/login', 'POST', 'JSON', '苍穹外卖', NULL, '[]', '[{\"value\": \"admin\", \"paramName\": \"username\"}, {\"value\": \"123456\", \"paramName\": \"password\"}]', 200, '{\"code\":1,\"msg\":null,\"data\":{\"id\":1,\"userName\":\"admin\",\"name\":\"管理员\",\"token\":\"eyJhbGciOiJIUzI1NiJ9.eyJlbXBJZCI6MSwiZXhwIjoxNzA2NjgwNDAwfQ.kTIlqNTNevVdIHiKJtu8Le9B_jpCmPPjMGcCKMgHEuY\"}}', '2024-01-31 11:53:20', 1);
INSERT INTO `testresult` VALUES (21, '测试查询用户列表', '查询用户列表', 'http://localhost:8088/admin/employee/page', 'GET', 'URL', '苍穹外卖', NULL, '[{\"value\": \"eyJhbGciOiJIUzI1NiJ9.eyJlbXBJZCI6MSwiZXhwIjoxNzA2NjgwNDAwfQ.kTIlqNTNevVdIHiKJtu8Le9B_jpCmPPjMGcCKMgHEuY\", \"paramName\": \"token\"}]', '[{\"value\": \"1\", \"paramName\": \"page\"}, {\"value\": \"2\", \"paramName\": \"pageSize\"}]', 200, '{\"code\":1,\"msg\":null,\"data\":{\"total\":4,\"records\":[{\"id\":6,\"username\":\"qwrqwe\",\"name\":\"qwe\",\"password\":\"e10adc3949ba59abbe56e057f20f883e\",\"phone\":\"18979961517\",\"sex\":\"1\",\"idNumber\":\"123412341234123412\",\"status\":1,\"createTime\":\"2023-09-05 08:09\",\"updateTime\":\"2023-09-06 08:43\",\"createUser\":1,\"updateUser\":1},{\"id\":3,\"username\":\"test2\",\"name\":\"测试员工2\",\"password\":\"e10adc3949ba59abbe56e057f20f883e\",\"phone\":\"18979961518\",\"sex\":\"1\",\"idNumber\":\"360311200208251627\",\"status\":1,\"createTime\":\"2023-09-05 07:52\",\"updateTime\":\"2023-09-06 08:42\",\"createUser\":10,\"updateUser\":1}]}}', '2024-01-31 11:56:06', 1);
INSERT INTO `testresult` VALUES (22, '测试查询用户列表', '查询用户列表', 'http://localhost:8088/admin/employee/page', 'GET', 'URL', '苍穹外卖', NULL, '[{\"value\": \"eyJhbGciOiJIUzI1NiJ9.eyJlbXBJZCI6MSwiZXhwIjoxNzA2NjgwNDAwfQ.kTIlqNTNevVdIHiKJtu8Le9B_jpCmPPjMGcCKMgHEuY\", \"paramName\": \"token\"}]', '[{\"value\": \"1\", \"paramName\": \"page\"}, {\"value\": \"1\", \"paramName\": \"pageSize\"}]', 200, '{\"code\":1,\"msg\":null,\"data\":{\"total\":4,\"records\":[{\"id\":6,\"username\":\"qwrqwe\",\"name\":\"qwe\",\"password\":\"e10adc3949ba59abbe56e057f20f883e\",\"phone\":\"18979961517\",\"sex\":\"1\",\"idNumber\":\"123412341234123412\",\"status\":1,\"createTime\":\"2023-09-05 08:09\",\"updateTime\":\"2023-09-06 08:43\",\"createUser\":1,\"updateUser\":1}]}}', '2024-01-31 11:56:21', 1);
INSERT INTO `testresult` VALUES (23, '测试新增地址', '新增地址', 'http://localhost:8088/user/addressBook', 'POST', 'JSON', '苍穹外卖', NULL, '[{\"value\": \"eyJhbGciOiJIUzI1NiJ9.eyJlbXBJZCI6MSwiZXhwIjoxNzA2NjgwNDAwfQ.kTIlqNTNevVdIHiKJtu8Le9B_jpCmPPjMGcCKMgHEuY\", \"paramName\": \"token\"}]', '[{\"value\": \"江西\", \"paramName\": \"detail\"}, {\"value\": \"1234\", \"paramName\": \"phone\"}, {\"value\": \"男\", \"paramName\": \"sex\"}]', 401, '', '2024-01-31 11:59:57', 1);
INSERT INTO `testresult` VALUES (24, '测试查询用户列表', '查询用户列表', 'http://localhost:8088/admin/employee/page', 'GET', 'URL', '苍穹外卖', NULL, '[{\"value\": \"eyJhbGciOiJIUzI1NiJ9.eyJlbXBJZCI6MSwiZXhwIjoxNzA2NjgwNDAwfQ.kTIlqNTNevVdIHiKJtu8Le9B_jpCmPPjMGcCKMgHEuY\", \"paramName\": \"token\"}]', '[{\"value\": \"1\", \"paramName\": \"page\"}, {\"value\": \"1\", \"paramName\": \"pageSize\"}]', 200, '{\"code\":1,\"msg\":null,\"data\":{\"total\":4,\"records\":[{\"id\":6,\"username\":\"qwrqwe\",\"name\":\"qwe\",\"password\":\"e10adc3949ba59abbe56e057f20f883e\",\"phone\":\"18979961517\",\"sex\":\"1\",\"idNumber\":\"123412341234123412\",\"status\":1,\"createTime\":\"2023-09-05 08:09\",\"updateTime\":\"2023-09-06 08:43\",\"createUser\":1,\"updateUser\":1}]}}', '2024-01-31 12:02:02', 1);
INSERT INTO `testresult` VALUES (25, '测试新增地址', '新增地址', 'http://localhost:8088/user/addressBook', 'POST', 'JSON', '苍穹外卖', NULL, '[{\"value\": \"eyJhbGciOiJIUzI1NiJ9.eyJlbXBJZCI6MSwiZXhwIjoxNzA2NjgwNDAwfQ.kTIlqNTNevVdIHiKJtu8Le9B_jpCmPPjMGcCKMgHEuY\", \"paramName\": \"token\"}]', '[{\"value\": \"江西\", \"paramName\": \"detail\"}, {\"value\": \"1234\", \"paramName\": \"phone\"}, {\"value\": \"男\", \"paramName\": \"sex\"}]', 200, '{\"code\":0,\"msg\":\"未知错误\",\"data\":null}', '2024-01-31 12:08:08', 1);
INSERT INTO `testresult` VALUES (26, '测试新增地址', '新增地址', 'http://localhost:8088/user/addressBook', 'POST', 'JSON', '苍穹外卖', NULL, '[{\"value\": \"eyJhbGciOiJIUzI1NiJ9.eyJlbXBJZCI6MSwiZXhwIjoxNzA2NjgwNDAwfQ.kTIlqNTNevVdIHiKJtu8Le9B_jpCmPPjMGcCKMgHEuY\", \"paramName\": \"token\"}]', '[{\"value\": \"江西\", \"paramName\": \"detail\"}, {\"value\": \"1234\", \"paramName\": \"phone\"}, {\"value\": \"男\", \"paramName\": \"sex\"}]', 200, '{\"code\":0,\"msg\":\"未知错误\",\"data\":null}', '2024-01-31 12:11:46', 1);
INSERT INTO `testresult` VALUES (27, '测试新增地址', '新增地址', 'http://localhost:8088/user/addressBook', 'POST', 'JSON', '苍穹外卖', NULL, '[{\"value\": \"eyJhbGciOiJIUzI1NiJ9.eyJlbXBJZCI6MSwiZXhwIjoxNzA2NjgwNDAwfQ.kTIlqNTNevVdIHiKJtu8Le9B_jpCmPPjMGcCKMgHEuY\", \"paramName\": \"token\"}]', '[{\"value\": \"江西\", \"paramName\": \"detail\"}, {\"value\": \"1234\", \"paramName\": \"phone\"}, {\"value\": \"男\", \"paramName\": \"sex\"}, {\"value\": \"1\", \"paramName\": \"user_id\"}]', 200, '{\"code\":0,\"msg\":\"未知错误\",\"data\":null}', '2024-01-31 12:13:03', 1);
INSERT INTO `testresult` VALUES (28, '测试新增地址', '新增地址', 'http://localhost:8088/user/addressBook', 'POST', 'JSON', '苍穹外卖', NULL, '[{\"value\": \"eyJhbGciOiJIUzI1NiJ9.eyJlbXBJZCI6MSwiZXhwIjoxNzA2NjgwNDAwfQ.kTIlqNTNevVdIHiKJtu8Le9B_jpCmPPjMGcCKMgHEuY\", \"paramName\": \"token\"}]', '[{\"value\": \"江西\", \"paramName\": \"detail\"}, {\"value\": \"1234\", \"paramName\": \"phone\"}, {\"value\": \"男\", \"paramName\": \"sex\"}, {\"value\": \"1\", \"paramName\": \"user_id\"}]', 200, '{\"code\":0,\"msg\":\"未知错误\",\"data\":null}', '2024-01-31 12:13:54', 1);
INSERT INTO `testresult` VALUES (29, '测试新增地址', '新增地址', 'http://localhost:8088/user/addressBook', 'POST', 'JSON', '苍穹外卖', NULL, '[{\"value\": \"eyJhbGciOiJIUzI1NiJ9.eyJlbXBJZCI6MSwiZXhwIjoxNzA2NjgwNDAwfQ.kTIlqNTNevVdIHiKJtu8Le9B_jpCmPPjMGcCKMgHEuY\", \"paramName\": \"token\"}]', '[{\"value\": \"江西\", \"paramName\": \"detail\"}, {\"value\": \"1234\", \"paramName\": \"phone\"}, {\"value\": \"男\", \"paramName\": \"sex\"}, {\"value\": \"1\", \"paramName\": \"userId\"}]', 200, '{\"code\":1,\"msg\":null,\"data\":null}', '2024-01-31 12:14:36', 1);
INSERT INTO `testresult` VALUES (30, '测试修改地址', '根据id修改地址', 'http://localhost:8088/user/addressBook', 'PUT', 'JSON', '苍穹外卖', NULL, '[]', '[{\"value\": \"湖南\", \"paramName\": \"detail\"}, {\"value\": \"7\", \"paramName\": \"id\"}, {\"value\": \"5678\", \"paramName\": \"phone\"}, {\"value\": \"女\", \"paramName\": \"sex\"}]', 200, '{\"code\":1,\"msg\":null,\"data\":null}', '2024-01-31 12:17:30', 1);
INSERT INTO `testresult` VALUES (31, '测试删除地址', '根据id删除地址', 'http://localhost:8088/user/addressBook', 'DELETE', 'URL', '苍穹外卖', NULL, '[]', '[{\"value\": \"7\", \"paramName\": \"id\"}]', 200, '{\"code\":1,\"msg\":null,\"data\":null}', '2024-01-31 12:18:32', 1);
INSERT INTO `testresult` VALUES (32, '测试用户登录', '用户登录', 'http://localhost:8088/admin/employee/login', 'POST', 'JSON', '苍穹外卖', NULL, '[]', '[{\"value\": \"admin\", \"paramName\": \"username\"}, {\"value\": \"123456\", \"paramName\": \"password\"}]', 200, '{\"code\":1,\"msg\":null,\"data\":{\"id\":1,\"userName\":\"admin\",\"name\":\"管理员\",\"token\":\"eyJhbGciOiJIUzI1NiJ9.eyJlbXBJZCI6MSwiZXhwIjoxNzA2NjkxMzUyfQ.AQa3vKzWNgNqnERVhcG7zDJQ4KH93dmNM0miNu3pxmY\"}}', '2024-01-31 14:55:53', 1);
INSERT INTO `testresult` VALUES (33, '测试用户登录', '用户登录', 'http://localhost:8088/admin/employee/login', 'POST', 'JSON', '苍穹外卖', NULL, '[]', '[{\"value\": \"admin\", \"paramName\": \"username\"}, {\"value\": \"123456\", \"paramName\": \"password\"}]', 200, '{\"code\":1,\"msg\":null,\"data\":{\"id\":1,\"userName\":\"admin\",\"name\":\"管理员\",\"token\":\"eyJhbGciOiJIUzI1NiJ9.eyJlbXBJZCI6MSwiZXhwIjoxNzA2NjkxMzU4fQ.YbBYUsk4aQvIKpZz6iPHeWsq1AFEgAGgmPszj4yYfdQ\"}}', '2024-01-31 14:55:58', 1);
INSERT INTO `testresult` VALUES (34, '测试用户登录', '用户登录', 'http://localhost:8088/admin/employee/login', 'POST', 'JSON', '苍穹外卖', NULL, '[]', '[{\"value\": \"admin\", \"paramName\": \"username\"}, {\"value\": \"123456\", \"paramName\": \"password\"}]', 200, '{\"code\":1,\"msg\":null,\"data\":{\"id\":1,\"userName\":\"admin\",\"name\":\"管理员\",\"token\":\"eyJhbGciOiJIUzI1NiJ9.eyJlbXBJZCI6MSwiZXhwIjoxNzA2NjkxMzYxfQ.TAO_HyIaCtMaJepLhFALpir1Nnve7h6afud1XVUlSME\"}}', '2024-01-31 14:56:01', 1);
INSERT INTO `testresult` VALUES (35, '测试用户登录', '用户登录', 'http://localhost:8088/admin/employee/login', 'POST', 'JSON', '苍穹外卖', NULL, '[]', '[{\"value\": \"admin\", \"paramName\": \"username\"}, {\"value\": \"123456\", \"paramName\": \"password\"}]', 200, '{\"code\":1,\"msg\":null,\"data\":{\"id\":1,\"userName\":\"admin\",\"name\":\"管理员\",\"token\":\"eyJhbGciOiJIUzI1NiJ9.eyJlbXBJZCI6MSwiZXhwIjoxNzA2NjkxMzYzfQ.Q9RntfHB6KjWNjl7yg5Fxn6E_InE7uEcjm-DjoTfCMQ\"}}', '2024-01-31 14:56:03', 1);
INSERT INTO `testresult` VALUES (36, '测试用户登录', '用户登录', 'http://localhost:8088/admin/employee/login', 'POST', 'JSON', '苍穹外卖', NULL, '[]', '[{\"value\": \"admin\", \"paramName\": \"username\"}, {\"value\": \"123456\", \"paramName\": \"password\"}]', 200, '{\"code\":1,\"msg\":null,\"data\":{\"id\":1,\"userName\":\"admin\",\"name\":\"管理员\",\"token\":\"eyJhbGciOiJIUzI1NiJ9.eyJlbXBJZCI6MSwiZXhwIjoxNzA2NjkxMzY0fQ.xZ2gUdRMOQjyiAgm2pbbcUEpgu_k-X-_6W9tB2zjC3Q\"}}', '2024-01-31 14:56:04', 1);
INSERT INTO `testresult` VALUES (37, '测试用户登录', '用户登录', 'http://localhost:8088/admin/employee/login', 'POST', 'JSON', '苍穹外卖', NULL, '[]', '[{\"value\": \"admin\", \"paramName\": \"username\"}, {\"value\": \"123456\", \"paramName\": \"password\"}]', 200, '{\"code\":1,\"msg\":null,\"data\":{\"id\":1,\"userName\":\"admin\",\"name\":\"管理员\",\"token\":\"eyJhbGciOiJIUzI1NiJ9.eyJlbXBJZCI6MSwiZXhwIjoxNzA2NjkxMzg5fQ.0_Bd_IXro-EptHu_SnYFKlt4yL7As4JeUz_omVTDVOQ\"}}', '2024-01-31 14:56:29', 1);
INSERT INTO `testresult` VALUES (38, '测试用户登录', '用户登录', 'http://localhost:8088/admin/employee/login', 'POST', 'JSON', '苍穹外卖', NULL, '[]', '[{\"value\": \"admin\", \"paramName\": \"username\"}, {\"value\": \"123456\", \"paramName\": \"password\"}]', 200, '{\"code\":1,\"msg\":null,\"data\":{\"id\":1,\"userName\":\"admin\",\"name\":\"管理员\",\"token\":\"eyJhbGciOiJIUzI1NiJ9.eyJlbXBJZCI6MSwiZXhwIjoxNzA2NjkxMzk3fQ.yNcy69voyMDHsdct5HUFzpf71p1Q0KdlpJtGnY8MpAg\"}}', '2024-01-31 14:56:37', 1);

SET FOREIGN_KEY_CHECKS = 1;
